device,gpu_name,proj,distribution,num_gemms,tokens_per_expert,total_tokens,hidden,ffn,in_features,out_features,dtype,n_flops,fwd_ms,bwd_ms,fwd_bwd_ms,fwd_tflops,bwd_tflops,fwd_util_pct,bwd_util_pct,kernel_name,m_splits_repr,te_version,status
b200,NVIDIA B200,fc1,balanced,4,64,256,1024,1280,1024,2560,bf16,1342177280.0,0.12706303596496582,0.4432633495330811,0.5703263854980469,10.563082093914936,6.055891069784159,0.4694703152851083,0.26915071421262926,nvjet_tst_24x64_64x16_4x1_v_bz_TNN,"[64, 64, 64, 64]",2.4.90,OK
b200,NVIDIA B200,fc1,skewed,4,64,256,1024,1280,1024,2560,bf16,1342177280.0,0.13901951789855957,0.49444479942321773,0.6334643173217773,9.65459598974704,5.429027796695136,0.42909315509986845,0.2412901242975616,nvjet_tst_64x16_64x16_2x1_2cta_v_bz_TNT,"[128, 42, 42, 44]",2.4.90,OK
b200,NVIDIA B200,fc2,balanced,4,64,256,1024,1280,1280,1024,bf16,671088640.0,0.13384767532348632,0.48730497360229497,0.6211526489257813,5.013823649742863,2.754286027655842,0.22283660665523838,0.12241271234025966,nvjet_tst_64x8_64x16_1x4_h_bz_TNT,"[64, 64, 64, 64]",2.4.90,OK
b200,NVIDIA B200,fc2,skewed,4,64,256,1024,1280,1280,1024,bf16,671088640.0,0.13575103759765625,0.48343040466308596,0.6191814422607422,4.943524940037633,2.7763609136984155,0.2197122195572281,0.12339381838659624,nvjet_tst_8x64_64x16_4x1_v_bz_TNN,"[128, 42, 42, 44]",2.4.90,OK
b200,NVIDIA B200,fc1,balanced,4,64,256,2048,1280,2048,2560,bf16,2684354560.0,0.13464320182800293,0.4857516956329345,0.6203948974609375,19.936799805378005,11.052373400373973,0.8860799913501335,0.4912165955721766,nvjet_tst_64x32_64x16_2x2_2cta_h_bz_TNT,"[64, 64, 64, 64]",2.4.90,OK
b200,NVIDIA B200,fc1,skewed,4,64,256,2048,1280,2048,2560,bf16,2684354560.0,0.138088960647583,0.4921619319915771,0.6302508926391601,19.43931323265402,10.908420117490682,0.8639694770068453,0.4848186718884748,nvjet_tst_64x16_64x16_2x1_2cta_v_bz_TNT,"[128, 42, 42, 44]",2.4.90,OK
b200,NVIDIA B200,fc2,balanced,4,64,256,2048,1280,1280,2048,bf16,1342177280.0,0.1362387180328369,0.48904833793640134,0.6252870559692383,9.851658173093655,5.488935043368022,0.43785147435971805,0.24395266859413428,nvjet_tst_64x16_64x16_2x2_2cta_h_bz_TNT,"[64, 64, 64, 64]",2.4.90,OK
b200,NVIDIA B200,fc2,skewed,4,64,256,2048,1280,1280,2048,bf16,1342177280.0,0.13576000213623046,0.48670143127441406,0.6224614334106445,9.88639701591321,5.5154030531019655,0.43939542292947603,0.2451290245823096,nvjet_tst_16x64_64x16_4x1_v_bz_TNN,"[128, 42, 42, 44]",2.4.90,OK
b200,NVIDIA B200,fc1,balanced,4,64,256,2560,1600,2560,3200,bf16,4194304000.0,0.13629759788513185,0.4817311954498291,0.618028793334961,30.773132212754422,17.413462277789417,1.3676947650113076,0.7739316567906408,nvjet_tst_64x32_64x16_2x2_2cta_h_bz_TNT,"[64, 64, 64, 64]",2.4.90,OK
b200,NVIDIA B200,fc1,skewed,4,64,256,2560,1600,2560,3200,bf16,4194304000.0,0.13708288192749024,0.48903039932250975,0.62611328125,30.596847257840476,17.153551214037744,1.3598598781262434,0.7623800539572331,nvjet_tst_64x24_64x16_4x2_h_bz_TNT,"[128, 42, 42, 44]",2.4.90,OK
b200,NVIDIA B200,fc2,balanced,4,64,256,2560,1600,1600,2560,bf16,2097152000.0,0.1329139232635498,0.48465855598449714,0.6175724792480469,15.778271745403524,8.654142072205909,0.7012565220179344,0.38462853654248486,nvjet_tst_24x64_64x16_4x1_v_bz_TNN,"[64, 64, 64, 64]",2.4.90,OK
b200,NVIDIA B200,fc2,skewed,4,64,256,2560,1600,1600,2560,bf16,2097152000.0,0.13508031845092774,0.4835872077941895,0.6186675262451172,15.525222505022873,8.673314621227654,0.6900098891121277,0.3854806498323402,nvjet_tst_64x16_64x16_2x1_2cta_v_bz_TNT,"[128, 42, 42, 44]",2.4.90,OK
b200,NVIDIA B200,fc1,balanced,4,64,256,4096,1280,4096,2560,bf16,5368709120.0,0.1337331199645996,0.4825612831115723,0.6162944030761719,40.144947799177544,22.25089043771756,1.7842199021856686,0.9889284638985582,nvjet_tst_64x32_64x16_2x2_2cta_h_bz_TNT,"[64, 64, 64, 64]",2.4.90,OK
b200,NVIDIA B200,fc1,skewed,4,64,256,4096,1280,4096,2560,bf16,5368709120.0,0.13415552139282227,0.48348798751831057,0.6176435089111328,40.0185476099774,22.208242018822347,1.7786021159989953,0.9870329786143266,nvjet_tst_64x16_64x16_2x1_2cta_v_bz_TNT,"[128, 42, 42, 44]",2.4.90,OK
b200,NVIDIA B200,fc2,balanced,4,64,256,4096,1280,1280,4096,bf16,2684354560.0,0.13313471794128418,0.5025657749176026,0.6357004928588867,20.162693860093423,10.682599946007501,0.8961197271152632,0.47478221982255564,nvjet_tst_64x32_64x16_2x2_2cta_h_bz_TNT,"[64, 64, 64, 64]",2.4.90,OK
b200,NVIDIA B200,fc2,skewed,4,64,256,4096,1280,1280,4096,bf16,2684354560.0,0.13398079872131347,0.4864614391326904,0.6204422378540039,20.035367646849064,11.036248072554,0.8904607843044028,0.49049991433573337,nvjet_tst_64x24_64x16_2x2_h_bz_TNT,"[128, 42, 42, 44]",2.4.90,OK
b200,NVIDIA B200,fc1,balanced,4,64,256,6144,1536,6144,3072,bf16,9663676416.0,0.1492300796508789,0.4879020690917969,0.6371321487426758,64.75689377508877,39.61318071058155,2.8780841677817235,1.76058580935918,nvjet_tst_64x32_64x16_2x1_2cta_v_bz_splitK_TNT,"[64, 64, 64, 64]",2.4.90,OK
b200,NVIDIA B200,fc1,skewed,4,64,256,6144,1536,6144,3072,bf16,9663676416.0,0.1350265598297119,0.481845121383667,0.6168716812133789,71.56870787634152,40.11113109643936,3.1808314611707345,1.782716937619527,nvjet_tst_64x16_64x16_2x1_2cta_v_bz_TNT,"[128, 42, 42, 44]",2.4.90,OK
b200,NVIDIA B200,fc2,balanced,4,64,256,6144,1536,1536,6144,bf16,4831838208.0,0.13498880386352538,0.5004588890075683,0.6354476928710937,35.7943627153332,19.309630877300414,1.59086056512592,0.8582058167689073,nvjet_tst_48x64_64x15_4x1_v_bz_TNN,"[64, 64, 64, 64]",2.4.90,OK
b200,NVIDIA B200,fc2,skewed,4,64,256,6144,1536,1536,6144,bf16,4831838208.0,0.13614527702331544,0.5046937274932861,0.6408390045166016,35.49031089174344,19.147605546828505,1.577347150744153,0.8510046909701557,nvjet_tst_48x64_64x15_4x1_v_bz_TNN,"[128, 42, 42, 44]",2.4.90,OK
b200,NVIDIA B200,fc1,balanced,4,128,512,1024,1280,1024,2560,bf16,2684354560.0,0.13516672134399413,0.5565587425231934,0.6917254638671875,19.85958180614902,9.646257815770939,0.8826480802732898,0.4287225695898195,nvjet_tst_48x64_64x16_4x2_2cta_h_bz_TNN,"[128, 128, 128, 128]",2.4.90,OK
b200,NVIDIA B200,fc1,skewed,4,128,512,1024,1280,1024,2560,bf16,2684354560.0,0.13563072204589843,0.491162223815918,0.6267929458618164,19.791641005137425,10.930623039959462,0.8796284891172189,0.4858054684426428,nvjet_tst_64x32_64x16_2x1_2cta_v_bz_TNT,"[256, 85, 85, 86]",2.4.90,OK
b200,NVIDIA B200,fc2,balanced,4,128,512,1024,1280,1280,1024,bf16,1342177280.0,0.13380672454833983,0.4821043014526367,0.6159110260009766,10.030716203019505,5.5679954564017065,0.4458096090230891,0.24746646472896475,nvjet_tst_64x16_64x16_2x2_2cta_h_bz_TNT,"[128, 128, 128, 128]",2.4.90,OK
b200,NVIDIA B200,fc2,skewed,4,128,512,1024,1280,1280,1024,bf16,1342177280.0,0.13436223983764647,0.48237184524536136,0.6167340850830079,9.989244609361895,5.564907211022208,0.4439664270827509,0.24732920937876482,nvjet_tst_16x64_64x16_2x2_2cta_h_bz_TNN,"[256, 85, 85, 86]",2.4.90,OK
b200,NVIDIA B200,fc1,balanced,4,128,512,2048,1280,2048,2560,bf16,5368709120.0,0.13569151878356933,0.4810617542266846,0.616753273010254,39.56554667623109,22.32024921054178,1.7584687411658262,0.992011076024079,nvjet_tst_48x64_64x16_4x2_2cta_h_bz_TNN,"[128, 128, 128, 128]",2.4.90,OK
b200,NVIDIA B200,fc1,skewed,4,128,512,2048,1280,2048,2560,bf16,5368709120.0,0.13401856422424316,0.48748736381530755,0.6215059280395507,40.05944363809885,22.02604423623182,1.7804197172488376,0.9789352993880809,nvjet_tst_64x32_64x16_2x1_2cta_v_bz_TNT,"[256, 85, 85, 86]",2.4.90,OK
b200,NVIDIA B200,fc2,balanced,4,128,512,2048,1280,1280,2048,bf16,2684354560.0,0.1337286376953125,0.4819392013549805,0.615667839050293,20.073146681685614,11.139805819708753,0.8921398525193607,0.4951024808759446,nvjet_tst_64x32_64x16_2x2_2cta_h_bz_TNT,"[128, 128, 128, 128]",2.4.90,OK
b200,NVIDIA B200,fc2,skewed,4,128,512,2048,1280,1280,2048,bf16,2684354560.0,0.1357139205932617,0.48816257476806646,0.6238764953613282,19.779507866735965,10.997789256070595,0.8790892385215984,0.48879063360313757,nvjet_tst_64x24_64x16_1x4_h_bz_TNT,"[256, 85, 85, 86]",2.4.90,OK
b200,NVIDIA B200,fc1,balanced,4,128,512,2560,1600,2560,3200,bf16,8388608000.0,0.13470399856567383,0.48576257705688475,0.6204665756225586,62.274380043070536,34.53789318569783,2.767750224136468,1.5350174749199035,nvjet_tst_48x64_64x16_1x2_2cta_h_bz_TNN,"[128, 128, 128, 128]",2.4.90,OK
b200,NVIDIA B200,fc1,skewed,4,128,512,2560,1600,2560,3200,bf16,8388608000.0,0.13423680305480956,0.49230910301208497,0.6265459060668945,62.49111874762757,34.07862234793607,2.777383055450114,1.5146054376860476,nvjet_tst_64x48_64x16_2x2_2cta_h_bz_TNT,"[256, 85, 85, 86]",2.4.90,OK
b200,NVIDIA B200,fc2,balanced,4,128,512,2560,1600,1600,2560,bf16,4194304000.0,0.13469568252563477,0.4847225761413574,0.6194182586669922,31.13911241514186,17.305998137692825,1.3839605517840825,0.7691554727863478,nvjet_tst_48x64_64x16_4x2_2cta_h_bz_TNN,"[128, 128, 128, 128]",2.4.90,OK
b200,NVIDIA B200,fc2,skewed,4,128,512,2560,1600,1600,2560,bf16,4194304000.0,0.13579263687133789,0.48531393051147453,0.6211065673828124,30.887565751993307,17.284910802290813,1.3727807000885914,0.7682182578795916,nvjet_tst_64x32_64x16_2x1_2cta_v_bz_TNT,"[256, 85, 85, 86]",2.4.90,OK
b200,NVIDIA B200,fc1,balanced,4,128,512,4096,1280,4096,2560,bf16,10737418240.0,0.1344320011138916,0.48030272483825676,0.6147347259521484,79.87248684115914,44.71104445062582,3.5498883040515175,1.9871575311389253,nvjet_tst_64x64_64x16_2x2_2cta_h_bz_TNT,"[128, 128, 128, 128]",2.4.90,OK
b200,NVIDIA B200,fc1,skewed,4,128,512,4096,1280,4096,2560,bf16,10737418240.0,0.13598464012145997,0.4796345615386963,0.6156192016601563,78.96052252967289,44.77332995167705,3.5093565568743506,1.9899257756300912,nvjet_tst_64x32_64x16_2x1_2cta_v_bz_TNT,"[256, 85, 85, 86]",2.4.90,OK
b200,NVIDIA B200,fc2,balanced,4,128,512,4096,1280,1280,4096,bf16,5368709120.0,0.13397760391235353,0.4860774421691894,0.6200550460815429,40.07169081417624,22.089933225625014,1.780964036185611,0.9817748100277783,nvjet_tst_64x64_64x16_2x2_2cta_h_bz_TNT,"[128, 128, 128, 128]",2.4.90,OK
b200,NVIDIA B200,fc2,skewed,4,128,512,4096,1280,1280,4096,bf16,5368709120.0,0.13651200294494628,0.4903103923797608,0.6268223953247071,39.32774411174041,21.89922630006898,1.7478997382995736,0.9732989466697325,nvjet_tst_64x48_64x16_2x2_2cta_h_bz_TNT,"[256, 85, 85, 86]",2.4.90,OK
b200,NVIDIA B200,fc1,balanced,4,128,512,6144,1536,6144,3072,bf16,19327352832.0,0.13576512336730956,0.48384062767028807,0.6196057510375976,142.35874687573678,79.89140112132367,6.327055416699412,3.5507289387254963,nvjet_tst_64x64_64x16_2x2_2cta_h_bz_TNT,"[128, 128, 128, 128]",2.4.90,OK
b200,NVIDIA B200,fc1,skewed,4,128,512,6144,1536,6144,3072,bf16,19327352832.0,0.13458687782287598,0.485410566329956,0.619997444152832,143.60503152050157,79.63301243369435,6.382445845355625,3.539244997053082,nvjet_tst_64x32_64x16_2x1_2cta_v_bz_TNT,"[256, 85, 85, 86]",2.4.90,OK
b200,NVIDIA B200,fc2,balanced,4,128,512,6144,1536,1536,6144,bf16,9663676416.0,0.13506879806518554,0.5005792045593261,0.6356480026245117,71.54632716385181,38.60997951166272,3.179836762837858,1.7159990894072321,nvjet_tst_96x64_64x15_2x2_2cta_h_bz_TNN,"[128, 128, 128, 128]",2.4.90,OK
b200,NVIDIA B200,fc2,skewed,4,128,512,6144,1536,1536,6144,bf16,9663676416.0,0.13520704269409178,0.4975961494445801,0.6328031921386719,71.47317346378347,38.841443716100514,3.176585487279265,1.726286387382245,nvjet_tst_96x64_64x15_2x2_2cta_h_bz_TNN,"[256, 85, 85, 86]",2.4.90,OK
b200,NVIDIA B200,fc1,balanced,4,192,768,1024,1280,1024,2560,bf16,4026531840.0,0.1356601619720459,0.48204735755920414,0.61770751953125,29.681018962882458,16.705959598608395,1.3191563983503314,0.7424870932714842,nvjet_tst_64x64_64x16_2x1_2cta_v_bz_TNT,"[192, 192, 192, 192]",2.4.90,OK
b200,NVIDIA B200,fc1,skewed,4,192,768,1024,1280,1024,2560,bf16,4026531840.0,0.13545472145080567,0.47999873161315915,0.6154534530639648,29.72603536350228,16.777260333450485,1.321157127266768,0.7456560148200215,nvjet_tst_48x64_64x16_4x2_2cta_h_bz_TNN,"[384, 128, 128, 128]",2.4.90,OK
b200,NVIDIA B200,fc2,balanced,4,192,768,1024,1280,1280,1024,bf16,2013265920.0,0.1343065643310547,0.4846700668334961,0.6189766311645508,14.990078333308148,8.307779075994139,0.6662257037025843,0.3692346255997395,nvjet_tst_64x24_64x16_1x4_h_bz_TNT,"[192, 192, 192, 192]",2.4.90,OK
b200,NVIDIA B200,fc2,skewed,4,192,768,1024,1280,1280,1024,bf16,2013265920.0,0.13531007766723632,0.48377920150756837,0.6190892791748047,14.878905952231875,8.323077609480507,0.6612847089880833,0.36991456042135584,nvjet_tst_64x16_64x16_2x2_2cta_h_bz_TNT,"[384, 128, 128, 128]",2.4.90,OK
b200,NVIDIA B200,fc1,balanced,4,192,768,2048,1280,2048,2560,bf16,8053063680.0,0.13324671745300293,0.4815756702423096,0.6148223876953125,60.43723878481564,33.44464505836859,2.686099501547362,1.4864286692608264,nvjet_tst_64x64_64x16_2x1_2cta_v_bz_TNT,"[192, 192, 192, 192]",2.4.90,OK
b200,NVIDIA B200,fc1,skewed,4,192,768,2048,1280,2048,2560,bf16,8053063680.0,0.13350272178649902,0.484966402053833,0.618469123840332,60.32134455564633,33.210810670163006,2.6809486469176145,1.4760360297850224,nvjet_tst_48x64_64x16_4x2_2cta_h_bz_TNN,"[384, 128, 128, 128]",2.4.90,OK
b200,NVIDIA B200,fc2,balanced,4,192,768,2048,1280,1280,2048,bf16,4026531840.0,0.13453248023986816,0.48391295433044434,0.6184454345703125,29.9298119890512,16.641554246346736,1.3302138661800533,0.739624633170966,nvjet_tst_64x48_64x16_2x2_2cta_h_bz_TNT,"[192, 192, 192, 192]",2.4.90,OK
b200,NVIDIA B200,fc2,skewed,4,192,768,2048,1280,1280,2048,bf16,4026531840.0,0.13605888366699218,0.4841094207763672,0.6201683044433594,29.594038488916656,16.634800593397433,1.3152905995074071,0.7393244708176637,nvjet_tst_64x32_64x16_2x2_2cta_h_bz_TNT,"[384, 128, 128, 128]",2.4.90,OK
b200,NVIDIA B200,fc1,balanced,4,192,768,2560,1600,2560,3200,bf16,12582912000.0,0.13438015937805176,0.4900281429290772,0.624408302307129,93.63668013371297,51.35587488827616,4.161630228165022,2.2824833283678294,nvjet_tst_64x96_64x15_2x2_2cta_h_bz_TNT,"[192, 192, 192, 192]",2.4.90,OK
b200,NVIDIA B200,fc1,skewed,4,192,768,2560,1600,2560,3200,bf16,12582912000.0,0.13586432456970216,0.4861106967926025,0.6219750213623046,92.61380454252078,51.76973920970291,4.116169090778701,2.300877298209018,nvjet_tst_48x64_64x16_1x2_2cta_h_bz_TNN,"[384, 128, 128, 128]",2.4.90,OK
b200,NVIDIA B200,fc2,balanced,4,192,768,2560,1600,1600,2560,bf16,6291456000.0,0.13655808448791504,0.4807155132293701,0.6172735977172852,46.07164799940332,26.17538160037733,2.047628799973481,1.1633502933501036,nvjet_tst_64x64_64x16_2x1_2cta_v_bz_TNT,"[192, 192, 192, 192]",2.4.90,OK
b200,NVIDIA B200,fc2,skewed,4,192,768,2560,1600,1600,2560,bf16,6291456000.0,0.1358739185333252,0.48277697563171384,0.618650894165039,46.30363257284674,26.063612465228392,2.057939225459855,1.158382776232373,nvjet_tst_48x64_64x16_4x2_2cta_h_bz_TNN,"[384, 128, 128, 128]",2.4.90,OK
b200,NVIDIA B200,fc1,balanced,4,192,768,4096,1280,4096,2560,bf16,16106127360.0,0.1354099178314209,0.4848012638092042,0.620211181640625,118.94348374135627,66.4442465906551,5.28637705517139,2.9530776262513374,nvjet_tst_64x64_64x16_2x1_2cta_v_bz_TNT,"[192, 192, 192, 192]",2.4.90,OK
b200,NVIDIA B200,fc1,skewed,4,192,768,4096,1280,4096,2560,bf16,16106127360.0,0.1360582447052002,0.4846457576751708,0.620704002380371,118.37670987816601,66.4655662612649,5.2611871056962665,2.9540251671673285,nvjet_tst_64x64_64x16_2x2_2cta_h_bz_TNT,"[384, 128, 128, 128]",2.4.90,OK
b200,NVIDIA B200,fc2,balanced,4,192,768,4096,1280,1280,4096,bf16,8053063680.0,0.13554688453674316,0.48239550590515146,0.6179423904418946,59.41164717671566,33.3878055720668,2.640517652298474,1.4839024698696357,nvjet_tst_64x96_64x15_2x2_2cta_h_bz_TNT,"[192, 192, 192, 192]",2.4.90,OK
b200,NVIDIA B200,fc2,skewed,4,192,768,4096,1280,1280,4096,bf16,8053063680.0,0.13724608421325685,0.4820729541778564,0.6193190383911132,58.676090659802874,33.41014512516666,2.6078262515467947,1.484895338896296,nvjet_tst_64x64_64x16_2x2_2cta_h_bz_TNT,"[384, 128, 128, 128]",2.4.90,OK
b200,NVIDIA B200,fc1,balanced,4,192,768,6144,1536,6144,3072,bf16,28991029248.0,0.13530624389648438,0.48066558837890627,0.6159718322753907,214.2623164543648,120.62868634209994,9.52276962019399,5.361274948537775,nvjet_tst_64x64_64x16_2x1_2cta_v_bz_TNT,"[192, 192, 192, 192]",2.4.90,OK
b200,NVIDIA B200,fc1,skewed,4,192,768,6144,1536,6144,3072,bf16,28991029248.0,0.13570112228393555,0.4878316688537598,0.6235327911376953,213.63883186861446,118.85669217055613,9.495059194160643,5.282519652024717,nvjet_tst_64x64_64x16_2x2_2cta_h_bz_TNT,"[384, 128, 128, 128]",2.4.90,OK
b200,NVIDIA B200,fc2,balanced,4,192,768,6144,1536,1536,6144,bf16,14495514624.0,0.13482751846313476,0.48381696701049803,0.6186444854736328,107.51154355750779,59.9214811070711,4.778290824778124,2.663176938092049,nvjet_tst_128x64_64x10_2x1_2cta_v_bz_TNT,"[192, 192, 192, 192]",2.4.90,OK
b200,NVIDIA B200,fc2,skewed,4,192,768,6144,1536,1536,6144,bf16,14495514624.0,0.13641599655151368,0.501950740814209,0.6383667373657227,106.25963956159772,57.756721707341164,4.722650647182121,2.566965409215163,nvjet_tst_96x64_64x15_2x2_2cta_h_bz_TNN,"[384, 128, 128, 128]",2.4.90,OK
b200,NVIDIA B200,fc1,balanced,4,256,1024,1024,1280,1024,2560,bf16,5368709120.0,0.13590527534484864,0.4833977794647216,0.6193030548095703,39.50331660325425,22.212386353718486,1.7557029601446332,0.9872171712763771,nvjet_tst_80x64_64x16_2x2_2cta_h_bz_TNN,"[256, 256, 256, 256]",2.4.90,OK
b200,NVIDIA B200,fc1,skewed,4,256,1024,1024,1280,1024,2560,bf16,5368709120.0,0.1367046356201172,0.4862841796875,0.6229888153076172,39.272326762340974,22.080541972186243,1.745436744992932,0.9813574209860553,nvjet_tst_64x64_64x16_2x1_2cta_v_bz_TNT,"[512, 170, 170, 172]",2.4.90,OK
b200,NVIDIA B200,fc2,balanced,4,256,1024,1024,1280,1280,1024,bf16,2684354560.0,0.13483903884887696,0.4813804817199707,0.6162195205688477,19.90784407035513,11.152735359808569,0.8847930697935613,0.49567712710260303,nvjet_tst_64x32_64x16_2x2_2cta_h_bz_TNT,"[256, 256, 256, 256]",2.4.90,OK
b200,NVIDIA B200,fc2,skewed,4,256,1024,1024,1280,1280,1024,bf16,2684354560.0,0.13583040237426758,0.4845420646667481,0.6203724670410157,19.76254588868492,11.079965005086647,0.8783353728304408,0.4924428891149621,nvjet_tst_64x24_64x16_1x4_h_bz_TNT,"[512, 170, 170, 172]",2.4.90,OK
b200,NVIDIA B200,fc1,balanced,4,256,1024,2048,1280,2048,2560,bf16,10737418240.0,0.13469759941101075,0.48055745124816895,0.6152550506591797,79.71499334027683,44.687344716480084,3.5428885929011926,1.986104209621337,nvjet_tst_80x64_64x16_2x2_2cta_h_bz_TNN,"[256, 256, 256, 256]",2.4.90,OK
b200,NVIDIA B200,fc1,skewed,4,256,1024,2048,1280,2048,2560,bf16,10737418240.0,0.13570688247680665,0.5255974388122558,0.6613043212890625,79.12213473649804,40.85795495603783,3.516539321622135,1.8159091091572368,nvjet_tst_64x64_64x16_2x1_2cta_v_bz_TNT,"[512, 170, 170, 172]",2.4.90,OK
b200,NVIDIA B200,fc2,balanced,4,256,1024,2048,1280,1280,2048,bf16,5368709120.0,0.13515775680541992,0.484204158782959,0.6193619155883789,39.721798044703206,22.17539450092367,1.7654132464312535,0.985573088929941,nvjet_tst_64x64_64x16_2x2_2cta_h_bz_TNT,"[256, 256, 256, 256]",2.4.90,OK
b200,NVIDIA B200,fc2,skewed,4,256,1024,2048,1280,1280,2048,bf16,5368709120.0,0.1343065643310547,0.48526016235351566,0.6195667266845704,39.97354222215506,22.12713730285098,1.776601876540225,0.9834283245711546,nvjet_tst_64x48_64x16_2x2_2cta_h_bz_TNT,"[512, 170, 170, 172]",2.4.90,OK
b200,NVIDIA B200,fc1,balanced,4,256,1024,2560,1600,2560,3200,bf16,16777216000.0,0.13455039978027344,0.48551296234130864,0.6200633621215821,124.69094129335856,69.11130001182484,5.541819613038158,3.071613333858882,nvjet_tst_96x64_64x15_1x2_2cta_h_bz_TNN,"[256, 256, 256, 256]",2.4.90,OK
b200,NVIDIA B200,fc1,skewed,4,256,1024,2560,1600,2560,3200,bf16,16777216000.0,0.1353657627105713,0.4930611324310302,0.6284268951416015,123.93987714509288,68.05328952732573,5.50843898422635,3.0245906456589213,nvjet_tst_64x96_64x15_2x2_2cta_h_bz_TNT,"[512, 170, 170, 172]",2.4.90,OK
b200,NVIDIA B200,fc2,balanced,4,256,1024,2560,1600,1600,2560,bf16,8388608000.0,0.13506688117980958,0.48768767356872555,0.6227545547485351,62.10706819262788,34.40155843437723,2.7603141418945722,1.528958152638988,nvjet_tst_80x64_64x16_2x2_2cta_h_bz_TNN,"[256, 256, 256, 256]",2.4.90,OK
b200,NVIDIA B200,fc2,skewed,4,256,1024,2560,1600,1600,2560,bf16,8388608000.0,0.13665472030639647,0.48819520950317385,0.6248499298095703,61.38542438337821,34.3657939967781,2.728241083705698,1.5273686220790268,nvjet_tst_64x64_64x16_2x1_2cta_v_bz_TNT,"[512, 170, 170, 172]",2.4.90,OK
b200,NVIDIA B200,fc1,balanced,4,256,1024,4096,1280,4096,2560,bf16,21474836480.0,0.13705087661743165,0.48402177810668945,0.6210726547241211,156.69244159558036,88.73500099107713,6.964108515359127,3.94377782182565,nvjet_tst_80x64_64x16_2x2_2cta_h_bz_TNN,"[256, 256, 256, 256]",2.4.90,OK
b200,NVIDIA B200,fc1,skewed,4,256,1024,4096,1280,4096,2560,bf16,21474836480.0,0.1375615978240967,0.4885593509674072,0.6261209487915039,156.11069382503385,87.9108605227889,6.9382530588903935,3.9071493565683957,nvjet_tst_64x64_64x16_2x1_2cta_v_bz_TNT,"[512, 170, 170, 172]",2.4.90,OK
b200,NVIDIA B200,fc2,balanced,4,256,1024,4096,1280,1280,4096,bf16,10737418240.0,0.13583744049072266,0.4860268783569336,0.6218643188476562,79.04608774436778,44.184462704198594,3.5131594553052348,1.963753897964382,nvjet_tst_112x64_64x14_1x2_2cta_h_bz_TNN,"[256, 256, 256, 256]",2.4.90,OK
b200,NVIDIA B200,fc2,skewed,4,256,1024,4096,1280,1280,4096,bf16,10737418240.0,0.13688384056091307,0.8867417240142822,1.0236255645751953,78.44182480562318,24.217690335787243,3.4863033246943638,1.0763417927016552,nvjet_tst_64x96_64x15_2x2_2cta_h_bz_TNT,"[512, 170, 170, 172]",2.4.90,OK
b200,NVIDIA B200,fc1,balanced,4,256,1024,6144,1536,6144,3072,bf16,38654705664.0,0.13624704360961915,0.7916806602478027,0.9279277038574218,283.7104177816519,97.65226714493885,12.609351901406752,4.340100761997283,nvjet_tst_96x64_64x15_2x2_2cta_h_bz_TNN,"[256, 256, 256, 256]",2.4.90,OK
b200,NVIDIA B200,fc1,skewed,4,256,1024,6144,1536,6144,3072,bf16,38654705664.0,0.13656895637512206,0.8947436809539795,1.0313126373291015,283.041671328474,86.40397576831431,12.579629836821068,3.840176700813969,nvjet_tst_64x64_64x16_2x1_2cta_v_bz_TNT,"[512, 170, 170, 172]",2.4.90,OK
b200,NVIDIA B200,fc2,balanced,4,256,1024,6144,1536,1536,6144,bf16,19327352832.0,0.13606016159057618,0.8989042854309081,1.0349644470214843,142.05005055159847,43.00202623405014,6.313335580071043,1.911201165957784,nvjet_tst_96x128_64x9_2x2_2cta_h_bz_TNN,"[256, 256, 256, 256]",2.4.90,OK
b200,NVIDIA B200,fc2,skewed,4,256,1024,6144,1536,1536,6144,bf16,19327352832.0,0.13730815887451173,0.9888863754272461,1.1261945343017579,140.7589540958276,39.089127552494915,6.255953515370115,1.737294557888663,nvjet_tst_128x64_64x10_2x1_2cta_v_bz_TNT,"[512, 170, 170, 172]",2.4.90,OK
b200,NVIDIA B200,fc1,balanced,4,512,2048,1024,1280,1024,2560,bf16,10737418240.0,0.13667967796325683,0.48410241127014153,0.6207820892333984,78.55899574834018,44.36011054697369,3.4915109221484526,1.971560468754386,nvjet_tst_80x128_64x10_2x2_2cta_h_bz_TNN,"[512, 512, 512, 512]",2.4.90,OK
b200,NVIDIA B200,fc1,skewed,4,512,2048,1024,1280,1024,2560,bf16,10737418240.0,0.1355123233795166,0.9479039669036866,1.0834162902832032,79.23573275272335,22.655076072892925,3.52158812234326,1.0068922699063523,nvjet_tst_112x64_64x14_1x2_2cta_h_bz_TNN,"[1024, 341, 341, 342]",2.4.90,OK
b200,NVIDIA B200,fc2,balanced,4,512,2048,1024,1280,1280,1024,bf16,5368709120.0,0.21678144454956055,0.7477440071105956,0.9645254516601562,24.76553807986369,14.35975165015515,1.1006905813272752,0.6382111844513401,nvjet_tst_64x64_64x16_2x2_2cta_h_bz_TNT,"[512, 512, 512, 512]",2.4.90,OK
b200,NVIDIA B200,fc2,skewed,4,512,2048,1024,1280,1280,1024,bf16,5368709120.0,0.1348083209991455,0.48969153404235843,0.624499855041504,39.824760669143195,21.926901924081886,1.769989363073031,0.9745289744036394,nvjet_tst_48x64_64x16_2x2_2cta_h_bz_TNN,"[1024, 341, 341, 342]",2.4.90,OK
b200,NVIDIA B200,fc1,balanced,4,512,2048,2048,1280,2048,2560,bf16,21474836480.0,0.13507967948913574,0.5035289478302003,0.638608627319336,158.97903045977532,85.29732629092749,7.065734687101125,3.790992279596777,nvjet_tst_80x128_64x10_2x2_2cta_h_bz_TNN,"[512, 512, 512, 512]",2.4.90,OK
b200,NVIDIA B200,fc1,skewed,4,512,2048,2048,1280,2048,2560,bf16,21474836480.0,0.13428671836853026,0.49961281776428224,0.6338995361328125,159.9177993244682,85.96591487022995,7.107457747754143,3.820707327565776,nvjet_tst_112x64_64x14_1x2_2cta_h_bz_TNN,"[1024, 341, 341, 342]",2.4.90,OK
b200,NVIDIA B200,fc2,balanced,4,512,2048,2048,1280,1280,2048,bf16,10737418240.0,0.13521471977233887,0.4838547229766845,0.6190694427490234,79.41012826176468,44.3828187681756,3.5293390338562083,1.9725697230300268,nvjet_tst_128x64_64x10_2x2_2cta_h_bz_TNT,"[512, 512, 512, 512]",2.4.90,OK
b200,NVIDIA B200,fc2,skewed,4,512,2048,2048,1280,1280,2048,bf16,10737418240.0,0.13653056144714357,0.48877503395080557,0.6253055953979492,78.64479663886011,43.93603393859394,3.4953242950604495,1.952712619493064,nvjet_tst_96x64_64x15_2x2_2cta_h_bz_TNN,"[1024, 341, 341, 342]",2.4.90,OK
b200,NVIDIA B200,fc1,balanced,4,512,2048,2560,1600,2560,3200,bf16,33554432000.0,0.1362553596496582,0.5678572654724121,0.7041126251220703,246.26137339680182,118.17910605435462,10.944949928746748,5.252404713526872,nvjet_tst_88x128_64x8_1x2_h_bz_TNN,"[512, 512, 512, 512]",2.4.90,OK
b200,NVIDIA B200,fc1,skewed,4,512,2048,2560,1600,2560,3200,bf16,33554432000.0,0.1369312000274658,0.9712601757049559,1.1081913757324218,245.04592082205966,69.09463157108375,10.890929814313763,3.070872514270389,nvjet_tst_80x128_64x8_4x1_v_bz_TNN,"[1024, 341, 341, 342]",2.4.90,OK
b200,NVIDIA B200,fc2,balanced,4,512,2048,2560,1600,1600,2560,bf16,16777216000.0,0.13482943534851075,0.48689087867736813,0.6217203140258789,124.43288779363203,68.91571288242268,5.5303505686058685,3.0629205725521196,nvjet_tst_80x128_64x10_2x2_2cta_h_bz_TNN,"[512, 512, 512, 512]",2.4.90,OK
b200,NVIDIA B200,fc2,skewed,4,512,2048,2560,1600,1600,2560,bf16,16777216000.0,0.1366528034210205,0.48869311332702636,0.6253459167480468,122.77257092421462,68.66156097752469,5.456558707742872,3.0516249323344304,nvjet_tst_112x64_64x14_1x2_2cta_h_bz_TNN,"[1024, 341, 341, 342]",2.4.90,OK
b200,NVIDIA B200,fc1,balanced,4,512,2048,4096,1280,4096,2560,bf16,42949672960.0,0.13464447975158692,0.9265843105316163,1.0612287902832032,318.9857693329889,92.70537493853776,14.177145303688397,4.120238886157233,nvjet_tst_80x128_64x10_2x2_2cta_h_bz_TNN,"[512, 512, 512, 512]",2.4.90,OK
b200,NVIDIA B200,fc1,skewed,4,512,2048,4096,1280,4096,2560,bf16,42949672960.0,0.41195968627929686,0.4045843505859375,0.8165440368652344,104.25698045337707,212.31504826026182,4.633643575705648,9.436224367122747,nvjet_tst_112x64_64x14_1x2_2cta_h_bz_TNN,"[1024, 341, 341, 342]",2.4.90,OK
b200,NVIDIA B200,fc2,balanced,4,512,2048,4096,1280,1280,4096,bf16,21474836480.0,0.1342412757873535,0.91054594039917,1.0447872161865235,159.9719337740612,47.169144415900085,7.109863723291609,2.096406418484448,nvjet_tst_112x128_64x9_1x2_2cta_h_bz_TNN,"[512, 512, 512, 512]",2.4.90,OK
b200,NVIDIA B200,fc2,skewed,4,512,2048,4096,1280,1280,4096,bf16,21474836480.0,0.49107391357421876,0.14195392608642582,0.6330278396606446,43.73035481298151,302.5606557288944,1.9435713250214006,13.44714025461753,nvjet_tst_128x88_64x7_1x4_h_bz_TNT,"[1024, 341, 341, 342]",2.4.90,OK
b200,NVIDIA B200,fc1,balanced,4,512,2048,6144,1536,6144,3072,bf16,77309411328.0,0.13628671646118165,1.001379222869873,1.1376659393310546,567.2556602390515,154.40586255911597,25.211362677291177,6.862482780405155,nvjet_tst_96x128_64x9_2x2_2cta_h_bz_TNN,"[512, 512, 512, 512]",2.4.90,OK
b200,NVIDIA B200,fc1,skewed,4,512,2048,6144,1536,6144,3072,bf16,77309411328.0,0.13758784294128418,0.48496449470520014,0.6225523376464843,561.8912955920961,318.825036356506,24.972946470759826,14.170001615844713,nvjet_tst_128x64_64x8_1x2_h_bz_TNT,"[1024, 341, 341, 342]",2.4.90,OK
b200,NVIDIA B200,fc2,balanced,4,512,2048,6144,1536,1536,6144,bf16,38654705664.0,0.13545408248901367,0.48748350143432617,0.6229375839233399,285.3712856320531,158.58877500578373,12.683168250313472,7.048390000257055,nvjet_tst_176x128_64x8_1x2_2cta_h_bz_TNN,"[512, 512, 512, 512]",2.4.90,OK
b200,NVIDIA B200,fc2,skewed,4,512,2048,6144,1536,1536,6144,bf16,38654705664.0,0.13633600234985352,0.49051774978637697,0.6268537521362305,283.52529777723475,157.60777537952225,12.601124345654878,7.004790016867656,nvjet_tst_128x120_64x6_2x1_v_bz_TNT,"[1024, 341, 341, 342]",2.4.90,OK
b200,NVIDIA B200,fc1,balanced,4,1024,4096,1024,1280,1024,2560,bf16,21474836480.0,0.1337382411956787,0.48115456581115723,0.6148928070068359,160.57364212364033,89.26377511890186,7.136606316606237,3.9672788941734165,nvjet_tst_144x128_64x8_1x2_2cta_h_bz_TNN,"[1024, 1024, 1024, 1024]",2.4.90,OK
b200,NVIDIA B200,fc1,skewed,4,1024,4096,1024,1280,1024,2560,bf16,21474836480.0,0.134781436920166,0.9051328086853029,1.0399142456054689,159.33081714153275,47.45123869985888,7.081369650734789,2.10894394221595,nvjet_tst_128x120_64x6_4x2_h_bz_TNT,"[2048, 682, 682, 684]",2.4.90,OK
b200,NVIDIA B200,fc2,balanced,4,1024,4096,1024,1280,1280,1024,bf16,10737418240.0,0.1337241554260254,0.482857608795166,0.6165817642211914,80.29527803553646,44.474470504015365,3.56867902380162,1.9766431335117938,nvjet_tst_128x64_64x10_2x2_2cta_h_bz_TNT,"[1024, 1024, 1024, 1024]",2.4.90,OK
b200,NVIDIA B200,fc2,skewed,4,1024,4096,1024,1280,1280,1024,bf16,10737418240.0,0.43018623352050783,0.31807106018066406,0.7482572937011719,24.959929917162555,67.51584525735322,1.109330218540558,3.000704233660143,nvjet_tst_64x80_64x16_2x1_2cta_v_bz_TNT,"[2048, 682, 682, 684]",2.4.90,OK
b200,NVIDIA B200,fc1,balanced,4,1024,4096,2048,1280,2048,2560,bf16,42949672960.0,0.20135488510131835,0.7149043464660644,0.9162592315673828,213.30335709704016,120.15501982135106,9.480149204312896,5.340223103171158,nvjet_tst_144x128_64x8_1x2_2cta_h_bz_TNN,"[1024, 1024, 1024, 1024]",2.4.90,OK
b200,NVIDIA B200,fc1,skewed,4,1024,4096,2048,1280,2048,2560,bf16,42949672960.0,0.13509183883666992,0.9690381050109862,1.1041299438476562,317.9294421473339,88.64392997118121,14.130197428770394,3.939730220941387,nvjet_tst_128x120_64x6_4x2_h_bz_TNT,"[2048, 682, 682, 684]",2.4.90,OK
b200,NVIDIA B200,fc2,balanced,4,1024,4096,2048,1280,1280,2048,bf16,21474836480.0,0.13744128227233887,0.9049363422393798,1.0423776245117187,156.2473525053977,47.461540613691774,6.944326778017676,2.109401805052968,nvjet_tst_128x128_64x8_2x2_2cta_h_bz_TNT,"[1024, 1024, 1024, 1024]",2.4.90,OK
b200,NVIDIA B200,fc2,skewed,4,1024,4096,2048,1280,1280,2048,bf16,21474836480.0,0.13681792259216308,0.4905215930938721,0.6273395156860352,156.95923511434808,87.55918916658298,6.975966005082137,3.8915195185147993,nvjet_tst_128x88_64x7_1x4_h_bz_TNT,"[2048, 682, 682, 684]",2.4.90,OK
b200,NVIDIA B200,fc1,balanced,4,1024,4096,2560,1600,2560,3200,bf16,67108864000.0,0.13537919998168946,0.976667537689209,1.1120467376708985,495.710301206365,137.42417232127787,22.03156894250511,6.107740992056795,nvjet_tst_192x128_64x6_2x1_2cta_v_bz_TNT,"[1024, 1024, 1024, 1024]",2.4.90,OK
b200,NVIDIA B200,fc1,skewed,4,1024,4096,2560,1600,2560,3200,bf16,67108864000.0,0.37277118682861327,0.43282115936279303,0.8055923461914063,180.0269612330693,310.09973772446267,8.001198277025303,13.782210565531674,nvjet_tst_144x128_64x8_1x2_2cta_h_bz_TNN,"[2048, 682, 682, 684]",2.4.90,OK
b200,NVIDIA B200,fc2,balanced,4,1024,4096,2560,1600,1600,2560,bf16,33554432000.0,0.13530559539794923,0.4969126510620117,0.6322182464599609,247.9899807640074,135.05163101920147,11.021776922844774,6.00229471196451,nvjet_tst_144x128_64x8_1x2_2cta_h_bz_TNN,"[1024, 1024, 1024, 1024]",2.4.90,OK
b200,NVIDIA B200,fc2,skewed,4,1024,4096,2560,1600,1600,2560,bf16,33554432000.0,0.13604031562805174,0.5013766384124756,0.6374169540405273,246.65064797218847,133.8492040883454,10.962251020986153,5.948853515037573,nvjet_tst_128x120_64x6_4x2_h_bz_TNT,"[2048, 682, 682, 684]",2.4.90,OK
b200,NVIDIA B200,fc1,balanced,4,1024,4096,4096,1280,4096,2560,bf16,85899345920.0,0.13477503776550293,0.5240627002716064,0.6588377380371093,637.3535288445443,327.82087286685686,28.32682350420197,14.569816571860306,nvjet_tst_144x128_64x8_1x2_2cta_h_bz_TNN,"[1024, 1024, 1024, 1024]",2.4.90,OK
b200,NVIDIA B200,fc1,skewed,4,1024,4096,4096,1280,4096,2560,bf16,85899345920.0,0.1382374382019043,0.4992723274230957,0.637509765625,621.3898856729297,344.0981652772707,27.61732825213021,15.293251790100921,nvjet_tst_128x120_64x6_4x2_h_bz_TNT,"[2048, 682, 682, 684]",2.4.90,OK
b200,NVIDIA B200,fc2,balanced,4,1024,4096,4096,1280,1280,4096,bf16,42949672960.0,0.13724032402038575,0.4900089740753174,0.6272492980957032,312.95228473535394,175.30157704172322,13.908990432682398,7.791181201854365,nvjet_tst_128x256_64x6_2x2_2cta_h_bz_TNT,"[1024, 1024, 1024, 1024]",2.4.90,OK
b200,NVIDIA B200,fc2,skewed,4,1024,4096,4096,1280,1280,4096,bf16,42949672960.0,0.13781760215759278,0.5031571292877197,0.6409747314453125,311.641417987287,170.72071708812115,13.850729688323868,7.587587426138718,nvjet_tst_128x176_64x7_2x2_2cta_h_bz_TNT,"[2048, 682, 682, 684]",2.4.90,OK
b200,NVIDIA B200,fc1,balanced,4,1024,4096,6144,1536,6144,3072,bf16,154618822656.0,0.14420415878295897,0.48618879318237307,0.6303929519653321,1072.221661018224,636.0443713395151,47.6542960452544,28.268638726200674,nvjet_tst_192x128_64x6_2x2_2cta_h_bz_TNT,"[1024, 1024, 1024, 1024]",2.4.90,OK
b200,NVIDIA B200,fc1,skewed,4,1024,4096,6144,1536,6144,3072,bf16,154618822656.0,0.140949764251709,0.4888563346862793,0.6298060989379883,1096.9782282138528,632.5736691342078,48.754587920615684,28.114385294853676,nvjet_tst_144x128_64x8_2x2_2cta_h_bz_TNN,"[2048, 682, 682, 684]",2.4.90,OK
b200,NVIDIA B200,fc2,balanced,4,1024,4096,6144,1536,1536,6144,bf16,77309411328.0,0.13596287727355957,0.49011839866638185,0.6260812759399415,568.6067614798426,315.472390093332,25.271411621326337,14.020995115259202,nvjet_tst_176x128_64x8_1x2_2cta_h_bz_TNN,"[1024, 1024, 1024, 1024]",2.4.90,OK
b200,NVIDIA B200,fc2,skewed,4,1024,4096,6144,1536,1536,6144,bf16,77309411328.0,0.13633279800415038,0.48844926834106445,0.6247820663452148,567.0639234268958,316.55042330421895,25.20284104119537,14.068907702409732,nvjet_tst_192x176_64x6_2x2_2cta_h_bz_TNT,"[2048, 682, 682, 684]",2.4.90,OK
b200,NVIDIA B200,fc1,balanced,4,2048,8192,1024,1280,1024,2560,bf16,42949672960.0,0.13351360321044922,0.48340671539306634,0.6169203186035156,321.68761779502785,177.69580600499884,14.297227457556792,7.897591377999949,nvjet_tst_144x128_64x8_1x2_2cta_h_bz_TNN,"[2048, 2048, 2048, 2048]",2.4.90,OK
b200,NVIDIA B200,fc1,skewed,4,2048,8192,1024,1280,1024,2560,bf16,42949672960.0,0.1370316791534424,0.4850265789031982,0.6220582580566406,313.4287868712952,177.1023479048224,13.930168305390898,7.871215462436552,nvjet_tst_128x200_64x5_2x1_v_bz_TNT,"[4096, 1365, 1365, 1366]",2.4.90,OK
b200,NVIDIA B200,fc2,balanced,4,2048,8192,1024,1280,1280,1024,bf16,21474836480.0,0.13405887603759767,0.48352447509765617,0.6175833511352539,160.1895906838518,88.8262645884173,7.119537363726747,3.947833981707436,nvjet_tst_128x128_64x8_2x2_2cta_h_bz_TNT,"[2048, 2048, 2048, 2048]",2.4.90,OK
b200,NVIDIA B200,fc2,skewed,4,2048,8192,1024,1280,1280,1024,bf16,21474836480.0,0.1350265598297119,0.48457983970642093,0.6196063995361328,159.0415730585367,88.63281020114401,7.068514358157187,3.9392360089397336,nvjet_tst_128x80_64x8_1x2_h_bz_TNT,"[4096, 1365, 1365, 1366]",2.4.90,OK
b200,NVIDIA B200,fc1,balanced,4,2048,8192,2048,1280,2048,2560,bf16,85899345920.0,0.1355251216888428,0.48707070350646975,0.6225958251953125,633.826001036321,352.7181795234334,28.170044490503155,15.676363534374815,nvjet_tst_144x128_64x8_1x2_2cta_h_bz_TNN,"[2048, 2048, 2048, 2048]",2.4.90,OK
b200,NVIDIA B200,fc1,skewed,4,2048,8192,2048,1280,2048,2560,bf16,85899345920.0,0.13475711822509764,0.49440574645996094,0.6291628646850586,637.4382819356091,347.48522457538417,28.330590308249295,15.443787758905964,nvjet_tst_128x200_64x5_2x1_v_bz_TNT,"[4096, 1365, 1365, 1366]",2.4.90,OK
b200,NVIDIA B200,fc2,balanced,4,2048,8192,2048,1280,1280,2048,bf16,42949672960.0,0.13695551872253417,0.5181318378448486,0.6550873565673828,313.603083399758,165.7866582321892,13.937914817767023,7.368295921430632,nvjet_tst_128x256_64x6_2x2_2cta_h_bz_TNT,"[2048, 2048, 2048, 2048]",2.4.90,OK
b200,NVIDIA B200,fc2,skewed,4,2048,8192,2048,1280,1280,2048,bf16,42949672960.0,0.14028287887573243,0.5644307136535645,0.7047135925292969,306.1647529920337,152.18758271316042,13.607322355201497,6.763892565029352,nvjet_tst_128x152_64x6_2x1_v_bz_TNT,"[4096, 1365, 1365, 1366]",2.4.90,OK
b200,NVIDIA B200,fc1,balanced,4,2048,8192,2560,1600,2560,3200,bf16,134217728000.0,0.14187199592590333,0.5934361553192138,0.7353081512451172,946.0480704740279,452.3409192276236,42.046580909956795,20.10404085456105,nvjet_tst_128x192_64x7_2x1_2cta_v_bz_TNT,"[2048, 2048, 2048, 2048]",2.4.90,OK
b200,NVIDIA B200,fc1,skewed,4,2048,8192,2560,1600,2560,3200,bf16,134217728000.0,0.14476223945617675,0.564634885787964,0.7093971252441407,927.1597932182526,475.41422387564796,41.207101920811226,21.129521061139908,nvjet_tst_192x176_64x6_2x1_2cta_v_bz_TNT,"[4096, 1365, 1365, 1366]",2.4.90,OK
b200,NVIDIA B200,fc2,balanced,4,2048,8192,2560,1600,1600,2560,bf16,67108864000.0,0.14273216247558593,0.5618233489990234,0.7045555114746094,470.17338514351206,238.89667141661158,20.896594895267203,10.617629840738292,nvjet_tst_144x128_64x8_1x2_2cta_h_bz_TNN,"[2048, 2048, 2048, 2048]",2.4.90,OK
b200,NVIDIA B200,fc2,skewed,4,2048,8192,2560,1600,1600,2560,bf16,67108864000.0,0.13589887619018554,0.4960735893249512,0.6319724655151367,493.81470900527233,270.5601162574312,21.947320400234325,12.024894055885833,nvjet_tst_128x200_64x5_2x1_v_bz_TNT,"[4096, 1365, 1365, 1366]",2.4.90,OK
b200,NVIDIA B200,fc1,balanced,4,2048,8192,4096,1280,4096,2560,bf16,171798691840.0,0.13683072090148926,0.4907769680023193,0.6276076889038086,1255.5564328546204,700.1090232057838,55.80250812687201,31.11595658692373,nvjet_tst_144x128_64x8_1x2_2cta_h_bz_TNN,"[2048, 2048, 2048, 2048]",2.4.90,OK
b200,NVIDIA B200,fc1,skewed,4,2048,8192,4096,1280,4096,2560,bf16,171798691840.0,0.1389139175415039,0.48952960968017584,0.6284435272216797,1236.7277151237995,701.8929537367154,54.96567622772442,31.195242388298464,nvjet_tst_128x200_64x5_2x1_v_bz_TNT,"[4096, 1365, 1365, 1366]",2.4.90,OK
b200,NVIDIA B200,fc2,balanced,4,2048,8192,4096,1280,1280,4096,bf16,85899345920.0,0.1354246425628662,0.4913075351715087,0.626732177734375,634.2962720401806,349.6764847704349,28.190945424008028,15.541177100908218,nvjet_tst_128x256_64x6_2x2_2cta_h_bz_TNT,"[2048, 2048, 2048, 2048]",2.4.90,OK
b200,NVIDIA B200,fc2,skewed,4,2048,8192,4096,1280,1280,4096,bf16,85899345920.0,0.1361670398712158,0.49181632041931156,0.6279833602905274,630.8380207225035,349.3147435480146,28.0372453654446,15.525099713245092,nvjet_tst_128x160_64x8_2x1_2cta_v_bz_TNT,"[4096, 1365, 1365, 1366]",2.4.90,OK
b200,NVIDIA B200,fc1,balanced,4,2048,8192,6144,1536,6144,3072,bf16,309237645312.0,0.2339481544494629,0.5252390098571776,0.7591871643066406,1321.8212643724917,1177.5121021421755,58.74761174988851,52.33387120631892,nvjet_tst_192x128_64x6_2x2_2cta_h_bz_TNT,"[2048, 2048, 2048, 2048]",2.4.90,OK
b200,NVIDIA B200,fc1,skewed,4,2048,8192,6144,1536,6144,3072,bf16,309237645312.0,0.24594751358032227,0.5158470726013183,0.7617945861816406,1257.3318624382362,1198.9508586433321,55.881416108366054,53.28670482859254,nvjet_tst_192x176_64x6_2x2_2cta_h_bz_TNT,"[4096, 1365, 1365, 1366]",2.4.90,OK
b200,NVIDIA B200,fc2,balanced,4,2048,8192,6144,1536,1536,6144,bf16,154618822656.0,0.13608511924743652,0.4958297443389893,0.6319148635864258,1136.191991534832,623.6770763405033,50.49742184599253,27.718981170689034,nvjet_tst_128x256_64x6_2x2_2cta_h_bz_TNT,"[2048, 2048, 2048, 2048]",2.4.90,OK
b200,NVIDIA B200,fc2,skewed,4,2048,8192,6144,1536,1536,6144,bf16,154618822656.0,0.1373299217224121,0.4959660911560059,0.633296012878418,1125.893182758338,623.5056202959842,50.03969701148169,27.71136090204374,nvjet_tst_128x232_64x4_2x1_v_bz_TNT,"[4096, 1365, 1365, 1366]",2.4.90,OK
b200,NVIDIA B200,fc1,balanced,4,4096,16384,1024,1280,1024,2560,bf16,85899345920.0,0.1354304027557373,0.4932761478424072,0.6287065505981445,634.2692938374282,348.2809630902457,28.189746392774587,15.479153915122028,nvjet_tst_128x192_64x7_2x1_2cta_v_bz_TNT,"[4096, 4096, 4096, 4096]",2.4.90,OK
b200,NVIDIA B200,fc1,skewed,4,4096,16384,1024,1280,1024,2560,bf16,85899345920.0,0.1356505584716797,0.48885185241699214,0.6245024108886719,633.2398988090679,351.43303843606014,28.14399550262524,15.619246152713785,nvjet_tst_256x96_64x5_2x1_2cta_v_bz_TNT,"[8192, 2730, 2730, 2732]",2.4.90,OK
b200,NVIDIA B200,fc2,balanced,4,4096,16384,1024,1280,1280,1024,bf16,42949672960.0,0.13497535705566407,0.48515136718749996,0.6201267242431641,318.2038106577298,177.05679449688503,14.14239158478799,7.869190866528225,nvjet_tst_128x256_64x6_2x2_2cta_h_bz_TNT,"[4096, 4096, 4096, 4096]",2.4.90,OK
b200,NVIDIA B200,fc2,skewed,4,4096,16384,1024,1280,1280,1024,bf16,42949672960.0,0.13431743621826173,0.48807106018066404,0.6223884963989258,319.76245355225586,175.9976219204711,14.211664602322482,7.822116529798715,nvjet_tst_128x152_64x6_2x1_v_bz_TNT,"[8192, 2730, 2730, 2732]",2.4.90,OK
b200,NVIDIA B200,fc1,balanced,4,4096,16384,2048,1280,2048,2560,bf16,171798691840.0,0.13706496238708496,0.48674111366271966,0.6238060760498046,1253.4107101333716,705.9140352752099,55.707142672594294,31.373957123342663,nvjet_tst_128x192_64x7_2x1_2cta_v_bz_TNT,"[4096, 4096, 4096, 4096]",2.4.90,OK
b200,NVIDIA B200,fc1,skewed,4,4096,16384,2048,1280,2048,2560,bf16,171798691840.0,0.1383296012878418,0.4892799949645996,0.6276095962524414,1241.9517604371197,702.2510366581816,55.19785601942754,31.211157184808076,nvjet_tst_256x96_64x5_2x1_2cta_v_bz_TNT,"[8192, 2730, 2730, 2732]",2.4.90,OK
b200,NVIDIA B200,fc2,balanced,4,4096,16384,2048,1280,1280,2048,bf16,85899345920.0,0.1353593635559082,0.49968576431274414,0.6350451278686523,634.6021705733016,343.8134605981578,28.20454091436896,15.280598248807015,nvjet_tst_160x192_64x6_1x2_2cta_h_bz_TNN,"[4096, 4096, 4096, 4096]",2.4.90,OK
b200,NVIDIA B200,fc2,skewed,4,4096,16384,2048,1280,1280,2048,bf16,85899345920.0,0.1358022403717041,0.48659457206726076,0.6223968124389648,632.5326127528165,353.0633132838413,28.112560566791846,15.691702812615167,nvjet_tst_128x160_64x8_2x1_2cta_v_bz_TNT,"[8192, 2730, 2730, 2732]",2.4.90,OK
b200,NVIDIA B200,fc1,balanced,4,4096,16384,2560,1600,2560,3200,bf16,268435456000.0,0.1905120086669922,0.47700668334960933,0.6675186920166015,1409.021183904554,1125.4997691646906,62.62316372909129,50.02221196287514,nvjet_tst_128x256_64x6_2x1_2cta_v_bz_TNT,"[4096, 4096, 4096, 4096]",2.4.90,OK
b200,NVIDIA B200,fc1,skewed,4,4096,16384,2560,1600,2560,3200,bf16,268435456000.0,0.19072256088256836,0.5112326240539551,0.7019551849365234,1407.4656650886782,1050.1499449364933,62.554029559496804,46.67333088606637,nvjet_tst_128x256_64x6_2x1_2cta_v_bz_TNT,"[8192, 2730, 2730, 2732]",2.4.90,OK
b200,NVIDIA B200,fc2,balanced,4,4096,16384,2560,1600,1600,2560,bf16,134217728000.0,0.1370195198059082,0.49656641006469726,0.6335859298706055,979.5518783755991,540.5831940284196,43.53563903891552,24.025919734596428,nvjet_tst_128x192_64x7_2x1_2cta_v_bz_TNT,"[4096, 4096, 4096, 4096]",2.4.90,OK
b200,NVIDIA B200,fc2,skewed,4,4096,16384,2560,1600,1600,2560,bf16,134217728000.0,0.13841471672058106,0.4901145648956299,0.6285292816162109,969.6781612532319,547.6994058667966,43.09680716681031,24.34219581630207,nvjet_tst_256x96_64x5_2x1_2cta_v_bz_TNT,"[8192, 2730, 2730, 2732]",2.4.90,OK
b200,NVIDIA B200,fc1,balanced,4,4096,16384,4096,1280,4096,2560,bf16,343597383680.0,0.23754880905151368,0.5581215858459473,0.7956703948974609,1446.4285678885012,1231.2635540129054,64.28571412837783,54.72282462279579,nvjet_tst_128x192_64x7_2x1_2cta_v_bz_TNT,"[4096, 4096, 4096, 4096]",2.4.90,OK
b200,NVIDIA B200,fc1,skewed,4,4096,16384,4096,1280,4096,2560,bf16,343597383680.0,0.24657344818115234,0.6241234970092774,0.8706969451904297,1393.4889835647116,1101.0557536336196,61.93284371398718,48.935811272605314,nvjet_tst_256x208_64x4_2x1_2cta_v_bz_TNT,"[8192, 2730, 2730, 2732]",2.4.90,OK
b200,NVIDIA B200,fc2,balanced,4,4096,16384,4096,1280,1280,4096,bf16,171798691840.0,0.16049728393554688,0.47289665222167976,0.6333939361572266,1070.4149480124013,726.5802835900218,47.573997689440056,32.292457048445414,nvjet_tst_128x256_64x6_2x2_2cta_h_bz_TNT,"[4096, 4096, 4096, 4096]",2.4.90,OK
b200,NVIDIA B200,fc2,skewed,4,4096,16384,4096,1280,1280,4096,bf16,171798691840.0,0.13794560432434083,0.49466113090515135,0.6326067352294922,1245.4089616082513,694.6116486882066,55.35150940481117,30.87162883058696,nvjet_tst_176x128_64x8_2x2_2cta_h_bz_TNN,"[8192, 2730, 2730, 2732]",2.4.90,OK
b200,NVIDIA B200,fc1,balanced,4,4096,16384,6144,1536,6144,3072,bf16,618475290624.0,0.4236787033081055,1.0417708206176757,1.4654495239257812,1459.774319065161,1187.3538371084348,64.87885862511827,52.77128164926377,nvjet_tst_128x256_64x6_2x2_2cta_h_bz_TNT,"[4096, 4096, 4096, 4096]",2.4.90,OK
b200,NVIDIA B200,fc1,skewed,4,4096,16384,6144,1536,6144,3072,bf16,618475290624.0,0.43383552551269533,1.0194669342041016,1.453302459716797,1425.598537356069,1213.3307513437776,63.359934993603076,53.92581117083456,nvjet_tst_256x128_64x5_2x2_2cta_h_bz_TNT,"[8192, 2730, 2730, 2732]",2.4.90,OK
b200,NVIDIA B200,fc2,balanced,4,4096,16384,6144,1536,1536,6144,bf16,309237645312.0,0.21873855590820312,0.6328326416015625,0.8515711975097656,1413.731767717147,977.3125625422431,62.83252300965098,43.43611389076636,nvjet_tst_128x256_64x6_2x2_2cta_h_bz_TNT,"[4096, 4096, 4096, 4096]",2.4.90,OK
b200,NVIDIA B200,fc2,skewed,4,4096,16384,6144,1536,1536,6144,bf16,309237645312.0,0.2198099136352539,0.6457165145874023,0.8655264282226562,1406.8412120171242,957.8124093963917,62.52627608964997,42.56944041761741,nvjet_tst_256x128_64x5_2x2_2cta_h_bz_TNT,"[8192, 2730, 2730, 2732]",2.4.90,OK
b200,NVIDIA B200,fc1,balanced,8,64,512,1024,1280,1024,2560,bf16,2684354560.0,0.19450815200805663,0.69231107711792,0.8868192291259765,13.80073036676022,7.754764147859444,0.613365794078232,0.3446561843493086,nvjet_tst_24x64_64x16_4x1_v_bz_TNN,"[64, 64, 64, 64, 64, 64, 64, 64]",2.4.90,OK
b200,NVIDIA B200,fc1,skewed,8,64,512,1024,1280,1024,2560,bf16,2684354560.0,0.19769664764404296,0.6993069076538087,0.8970035552978516,13.578149108695246,7.677185883966379,0.6034732937197888,0.3412082615096168,nvjet_tst_64x16_64x16_2x1_2cta_v_bz_TNT,"[128, 128, 42, 42, 42, 42, 42, 46]",2.4.90,OK
b200,NVIDIA B200,fc2,balanced,8,64,512,1024,1280,1280,1024,bf16,1342177280.0,0.19381183624267578,0.6902790451049805,0.8840908813476562,6.925156409536475,3.8887962470188446,0.30778472931273226,0.1728353887563931,nvjet_tst_64x8_64x16_1x4_h_bz_TNT,"[64, 64, 64, 64, 64, 64, 64, 64]",2.4.90,OK
b200,NVIDIA B200,fc2,skewed,8,64,512,1024,1280,1280,1024,bf16,1342177280.0,0.19410175323486328,0.6892838668823242,0.8833856201171875,6.914812759964947,3.8944108356133595,0.30732501155399766,0.17308492602726044,nvjet_tst_8x64_64x16_4x1_v_bz_TNN,"[128, 128, 42, 42, 42, 42, 42, 46]",2.4.90,OK
b200,NVIDIA B200,fc1,balanced,8,64,512,2048,1280,2048,2560,bf16,5368709120.0,0.19260032653808593,0.7067635345458985,0.8993638610839844,27.87487028968437,15.192377245239289,1.2388831239859721,0.6752167664550794,nvjet_tst_64x32_64x16_2x2_2cta_h_bz_TNT,"[64, 64, 64, 64, 64, 64, 64, 64]",2.4.90,OK
b200,NVIDIA B200,fc1,skewed,8,64,512,2048,1280,2048,2560,bf16,5368709120.0,0.1963692855834961,0.6935859298706055,0.8899552154541016,27.33986175102332,15.481020847702545,1.2151049667121476,0.688045371009002,nvjet_tst_64x16_64x16_2x1_2cta_v_bz_TNT,"[128, 128, 42, 42, 42, 42, 42, 46]",2.4.90,OK
b200,NVIDIA B200,fc2,balanced,8,64,512,2048,1280,1280,2048,bf16,2684354560.0,0.19573503494262695,0.6971097373962403,0.8928447723388672,13.714226279351713,7.701383056349997,0.6095211679711873,0.3422836913933332,nvjet_tst_64x16_64x16_2x2_2cta_h_bz_TNT,"[64, 64, 64, 64, 64, 64, 64, 64]",2.4.90,OK
b200,NVIDIA B200,fc2,skewed,8,64,512,2048,1280,1280,2048,bf16,2684354560.0,0.1990630340576172,0.7496691131591797,0.9487321472167969,13.484947482630227,7.161438327605268,0.5993309992280101,0.3182861478935674,nvjet_tst_16x64_64x16_4x1_v_bz_TNN,"[128, 128, 42, 42, 42, 42, 42, 46]",2.4.90,OK
b200,NVIDIA B200,fc1,balanced,8,64,512,2560,1600,2560,3200,bf16,8388608000.0,0.19976831436157227,0.7022125053405761,0.9019808197021484,41.99168435098757,23.891935663924095,1.8662970822661142,1.0618638072855153,nvjet_tst_64x32_64x16_2x2_2cta_h_bz_TNT,"[64, 64, 64, 64, 64, 64, 64, 64]",2.4.90,OK
b200,NVIDIA B200,fc1,skewed,8,64,512,2560,1600,2560,3200,bf16,8388608000.0,0.19778751373291015,0.7145369338989258,0.912324447631836,42.41222229694375,23.479844363612987,1.8849876576419446,1.0435486383827994,nvjet_tst_64x24_64x16_4x2_h_bz_TNT,"[128, 128, 42, 42, 42, 42, 42, 46]",2.4.90,OK
b200,NVIDIA B200,fc2,balanced,8,64,512,2560,1600,1600,2560,bf16,4194304000.0,0.19601919174194335,0.7149081611633301,0.9109273529052735,21.39741503230839,11.733826043263637,0.9509962236581507,0.5215033797006061,nvjet_tst_24x64_64x16_4x1_v_bz_TNN,"[64, 64, 64, 64, 64, 64, 64, 64]",2.4.90,OK
b200,NVIDIA B200,fc2,skewed,8,64,512,2560,1600,1600,2560,bf16,4194304000.0,0.2003571128845215,0.6978579139709472,0.8982150268554687,20.934140743071314,12.020509952043374,0.930406255247614,0.5342448867574833,nvjet_tst_64x16_64x16_2x1_2cta_v_bz_TNT,"[128, 128, 42, 42, 42, 42, 42, 46]",2.4.90,OK
b200,NVIDIA B200,fc1,balanced,8,64,512,4096,1280,4096,2560,bf16,10737418240.0,0.19699968338012697,0.6906585502624512,0.8876582336425781,54.504748717190964,31.093275355585668,2.422433276319598,1.381923349137141,nvjet_tst_64x32_64x16_2x2_2cta_h_bz_TNT,"[64, 64, 64, 64, 64, 64, 64, 64]",2.4.90,OK
b200,NVIDIA B200,fc1,skewed,8,64,512,4096,1280,4096,2560,bf16,10737418240.0,0.1957676887512207,0.6997855949401857,0.8955532836914063,54.84775505341428,30.6877372659201,2.437678002373968,1.3638994340408934,nvjet_tst_64x16_64x16_2x1_2cta_v_bz_TNT,"[128, 128, 42, 42, 42, 42, 42, 46]",2.4.90,OK
b200,NVIDIA B200,fc2,balanced,8,64,512,4096,1280,1280,4096,bf16,5368709120.0,0.194716796875,0.727891845703125,0.922608642578125,27.57188494347761,14.751392399001155,1.2254171085990049,0.6556174399556068,nvjet_tst_64x32_64x16_2x2_2cta_h_bz_TNT,"[64, 64, 64, 64, 64, 64, 64, 64]",2.4.90,OK
b200,NVIDIA B200,fc2,skewed,8,64,512,4096,1280,1280,4096,bf16,5368709120.0,0.19757312774658203,0.6975097274780273,0.8950828552246094,27.17327594715308,15.3939333273861,1.2077011532068036,0.6841748145504932,nvjet_tst_64x24_64x16_2x2_h_bz_TNT,"[128, 128, 42, 42, 42, 42, 42, 46]",2.4.90,OK
b200,NVIDIA B200,fc1,balanced,8,64,512,6144,1536,6144,3072,bf16,19327352832.0,0.22457855224609374,0.7113235473632813,0.935902099609375,86.06054602587801,54.34194580972952,3.8249131567056893,2.415197591543534,nvjet_tst_64x32_64x16_2x1_2cta_v_bz_splitK_TNT,"[64, 64, 64, 64, 64, 64, 64, 64]",2.4.90,OK
b200,NVIDIA B200,fc1,skewed,8,64,512,6144,1536,6144,3072,bf16,19327352832.0,0.19808895111083985,0.6991788864135742,0.8972678375244141,97.56906038229997,55.28585947764903,4.336402683657776,2.457149310117735,nvjet_tst_64x16_64x16_2x1_2cta_v_bz_TNT,"[128, 128, 42, 42, 42, 42, 42, 46]",2.4.90,OK
b200,NVIDIA B200,fc2,balanced,8,64,512,6144,1536,1536,6144,bf16,9663676416.0,0.19674432754516602,0.7301420402526856,0.9268863677978516,49.11794172963659,26.47067524739603,2.183019632428293,1.1764744554398234,nvjet_tst_48x64_64x15_4x1_v_bz_TNN,"[64, 64, 64, 64, 64, 64, 64, 64]",2.4.90,OK
b200,NVIDIA B200,fc2,skewed,8,64,512,6144,1536,1536,6144,bf16,9663676416.0,0.19932031631469727,0.7403603172302247,0.9396806335449219,48.48314810389166,26.10533328461729,2.1548065823951847,1.1602370348718796,nvjet_tst_48x64_64x15_4x1_v_bz_TNN,"[128, 128, 42, 42, 42, 42, 42, 46]",2.4.90,OK
b200,NVIDIA B200,fc1,balanced,8,128,1024,1024,1280,1024,2560,bf16,5368709120.0,0.19804800033569336,0.6992717170715332,0.8973197174072266,27.108120813641055,15.355144470831783,1.204805369495158,0.6824508653703014,nvjet_tst_48x64_64x16_4x2_2cta_h_bz_TNN,"[128, 128, 128, 128, 128, 128, 128, 128]",2.4.90,OK
b200,NVIDIA B200,fc1,skewed,8,128,1024,1024,1280,1024,2560,bf16,5368709120.0,0.2000320053100586,0.6949036788940429,0.8949356842041015,26.839250607312863,15.451664117088683,1.1928555825472382,0.6867406274261637,nvjet_tst_64x32_64x16_2x1_2cta_v_bz_TNT,"[256, 256, 85, 85, 85, 85, 85, 87]",2.4.90,OK
b200,NVIDIA B200,fc2,balanced,8,128,1024,1024,1280,1280,1024,bf16,2684354560.0,0.1976710319519043,0.6891565132141113,0.8868275451660156,13.579908666906414,7.790261017720392,0.6035514963069518,0.3462338230097952,nvjet_tst_64x16_64x16_2x2_2cta_h_bz_TNT,"[128, 128, 128, 128, 128, 128, 128, 128]",2.4.90,OK
b200,NVIDIA B200,fc2,skewed,8,128,1024,1024,1280,1280,1024,bf16,2684354560.0,0.19699583053588868,0.6902598762512208,0.8872557067871094,13.626453680251696,7.777808481578398,0.605620163566742,0.3456803769590399,nvjet_tst_16x64_64x16_2x2_2cta_h_bz_TNN,"[256, 256, 85, 85, 85, 85, 85, 87]",2.4.90,OK
b200,NVIDIA B200,fc1,balanced,8,128,1024,2048,1280,2048,2560,bf16,10737418240.0,0.19635135650634766,0.6855206680297852,0.8818720245361328,54.68471637298253,31.32631513754293,2.4304318387992234,1.3922806727796857,nvjet_tst_48x64_64x16_4x2_2cta_h_bz_TNN,"[128, 128, 128, 128, 128, 128, 128, 128]",2.4.90,OK
b200,NVIDIA B200,fc1,skewed,8,128,1024,2048,1280,2048,2560,bf16,10737418240.0,0.19695680618286132,0.7034911918640137,0.900447998046875,54.516614318121206,30.526091482537183,2.422960636360943,1.3567151770016526,nvjet_tst_64x32_64x16_2x1_2cta_v_bz_TNT,"[256, 256, 85, 85, 85, 85, 85, 87]",2.4.90,OK
b200,NVIDIA B200,fc2,balanced,8,128,1024,2048,1280,1280,2048,bf16,5368709120.0,0.19506559371948243,0.6960640144348145,0.8911296081542969,27.522583648044918,15.425906263403803,1.2232259399131076,0.685595833929058,nvjet_tst_64x32_64x16_2x2_2cta_h_bz_TNT,"[128, 128, 128, 128, 128, 128, 128, 128]",2.4.90,OK
b200,NVIDIA B200,fc2,skewed,8,128,1024,2048,1280,1280,2048,bf16,5368709120.0,0.19628608703613282,0.6972627258300781,0.8935488128662109,27.351450126017923,15.39938654718321,1.2156200056007964,0.6844171798748093,nvjet_tst_64x24_64x16_1x4_h_bz_TNT,"[256, 256, 85, 85, 85, 85, 85, 87]",2.4.90,OK
b200,NVIDIA B200,fc1,balanced,8,128,1024,2560,1600,2560,3200,bf16,16777216000.0,0.19680959701538087,0.7011181068420409,0.8979277038574218,85.2459242558626,47.85845875687772,3.788707744705005,2.1270426114167873,nvjet_tst_48x64_64x16_1x2_2cta_h_bz_TNN,"[128, 128, 128, 128, 128, 128, 128, 128]",2.4.90,OK
b200,NVIDIA B200,fc1,skewed,8,128,1024,2560,1600,2560,3200,bf16,16777216000.0,0.19959423065185547,0.705522575378418,0.9051168060302734,84.05661799545625,47.55968578610338,3.735849688686945,2.113763812715706,nvjet_tst_64x48_64x16_2x2_2cta_h_bz_TNT,"[256, 256, 85, 85, 85, 85, 85, 87]",2.4.90,OK
b200,NVIDIA B200,fc2,balanced,8,128,1024,2560,1600,1600,2560,bf16,8388608000.0,0.1974291229248047,0.6939673614501953,0.891396484375,42.489212714554725,24.175799802659835,1.8884094539802099,1.074479991229326,nvjet_tst_48x64_64x16_4x2_2cta_h_bz_TNN,"[128, 128, 128, 128, 128, 128, 128, 128]",2.4.90,OK
b200,NVIDIA B200,fc2,skewed,8,128,1024,2560,1600,1600,2560,bf16,8388608000.0,0.19796672821044922,0.6991154861450195,0.8970822143554688,42.37382754076969,23.997774806149632,1.8832812240342085,1.066567769162206,nvjet_tst_64x32_64x16_2x1_2cta_v_bz_TNT,"[256, 256, 85, 85, 85, 85, 85, 87]",2.4.90,OK
b200,NVIDIA B200,fc1,balanced,8,128,1024,4096,1280,4096,2560,bf16,21474836480.0,0.197325439453125,0.7398368072509766,0.9371622467041015,108.82953834800092,58.05290104393263,4.836868371022263,2.5801289352858943,nvjet_tst_64x64_64x16_2x2_2cta_h_bz_TNT,"[128, 128, 128, 128, 128, 128, 128, 128]",2.4.90,OK
b200,NVIDIA B200,fc1,skewed,8,128,1024,4096,1280,4096,2560,bf16,21474836480.0,0.19794048309326173,0.6934169387817383,0.891357421875,108.49138157292415,61.93917477046079,4.821839181018851,2.7528522120204793,nvjet_tst_64x32_64x16_2x1_2cta_v_bz_TNT,"[256, 256, 85, 85, 85, 85, 85, 87]",2.4.90,OK
b200,NVIDIA B200,fc2,balanced,8,128,1024,4096,1280,1280,4096,bf16,10737418240.0,0.19693119049072266,0.6938284683227538,0.8907596588134765,54.52370553005841,30.951218435750864,2.423275801335929,1.375609708255594,nvjet_tst_64x64_64x16_2x2_2cta_h_bz_TNT,"[128, 128, 128, 128, 128, 128, 128, 128]",2.4.90,OK
b200,NVIDIA B200,fc2,skewed,8,128,1024,4096,1280,1280,4096,bf16,10737418240.0,0.19717504501342772,0.6942662239074707,0.8914412689208985,54.45627381126641,30.931702768334716,2.420278836056285,1.3747423452593208,nvjet_tst_64x48_64x16_2x2_2cta_h_bz_TNT,"[256, 256, 85, 85, 85, 85, 85, 87]",2.4.90,OK
b200,NVIDIA B200,fc1,balanced,8,128,1024,6144,1536,6144,3072,bf16,38654705664.0,0.19652992248535156,0.7033689880371095,0.899898910522461,196.68610853332598,109.91302238636825,8.741604823703376,4.885023217171923,nvjet_tst_64x64_64x16_2x2_2cta_h_bz_TNT,"[128, 128, 128, 128, 128, 128, 128, 128]",2.4.90,OK
b200,NVIDIA B200,fc1,skewed,8,128,1024,6144,1536,6144,3072,bf16,38654705664.0,0.19757631301879883,0.7045715141296387,0.9021478271484376,195.64443264169077,109.72542854432706,8.695308117408478,4.876685713081202,nvjet_tst_64x32_64x16_2x1_2cta_v_bz_TNT,"[256, 256, 85, 85, 85, 85, 85, 87]",2.4.90,OK
b200,NVIDIA B200,fc2,balanced,8,128,1024,6144,1536,1536,6144,bf16,19327352832.0,0.19552192687988282,0.7286713409423828,0.9241932678222656,98.85005298599368,53.04820361674756,4.393335688266386,2.3576979385221137,nvjet_tst_96x64_64x15_2x2_2cta_h_bz_TNN,"[128, 128, 128, 128, 128, 128, 128, 128]",2.4.90,OK
b200,NVIDIA B200,fc2,skewed,8,128,1024,6144,1536,1536,6144,bf16,19327352832.0,0.19539968490600587,0.729459171295166,0.9248588562011719,98.91189354423544,52.990910506160304,4.396084157521575,2.355151578051569,nvjet_tst_96x64_64x15_2x2_2cta_h_bz_TNN,"[256, 256, 85, 85, 85, 85, 85, 87]",2.4.90,OK
b200,NVIDIA B200,fc1,balanced,8,192,1536,1024,1280,1024,2560,bf16,8053063680.0,0.19574016571044922,0.6907385635375975,0.8864787292480468,41.141600400566645,23.317255196398673,1.8285155733585177,1.0363224531732744,nvjet_tst_64x64_64x16_2x1_2cta_v_bz_TNT,"[192, 192, 192, 192, 192, 192, 192, 192]",2.4.90,OK
b200,NVIDIA B200,fc1,skewed,8,192,1536,1024,1280,1024,2560,bf16,8053063680.0,0.19679424285888672,0.7017529678344727,0.8985472106933594,40.92123612464888,22.95127786876572,1.81872160553995,1.0200567941673655,nvjet_tst_48x64_64x16_4x2_2cta_h_bz_TNN,"[384, 384, 128, 128, 128, 128, 128, 128]",2.4.90,OK
b200,NVIDIA B200,fc2,balanced,8,192,1536,1024,1280,1280,1024,bf16,4026531840.0,0.1966080093383789,0.6918893051147461,0.888497314453125,20.47999902725224,11.639237115631442,0.9102221789889885,0.5172994273613974,nvjet_tst_64x24_64x16_1x4_h_bz_TNT,"[192, 192, 192, 192, 192, 192, 192, 192]",2.4.90,OK
b200,NVIDIA B200,fc2,skewed,8,192,1536,1024,1280,1280,1024,bf16,4026531840.0,0.1970035171508789,0.6975871658325195,0.8945906829833984,20.438883012003302,11.54416834832283,0.9083948005334801,0.513074148814348,nvjet_tst_64x16_64x16_2x2_2cta_h_bz_TNT,"[384, 384, 128, 128, 128, 128, 128, 128]",2.4.90,OK
b200,NVIDIA B200,fc1,balanced,8,192,1536,2048,1280,2048,2560,bf16,16106127360.0,0.1980076789855957,0.6993894767761231,0.8973971557617187,81.34092295062787,46.05767714504983,3.6151521311390167,2.047007873113326,nvjet_tst_64x64_64x16_2x1_2cta_v_bz_TNT,"[192, 192, 192, 192, 192, 192, 192, 192]",2.4.90,OK
b200,NVIDIA B200,fc1,skewed,8,192,1536,2048,1280,2048,2560,bf16,16106127360.0,0.1970662307739258,0.6984678268432617,0.8955340576171875,81.72951447210119,46.1184516766991,3.632422865426719,2.049708963408849,nvjet_tst_48x64_64x16_4x2_2cta_h_bz_TNN,"[384, 384, 128, 128, 128, 128, 128, 128]",2.4.90,OK
b200,NVIDIA B200,fc2,balanced,8,192,1536,2048,1280,1280,2048,bf16,8053063680.0,0.19536447525024414,0.6972717094421387,0.8926361846923828,41.22071666143375,23.098782213444338,1.8320318516192775,1.0266125428197483,nvjet_tst_64x48_64x16_2x2_2cta_h_bz_TNT,"[192, 192, 192, 192, 192, 192, 192, 192]",2.4.90,OK
b200,NVIDIA B200,fc2,skewed,8,192,1536,2048,1280,1280,2048,bf16,8053063680.0,0.19584768295288085,0.6964230537414551,0.892270736694336,41.11901432062126,23.126930209262355,1.8275117475831673,1.0278635648561047,nvjet_tst_64x32_64x16_2x2_2cta_h_bz_TNT,"[384, 384, 128, 128, 128, 128, 128, 128]",2.4.90,OK
b200,NVIDIA B200,fc1,balanced,8,192,1536,2560,1600,2560,3200,bf16,25165824000.0,0.19574272155761718,0.7225510406494141,0.9182937622070313,128.56582252327783,69.65825965009051,5.714036556590126,3.095922651115134,nvjet_tst_64x96_64x15_2x2_2cta_h_bz_TNT,"[192, 192, 192, 192, 192, 192, 192, 192]",2.4.90,OK
b200,NVIDIA B200,fc1,skewed,8,192,1536,2560,1600,2560,3200,bf16,25165824000.0,0.19716928482055665,0.6967110252380371,0.8938803100585937,127.63562044110148,72.24178486741152,5.672694241826732,3.210745994107179,nvjet_tst_48x64_64x16_1x2_2cta_h_bz_TNN,"[384, 384, 128, 128, 128, 128, 128, 128]",2.4.90,OK
b200,NVIDIA B200,fc2,balanced,8,192,1536,2560,1600,1600,2560,bf16,12582912000.0,0.19519935607910155,0.7021984100341797,0.8973977661132813,64.46185198941419,35.838622874089175,2.8649711995295197,1.592827683292852,nvjet_tst_64x64_64x16_2x1_2cta_v_bz_TNT,"[192, 192, 192, 192, 192, 192, 192, 192]",2.4.90,OK
b200,NVIDIA B200,fc2,skewed,8,192,1536,2560,1600,1600,2560,bf16,12582912000.0,0.19732032775878905,0.7036332702636718,0.9009535980224609,63.7689595538366,35.76554018056826,2.8341759801705155,1.5895795635808114,nvjet_tst_48x64_64x16_4x2_2cta_h_bz_TNN,"[384, 384, 128, 128, 128, 128, 128, 128]",2.4.90,OK
b200,NVIDIA B200,fc1,balanced,8,192,1536,4096,1280,4096,2560,bf16,32212254720.0,0.19571008682250976,0.6985670280456543,0.8942771148681641,164.591693984651,92.22380509460515,7.315186399317822,4.0988357819824515,nvjet_tst_64x64_64x16_2x1_2cta_v_bz_TNT,"[192, 192, 192, 192, 192, 192, 192, 192]",2.4.90,OK
b200,NVIDIA B200,fc1,skewed,8,192,1536,4096,1280,4096,2560,bf16,32212254720.0,0.1985043144226074,0.7098816108703614,0.9083859252929688,162.2748342457759,90.75387846856792,7.212214855367818,4.03350570971413,nvjet_tst_64x64_64x16_2x2_2cta_h_bz_TNT,"[384, 384, 128, 128, 128, 128, 128, 128]",2.4.90,OK
b200,NVIDIA B200,fc2,balanced,8,192,1536,4096,1280,1280,4096,bf16,16106127360.0,0.196944637298584,0.7020403480529784,0.8989849853515625,81.77997421469166,45.883765526207554,3.634665520652963,2.039278467831447,nvjet_tst_64x96_64x15_2x2_2cta_h_bz_TNT,"[192, 192, 192, 192, 192, 192, 192, 192]",2.4.90,OK
b200,NVIDIA B200,fc2,skewed,8,192,1536,4096,1280,1280,4096,bf16,16106127360.0,0.19627071380615235,0.7015346908569335,0.8978054046630859,82.06077742147149,45.91683795515846,3.6471456631765102,2.040748353562598,nvjet_tst_64x64_64x16_2x2_2cta_h_bz_TNT,"[384, 384, 128, 128, 128, 128, 128, 128]",2.4.90,OK
b200,NVIDIA B200,fc1,balanced,8,192,1536,6144,1536,6144,3072,bf16,57982058496.0,0.19808319091796875,0.6996781158447265,0.8977613067626953,292.71569297372554,165.73923689466216,13.009586354387801,7.36618830642943,nvjet_tst_64x64_64x16_2x1_2cta_v_bz_TNT,"[192, 192, 192, 192, 192, 192, 192, 192]",2.4.90,OK
b200,NVIDIA B200,fc1,skewed,8,192,1536,6144,1536,6144,3072,bf16,57982058496.0,0.19963840484619141,0.702646369934082,0.9022847747802735,290.43539263235175,165.0390892973361,12.908239672548968,7.33507063543716,nvjet_tst_64x64_64x16_2x2_2cta_h_bz_TNT,"[384, 384, 128, 128, 128, 128, 128, 128]",2.4.90,OK
b200,NVIDIA B200,fc2,balanced,8,192,1536,6144,1536,1536,6144,bf16,28991029248.0,0.19791168212890625,0.6998700714111328,0.8977817535400391,146.48467910609344,82.84688953635643,6.510430182493042,3.682083979393619,nvjet_tst_128x64_64x10_2x1_2cta_v_bz_TNT,"[192, 192, 192, 192, 192, 192, 192, 192]",2.4.90,OK
b200,NVIDIA B200,fc2,skewed,8,192,1536,6144,1536,1536,6144,bf16,28991029248.0,0.19941631317138672,0.7354060745239257,0.9348223876953125,145.3794265220614,78.84359472218856,6.461307845424951,3.5041597654306025,nvjet_tst_96x64_64x15_2x2_2cta_h_bz_TNN,"[384, 384, 128, 128, 128, 128, 128, 128]",2.4.90,OK
b200,NVIDIA B200,fc1,balanced,8,256,2048,1024,1280,1024,2560,bf16,10737418240.0,0.19679168701171876,0.6959065246582031,0.8926982116699219,54.56235678979975,30.858794563748976,2.424993635102211,1.3715019806110655,nvjet_tst_80x64_64x16_2x2_2cta_h_bz_TNN,"[256, 256, 256, 256, 256, 256, 256, 256]",2.4.90,OK
b200,NVIDIA B200,fc1,skewed,8,256,2048,1024,1280,1024,2560,bf16,10737418240.0,0.19876928329467775,0.7000537300109864,0.898823013305664,54.01950473444961,30.675983227263114,2.4008668770866493,1.3633770323228052,nvjet_tst_64x64_64x16_2x1_2cta_v_bz_TNT,"[512, 512, 170, 170, 170, 170, 170, 174]",2.4.90,OK
b200,NVIDIA B200,fc2,balanced,8,256,2048,1024,1280,1280,1024,bf16,5368709120.0,0.19524736404418946,0.6923980522155762,0.8876454162597657,27.496960823424605,15.50758007715616,1.2220871477077602,0.6892257812069404,nvjet_tst_64x32_64x16_2x2_2cta_h_bz_TNT,"[256, 256, 256, 256, 256, 256, 256, 256]",2.4.90,OK
b200,NVIDIA B200,fc2,skewed,8,256,2048,1024,1280,1280,1024,bf16,5368709120.0,0.197010555267334,0.6903186988830566,0.8873292541503907,27.250870455722108,15.554291456066977,1.2111497980320935,0.6913018424918655,nvjet_tst_64x24_64x16_1x4_h_bz_TNT,"[512, 512, 170, 170, 170, 170, 170, 174]",2.4.90,OK
b200,NVIDIA B200,fc1,balanced,8,256,2048,2048,1280,2048,2560,bf16,21474836480.0,0.194532470703125,0.6951226043701172,0.8896550750732422,110.39204099130905,61.78719076315852,4.906312932947069,2.74609736725149,nvjet_tst_80x64_64x16_2x2_2cta_h_bz_TNN,"[256, 256, 256, 256, 256, 256, 256, 256]",2.4.90,OK
b200,NVIDIA B200,fc1,skewed,8,256,2048,2048,1280,2048,2560,bf16,21474836480.0,0.19657279968261718,0.7133139038085937,0.9098867034912109,109.24622590039353,60.211461925358535,4.855387817795268,2.6760649744603793,nvjet_tst_64x64_64x16_2x1_2cta_v_bz_TNT,"[512, 512, 170, 170, 170, 170, 170, 174]",2.4.90,OK
b200,NVIDIA B200,fc2,balanced,8,256,2048,2048,1280,1280,2048,bf16,10737418240.0,0.19518848419189452,0.7001356887817383,0.8953241729736328,55.01051091438255,30.672392257802198,2.44491159619478,1.3632174336800977,nvjet_tst_64x64_64x16_2x2_2cta_h_bz_TNT,"[256, 256, 256, 256, 256, 256, 256, 256]",2.4.90,OK
b200,NVIDIA B200,fc2,skewed,8,256,2048,2048,1280,1280,2048,bf16,10737418240.0,0.19947967529296876,0.700442886352539,0.8999225616455078,53.827129125964,30.65894007693802,2.3923168500428447,1.3626195589750232,nvjet_tst_64x48_64x16_2x2_2cta_h_bz_TNT,"[512, 512, 170, 170, 170, 170, 170, 174]",2.4.90,OK
b200,NVIDIA B200,fc1,balanced,8,256,2048,2560,1600,2560,3200,bf16,33554432000.0,0.1962124824523926,0.7033933067321778,0.8996057891845703,171.0106899449752,95.40731104163349,7.600475108665565,4.240324935183711,nvjet_tst_96x64_64x15_1x2_2cta_h_bz_TNN,"[256, 256, 256, 256, 256, 256, 256, 256]",2.4.90,OK
b200,NVIDIA B200,fc1,skewed,8,256,2048,2560,1600,2560,3200,bf16,33554432000.0,0.19761791229248046,0.7070662307739257,0.9046841430664062,169.79448679904294,94.9117085206366,7.54642163551302,4.218298156472738,nvjet_tst_64x96_64x15_2x2_2cta_h_bz_TNT,"[512, 512, 170, 170, 170, 170, 170, 174]",2.4.90,OK
b200,NVIDIA B200,fc2,balanced,8,256,2048,2560,1600,1600,2560,bf16,16777216000.0,0.1970547294616699,0.696414737701416,0.893469467163086,85.13987989952517,48.181679943692224,3.7839946622011187,2.1414079974974323,nvjet_tst_80x64_64x16_2x2_2cta_h_bz_TNN,"[256, 256, 256, 256, 256, 256, 256, 256]",2.4.90,OK
b200,NVIDIA B200,fc2,skewed,8,256,2048,2560,1600,1600,2560,bf16,16777216000.0,0.1984569549560547,0.7016326141357421,0.9000895690917968,84.53831211768347,47.82336414240339,3.7572583163414874,2.125482850773484,nvjet_tst_64x64_64x16_2x1_2cta_v_bz_TNT,"[512, 512, 170, 170, 170, 170, 170, 174]",2.4.90,OK
b200,NVIDIA B200,fc1,balanced,8,256,2048,4096,1280,4096,2560,bf16,42949672960.0,0.19790592193603515,0.6920640182495117,0.8899699401855469,217.02065577341185,124.12052014677995,9.645362478818305,5.516467562079109,nvjet_tst_80x64_64x16_2x2_2cta_h_bz_TNN,"[256, 256, 256, 256, 256, 256, 256, 256]",2.4.90,OK
b200,NVIDIA B200,fc1,skewed,8,256,2048,4096,1280,4096,2560,bf16,42949672960.0,0.19704832077026369,0.6998310279846192,0.8968793487548828,217.96518129212845,122.7429800695946,9.687341390761263,5.4552435586486485,nvjet_tst_64x64_64x16_2x1_2cta_v_bz_TNT,"[512, 512, 170, 170, 170, 170, 170, 174]",2.4.90,OK
b200,NVIDIA B200,fc2,balanced,8,256,2048,4096,1280,1280,4096,bf16,21474836480.0,0.1945996856689453,0.691700439453125,0.8863001251220703,110.3539114473863,62.09288083430602,4.904618286550502,2.7596835926358234,nvjet_tst_112x64_64x14_1x2_2cta_h_bz_TNN,"[256, 256, 256, 256, 256, 256, 256, 256]",2.4.90,OK
b200,NVIDIA B200,fc2,skewed,8,256,2048,4096,1280,1280,4096,bf16,21474836480.0,0.1961510467529297,0.6942797088623046,0.8904307556152343,109.48112098045306,61.86220396730353,4.865827599131247,2.7494312874357125,nvjet_tst_64x96_64x15_2x2_2cta_h_bz_TNT,"[512, 512, 170, 170, 170, 170, 170, 174]",2.4.90,OK
b200,NVIDIA B200,fc1,balanced,8,256,2048,6144,1536,6144,3072,bf16,77309411328.0,0.19502784729003905,0.7039225769042968,0.8989504241943359,396.40191081547425,219.65316602854395,17.617862702909967,9.762362934601954,nvjet_tst_96x64_64x15_2x2_2cta_h_bz_TNN,"[256, 256, 256, 256, 256, 256, 256, 256]",2.4.90,OK
b200,NVIDIA B200,fc1,skewed,8,256,2048,6144,1536,6144,3072,bf16,77309411328.0,0.1976153564453125,0.7113766479492187,0.9089920043945312,391.2115572323671,217.3515578586119,17.38718032143854,9.660069238160528,nvjet_tst_64x64_64x16_2x1_2cta_v_bz_TNT,"[512, 512, 170, 170, 170, 170, 170, 174]",2.4.90,OK
b200,NVIDIA B200,fc2,balanced,8,256,2048,6144,1536,1536,6144,bf16,38654705664.0,0.19763776779174805,0.6963762855529786,0.8940140533447266,195.58359768933772,111.01672031610056,8.692604341748343,4.934076458493358,nvjet_tst_96x128_64x9_2x2_2cta_h_bz_TNN,"[256, 256, 256, 256, 256, 256, 256, 256]",2.4.90,OK
b200,NVIDIA B200,fc2,skewed,8,256,2048,6144,1536,1536,6144,bf16,38654705664.0,0.1974220848083496,0.7073043251037598,0.9047264099121094,195.79727213155826,109.30148252191006,8.702100983624812,4.857843667640447,nvjet_tst_128x64_64x10_2x1_2cta_v_bz_TNT,"[512, 512, 170, 170, 170, 170, 170, 174]",2.4.90,OK
b200,NVIDIA B200,fc1,balanced,8,512,4096,1024,1280,1024,2560,bf16,21474836480.0,0.2299168014526367,0.679623680114746,0.9095404815673828,93.40264106111383,63.196257306320575,4.151228491605059,2.8087225469475814,nvjet_tst_80x128_64x10_2x2_2cta_h_bz_TNN,"[512, 512, 512, 512, 512, 512, 512, 512]",2.4.90,OK
b200,NVIDIA B200,fc1,skewed,8,512,4096,1024,1280,1024,2560,bf16,21474836480.0,0.20298688888549804,0.6968345832824707,0.8998214721679687,105.7942047287283,61.63539237344339,4.701964654610147,2.7393507721530397,nvjet_tst_112x64_64x14_1x2_2cta_h_bz_TNN,"[1024, 1024, 341, 341, 341, 341, 341, 343]",2.4.90,OK
b200,NVIDIA B200,fc2,balanced,8,512,4096,1024,1280,1280,1024,bf16,10737418240.0,0.2007027244567871,0.6960844612121582,0.8967871856689453,53.49911551555371,30.850906286004175,2.377738467357943,1.3711513904890744,nvjet_tst_64x64_64x16_2x2_2cta_h_bz_TNT,"[512, 512, 512, 512, 512, 512, 512, 512]",2.4.90,OK
b200,NVIDIA B200,fc2,skewed,8,512,4096,1024,1280,1280,1024,bf16,10737418240.0,0.1990163230895996,0.7015283393859864,0.900544662475586,53.95245009710023,30.61150245020163,2.3978866709822326,1.3605112200089613,nvjet_tst_48x64_64x16_2x2_2cta_h_bz_TNN,"[1024, 1024, 341, 341, 341, 341, 341, 343]",2.4.90,OK
b200,NVIDIA B200,fc1,balanced,8,512,4096,2048,1280,2048,2560,bf16,42949672960.0,0.1973721694946289,0.7004396438598633,0.8978118133544922,217.60754350510794,122.6363280162735,9.671446378004797,5.450503467389933,nvjet_tst_80x128_64x10_2x2_2cta_h_bz_TNN,"[512, 512, 512, 512, 512, 512, 512, 512]",2.4.90,OK
b200,NVIDIA B200,fc1,skewed,8,512,4096,2048,1280,2048,2560,bf16,42949672960.0,0.19873664855957032,0.6955891418457032,0.8943257904052735,216.11350131591885,123.49149915145505,9.605044502929726,5.488511073398002,nvjet_tst_112x64_64x14_1x2_2cta_h_bz_TNN,"[1024, 1024, 341, 341, 341, 341, 341, 343]",2.4.90,OK
b200,NVIDIA B200,fc2,balanced,8,512,4096,2048,1280,1280,2048,bf16,21474836480.0,0.19717056274414063,0.6957657623291016,0.8929363250732422,108.91502352644258,61.73007538661342,4.840667712286337,2.7435589060717076,nvjet_tst_128x64_64x10_2x2_2cta_h_bz_TNT,"[512, 512, 512, 512, 512, 512, 512, 512]",2.4.90,OK
b200,NVIDIA B200,fc2,skewed,8,512,4096,2048,1280,1280,2048,bf16,21474836480.0,0.19784704208374024,0.7017996406555176,0.8996466827392579,108.5426208743147,61.1993373491653,4.824116483302875,2.719970548851791,nvjet_tst_96x64_64x15_2x2_2cta_h_bz_TNN,"[1024, 1024, 341, 341, 341, 341, 341, 343]",2.4.90,OK
b200,NVIDIA B200,fc1,balanced,8,512,4096,2560,1600,2560,3200,bf16,67108864000.0,0.19920000076293945,0.7065862083435059,0.9057862091064454,336.8918862598991,189.95237440970578,14.972972722662183,8.442327751542479,nvjet_tst_88x128_64x8_1x2_h_bz_TNN,"[512, 512, 512, 512, 512, 512, 512, 512]",2.4.90,OK
b200,NVIDIA B200,fc1,skewed,8,512,4096,2560,1600,2560,3200,bf16,67108864000.0,0.19710847854614258,0.7075558280944825,0.904664306640625,340.4666531596711,189.69206763720902,15.131851251540938,8.430758561653734,nvjet_tst_80x128_64x8_4x1_v_bz_TNN,"[1024, 1024, 341, 341, 341, 341, 341, 343]",2.4.90,OK
b200,NVIDIA B200,fc2,balanced,8,512,4096,2560,1600,1600,2560,bf16,33554432000.0,0.196496639251709,0.7047487831115722,0.9012454223632812,170.76338876726192,95.22380968677128,7.589483945211642,4.232169319412057,nvjet_tst_80x128_64x10_2x2_2cta_h_bz_TNN,"[512, 512, 512, 512, 512, 512, 512, 512]",2.4.90,OK
b200,NVIDIA B200,fc2,skewed,8,512,4096,2560,1600,1600,2560,bf16,33554432000.0,0.19845184326171875,0.7072793579101563,0.905731201171875,169.08097928699175,94.88310842025825,7.514710190532966,4.2170270409003665,nvjet_tst_112x64_64x14_1x2_2cta_h_bz_TNN,"[1024, 1024, 341, 341, 341, 341, 341, 343]",2.4.90,OK
b200,NVIDIA B200,fc1,balanced,8,512,4096,4096,1280,4096,2560,bf16,85899345920.0,0.19846527099609376,0.7046470642089844,0.9031123352050782,432.8180214546992,243.80814249592603,19.236356509097742,10.83591744426338,nvjet_tst_80x128_64x10_2x2_2cta_h_bz_TNN,"[512, 512, 512, 512, 512, 512, 512, 512]",2.4.90,OK
b200,NVIDIA B200,fc1,skewed,8,512,4096,4096,1280,4096,2560,bf16,85899345920.0,0.19767168045043945,0.7053152275085449,0.9029869079589844,434.5556516960801,243.57717675664196,19.31358451982578,10.825652300295198,nvjet_tst_112x64_64x14_1x2_2cta_h_bz_TNN,"[1024, 1024, 341, 341, 341, 341, 341, 343]",2.4.90,OK
b200,NVIDIA B200,fc2,balanced,8,512,4096,4096,1280,1280,4096,bf16,42949672960.0,0.19806207656860353,0.695020809173584,0.8930828857421875,216.84955395852046,123.59248066563475,9.63775795371202,5.492999140694878,nvjet_tst_112x128_64x9_1x2_2cta_h_bz_TNN,"[512, 512, 512, 512, 512, 512, 512, 512]",2.4.90,OK
b200,NVIDIA B200,fc2,skewed,8,512,4096,4096,1280,1280,4096,bf16,42949672960.0,0.19917631149291992,0.7042208290100098,0.9033971405029297,215.636451132527,121.97785464647059,9.583842272556755,5.421237984287582,nvjet_tst_128x88_64x7_1x4_h_bz_TNT,"[1024, 1024, 341, 341, 341, 341, 341, 343]",2.4.90,OK
b200,NVIDIA B200,fc1,balanced,8,512,4096,6144,1536,6144,3072,bf16,154618822656.0,0.19944896697998046,0.7553145217895507,0.9547634887695312,775.2299999203293,409.41572866801215,34.45466666312575,18.196254607467207,nvjet_tst_96x128_64x9_2x2_2cta_h_bz_TNN,"[512, 512, 512, 512, 512, 512, 512, 512]",2.4.90,OK
b200,NVIDIA B200,fc1,skewed,8,512,4096,6144,1536,6144,3072,bf16,154618822656.0,0.2020217514038086,0.7006399917602538,0.9026617431640624,765.3573022785163,441.3645366361209,34.01588010126739,19.61620162827204,nvjet_tst_128x64_64x8_1x2_h_bz_TNT,"[1024, 1024, 341, 341, 341, 341, 341, 343]",2.4.90,OK
b200,NVIDIA B200,fc2,balanced,8,512,4096,6144,1536,1536,6144,bf16,77309411328.0,0.19670400619506836,0.7029843330383301,0.8996883392333984,393.0240813262005,219.94632794692657,17.46773694783113,9.775392353196736,nvjet_tst_176x128_64x8_1x2_2cta_h_bz_TNN,"[512, 512, 512, 512, 512, 512, 512, 512]",2.4.90,OK
b200,NVIDIA B200,fc2,skewed,8,512,4096,6144,1536,1536,6144,bf16,77309411328.0,0.1982476806640625,0.7062713623046875,0.90451904296875,389.963761840944,218.92268454925264,17.3317227484864,9.729897091077895,nvjet_tst_128x120_64x6_2x1_v_bz_TNT,"[1024, 1024, 341, 341, 341, 341, 341, 343]",2.4.90,OK
b200,NVIDIA B200,fc1,balanced,8,1024,8192,1024,1280,1024,2560,bf16,42949672960.0,0.20480064392089845,0.6905094146728515,0.89531005859375,209.71454062707315,124.3999634106325,9.32064625009214,5.528887262694778,nvjet_tst_144x128_64x8_1x2_2cta_h_bz_TNN,"[1024, 1024, 1024, 1024, 1024, 1024, 1024, 1024]",2.4.90,OK
b200,NVIDIA B200,fc1,skewed,8,1024,8192,1024,1280,1024,2560,bf16,42949672960.0,0.19745407104492188,0.7163462829589844,0.9138003540039062,217.5172825392327,119.91315926869731,9.667434779521454,5.329473745275436,nvjet_tst_128x120_64x6_4x2_h_bz_TNT,"[2048, 2048, 682, 682, 682, 682, 682, 686]",2.4.90,OK
b200,NVIDIA B200,fc2,balanced,8,1024,8192,1024,1280,1280,1024,bf16,21474836480.0,0.19711872100830077,0.7000006484985352,0.8971193695068359,108.94366790811148,61.35661881474654,4.841940795916066,2.7269608362109574,nvjet_tst_128x64_64x10_2x2_2cta_h_bz_TNT,"[1024, 1024, 1024, 1024, 1024, 1024, 1024, 1024]",2.4.90,OK
b200,NVIDIA B200,fc2,skewed,8,1024,8192,1024,1280,1280,1024,bf16,21474836480.0,0.19739904403686523,0.7014675331115723,0.8988665771484375,108.78895885630261,61.22831197829454,4.835064838057894,2.7212583101464243,nvjet_tst_64x80_64x16_2x1_2cta_v_bz_TNT,"[2048, 2048, 682, 682, 682, 682, 682, 686]",2.4.90,OK
b200,NVIDIA B200,fc1,balanced,8,1024,8192,2048,1280,2048,2560,bf16,85899345920.0,0.20491327285766603,0.7021657371520996,0.9070790100097657,419.1985454239765,244.66971649285395,18.63104646328784,10.87420962190462,nvjet_tst_144x128_64x8_1x2_2cta_h_bz_TNN,"[1024, 1024, 1024, 1024, 1024, 1024, 1024, 1024]",2.4.90,OK
b200,NVIDIA B200,fc1,skewed,8,1024,8192,2048,1280,2048,2560,bf16,85899345920.0,0.20142719268798828,0.7339033889770508,0.935330581665039,426.45357249782313,234.08897468025202,18.95349211101436,10.403954430233423,nvjet_tst_128x120_64x6_4x2_h_bz_TNT,"[2048, 2048, 682, 682, 682, 682, 682, 686]",2.4.90,OK
b200,NVIDIA B200,fc2,balanced,8,1024,8192,2048,1280,1280,2048,bf16,42949672960.0,0.19836479187011719,0.7072045135498046,0.9055693054199219,216.5186299195779,121.46323202722401,9.623050218647906,5.398365867876622,nvjet_tst_128x128_64x8_2x2_2cta_h_bz_TNT,"[1024, 1024, 1024, 1024, 1024, 1024, 1024, 1024]",2.4.90,OK
b200,NVIDIA B200,fc2,skewed,8,1024,8192,2048,1280,1280,2048,bf16,42949672960.0,0.20010303497314452,0.7022527694702149,0.9023558044433594,214.6377888059729,122.31969691597394,9.539457280265461,5.436430974043286,nvjet_tst_128x88_64x7_1x4_h_bz_TNT,"[2048, 2048, 682, 682, 682, 682, 682, 686]",2.4.90,OK
b200,NVIDIA B200,fc1,balanced,8,1024,8192,2560,1600,2560,3200,bf16,134217728000.0,0.19712064743041993,0.7003219032287598,0.8974425506591797,680.8912701414317,383.30295648673393,30.26183422850808,17.035686954965954,nvjet_tst_192x128_64x6_2x1_2cta_v_bz_TNT,"[1024, 1024, 1024, 1024, 1024, 1024, 1024, 1024]",2.4.90,OK
b200,NVIDIA B200,fc1,skewed,8,1024,8192,2560,1600,2560,3200,bf16,134217728000.0,0.19951360702514648,0.6982630348205567,0.8977766418457032,672.7246827986191,384.4331471291244,29.898874791049742,17.08591765018331,nvjet_tst_144x128_64x8_1x2_2cta_h_bz_TNN,"[2048, 2048, 682, 682, 682, 682, 682, 686]",2.4.90,OK
b200,NVIDIA B200,fc2,balanced,8,1024,8192,2560,1600,1600,2560,bf16,67108864000.0,0.19711679458618164,0.7113542747497559,0.9084710693359375,340.4522894200132,188.67916137457084,15.131212863111697,8.385740505536482,nvjet_tst_144x128_64x8_1x2_2cta_h_bz_TNN,"[1024, 1024, 1024, 1024, 1024, 1024, 1024, 1024]",2.4.90,OK
b200,NVIDIA B200,fc2,skewed,8,1024,8192,2560,1600,1600,2560,bf16,67108864000.0,0.20491968154907225,0.6934662437438965,0.8983859252929688,327.48862135982483,193.5461591834423,14.555049838214437,8.602051519264103,nvjet_tst_128x120_64x6_4x2_h_bz_TNT,"[2048, 2048, 682, 682, 682, 682, 682, 686]",2.4.90,OK
b200,NVIDIA B200,fc1,balanced,8,1024,8192,4096,1280,4096,2560,bf16,171798691840.0,0.19809728622436523,0.6986322975158692,0.8967295837402344,867.2440451577949,491.81434196748586,38.544179784790884,21.85841519855493,nvjet_tst_144x128_64x8_1x2_2cta_h_bz_TNN,"[1024, 1024, 1024, 1024, 1024, 1024, 1024, 1024]",2.4.90,OK
b200,NVIDIA B200,fc1,skewed,8,1024,8192,4096,1280,4096,2560,bf16,171798691840.0,0.20030336380004882,0.71588285446167,0.9161862182617188,857.6924949273275,479.9631413695172,38.119666441214555,21.33169517197854,nvjet_tst_128x120_64x6_4x2_h_bz_TNT,"[2048, 2048, 682, 682, 682, 682, 682, 686]",2.4.90,OK
b200,NVIDIA B200,fc2,balanced,8,1024,8192,4096,1280,1280,4096,bf16,85899345920.0,0.19737791061401366,0.7010246467590332,0.8984025573730469,435.2024279352222,245.0679767598146,19.34233013045432,10.891910078213982,nvjet_tst_128x256_64x6_2x2_2cta_h_bz_TNT,"[1024, 1024, 1024, 1024, 1024, 1024, 1024, 1024]",2.4.90,OK
b200,NVIDIA B200,fc2,skewed,8,1024,8192,4096,1280,1280,4096,bf16,85899345920.0,0.19844032287597657,0.7010169219970703,0.8994572448730469,432.87243577852024,245.07067725351996,19.23877492348979,10.892030100156443,nvjet_tst_128x176_64x7_2x2_2cta_h_bz_TNT,"[2048, 2048, 682, 682, 682, 682, 682, 686]",2.4.90,OK
b200,NVIDIA B200,fc1,balanced,8,1024,8192,6144,1536,6144,3072,bf16,309237645312.0,0.2664569664001465,0.6561126136779785,0.922569580078125,1160.5538015756306,942.6358794674065,51.580168958916914,41.89492797632918,nvjet_tst_192x128_64x6_2x2_2cta_h_bz_TNT,"[1024, 1024, 1024, 1024, 1024, 1024, 1024, 1024]",2.4.90,OK
b200,NVIDIA B200,fc1,skewed,8,1024,8192,6144,1536,6144,3072,bf16,309237645312.0,0.2637068748474121,0.6841126441955567,0.9478195190429688,1172.6567443148126,904.0547574606821,52.118077525102784,40.18021144269699,nvjet_tst_144x128_64x8_2x2_2cta_h_bz_TNN,"[2048, 2048, 682, 682, 682, 682, 682, 686]",2.4.90,OK
b200,NVIDIA B200,fc2,balanced,8,1024,8192,6144,1536,1536,6144,bf16,154618822656.0,0.19825023651123047,0.7000115585327149,0.8982617950439453,779.917468836115,441.7607702938348,34.662998614938445,19.633812013059323,nvjet_tst_176x128_64x8_1x2_2cta_h_bz_TNN,"[1024, 1024, 1024, 1024, 1024, 1024, 1024, 1024]",2.4.90,OK
b200,NVIDIA B200,fc2,skewed,8,1024,8192,6144,1536,1536,6144,bf16,154618822656.0,0.1998860740661621,0.7060332679748536,0.9059193420410157,773.534741618975,437.9930229052804,34.37932184973222,19.466356573568017,nvjet_tst_192x176_64x6_2x2_2cta_h_bz_TNT,"[2048, 2048, 682, 682, 682, 682, 682, 686]",2.4.90,OK
b200,NVIDIA B200,fc1,balanced,8,2048,16384,1024,1280,1024,2560,bf16,85899345920.0,0.19787071228027345,0.7005567932128907,0.8984275054931641,434.11854604499575,245.23164075263273,19.29415760199981,10.899184033450345,nvjet_tst_144x128_64x8_1x2_2cta_h_bz_TNN,"[2048, 2048, 2048, 2048, 2048, 2048, 2048, 2048]",2.4.90,OK
b200,NVIDIA B200,fc1,skewed,8,2048,16384,1024,1280,1024,2560,bf16,85899345920.0,0.19883520126342774,0.7023193550109863,0.9011545562744141,432.01276923896313,244.61620004379998,19.200567521731696,10.871831113057777,nvjet_tst_128x200_64x5_2x1_v_bz_TNT,"[4096, 4096, 1365, 1365, 1365, 1365, 1365, 1367]",2.4.90,OK
b200,NVIDIA B200,fc2,balanced,8,2048,16384,1024,1280,1280,1024,bf16,42949672960.0,0.19758016586303712,0.6966527748107909,0.8942329406738281,217.3784639383934,123.30295525389967,9.661265063928596,5.480131344617763,nvjet_tst_128x128_64x8_2x2_2cta_h_bz_TNT,"[2048, 2048, 2048, 2048, 2048, 2048, 2048, 2048]",2.4.90,OK
b200,NVIDIA B200,fc2,skewed,8,2048,16384,1024,1280,1280,1024,bf16,42949672960.0,0.19819391250610352,0.6985811424255371,0.8967750549316407,216.7053085380578,122.96258902974344,9.631347046135902,5.465003956877487,nvjet_tst_128x80_64x8_1x2_h_bz_TNT,"[4096, 4096, 1365, 1365, 1365, 1365, 1365, 1367]",2.4.90,OK
b200,NVIDIA B200,fc1,balanced,8,2048,16384,2048,1280,2048,2560,bf16,171798691840.0,0.19806976318359376,0.7018137359619141,0.8998834991455078,867.3645541786067,489.58486571805474,38.549535741271406,21.759327365246875,nvjet_tst_144x128_64x8_1x2_2cta_h_bz_TNN,"[2048, 2048, 2048, 2048, 2048, 2048, 2048, 2048]",2.4.90,OK
b200,NVIDIA B200,fc1,skewed,8,2048,16384,2048,1280,2048,2560,bf16,171798691840.0,0.19949888229370116,0.7019641304016113,0.9014630126953125,861.1511496444322,489.4799731197366,38.27338442864143,21.754665471988293,nvjet_tst_128x200_64x5_2x1_v_bz_TNT,"[4096, 4096, 1365, 1365, 1365, 1365, 1365, 1367]",2.4.90,OK
b200,NVIDIA B200,fc2,balanced,8,2048,16384,2048,1280,1280,2048,bf16,85899345920.0,0.1970252799987793,0.6965612983703613,0.8935865783691406,435.9813416863674,246.63829621589846,19.376948519394105,10.961702054039932,nvjet_tst_128x256_64x6_2x2_2cta_h_bz_TNT,"[2048, 2048, 2048, 2048, 2048, 2048, 2048, 2048]",2.4.90,OK
b200,NVIDIA B200,fc2,skewed,8,2048,16384,2048,1280,1280,2048,bf16,85899345920.0,0.19880895614624022,0.6986649513244629,0.8974739074707031,432.0697999984166,245.89567791302585,19.203102222151852,10.928696796134483,nvjet_tst_128x152_64x6_2x1_v_bz_TNT,"[4096, 4096, 1365, 1365, 1365, 1365, 1365, 1367]",2.4.90,OK
b200,NVIDIA B200,fc1,balanced,8,2048,16384,2560,1600,2560,3200,bf16,268435456000.0,0.20795455932617188,0.6926195526123047,0.9005741119384766,1290.8370793590786,775.131036909255,57.3705368604035,34.450268307078005,nvjet_tst_128x192_64x7_2x1_2cta_v_bz_TNT,"[2048, 2048, 2048, 2048, 2048, 2048, 2048, 2048]",2.4.90,OK
b200,NVIDIA B200,fc1,skewed,8,2048,16384,2560,1600,2560,3200,bf16,268435456000.0,0.20824703216552734,0.6948787307739258,0.9031257629394531,1289.0241613942005,772.6109437859127,57.28996272863113,34.33826416826279,nvjet_tst_192x176_64x6_2x1_2cta_v_bz_TNT,"[4096, 4096, 1365, 1365, 1365, 1365, 1365, 1367]",2.4.90,OK
b200,NVIDIA B200,fc2,balanced,8,2048,16384,2560,1600,1600,2560,bf16,134217728000.0,0.20092351913452147,0.6937715339660645,0.894695053100586,668.0040673095075,386.92198059127975,29.689069658200335,17.196532470723543,nvjet_tst_144x128_64x8_1x2_2cta_h_bz_TNN,"[2048, 2048, 2048, 2048, 2048, 2048, 2048, 2048]",2.4.90,OK
b200,NVIDIA B200,fc2,skewed,8,2048,16384,2560,1600,1600,2560,bf16,134217728000.0,0.2001139259338379,0.6951634788513184,0.8952774047851563,670.7065856295046,386.14723610561396,29.809181583533537,17.162099382471734,nvjet_tst_128x200_64x5_2x1_v_bz_TNT,"[4096, 4096, 1365, 1365, 1365, 1365, 1365, 1367]",2.4.90,OK
b200,NVIDIA B200,fc1,balanced,8,2048,16384,4096,1280,4096,2560,bf16,343597383680.0,0.2534316825866699,0.6796895790100098,0.9331212615966797,1355.7791203256313,1011.0420824178616,60.25684979225028,44.93520366301607,nvjet_tst_144x128_64x8_1x2_2cta_h_bz_TNN,"[2048, 2048, 2048, 2048, 2048, 2048, 2048, 2048]",2.4.90,OK
b200,NVIDIA B200,fc1,skewed,8,2048,16384,4096,1280,4096,2560,bf16,343597383680.0,0.25333248138427733,0.6763577651977539,0.9296902465820313,1356.310023106752,1016.0225885173028,60.2804454714112,45.1565594896579,nvjet_tst_128x200_64x5_2x1_v_bz_TNT,"[4096, 4096, 1365, 1365, 1365, 1365, 1365, 1367]",2.4.90,OK
b200,NVIDIA B200,fc2,balanced,8,2048,16384,4096,1280,1280,4096,bf16,171798691840.0,0.1976313591003418,0.6977363014221192,0.895367660522461,869.2886221198024,492.44590396068435,38.63504987199122,21.88648462047486,nvjet_tst_128x256_64x6_2x2_2cta_h_bz_TNT,"[2048, 2048, 2048, 2048, 2048, 2048, 2048, 2048]",2.4.90,OK
b200,NVIDIA B200,fc2,skewed,8,2048,16384,4096,1280,1280,4096,bf16,171798691840.0,0.19839935302734374,0.7026470184326172,0.9010463714599609,865.9236495409459,489.00425770888046,38.48549553515315,21.73352256483913,nvjet_tst_128x160_64x8_2x1_2cta_v_bz_TNT,"[4096, 4096, 1365, 1365, 1365, 1365, 1365, 1367]",2.4.90,OK
b200,NVIDIA B200,fc1,balanced,8,2048,16384,6144,1536,6144,3072,bf16,618475290624.0,0.4649728012084961,1.1042425918579102,1.5692153930664063,1330.132190563707,1120.1801038726517,59.11698624727587,49.785782394340075,nvjet_tst_192x128_64x6_2x2_2cta_h_bz_TNT,"[2048, 2048, 2048, 2048, 2048, 2048, 2048, 2048]",2.4.90,OK
b200,NVIDIA B200,fc1,skewed,8,2048,16384,6144,1536,6144,3072,bf16,618475290624.0,0.4584729766845703,1.133105239868164,1.5915782165527343,1348.989628781352,1091.6466871090615,59.95509461250454,48.51763053818051,nvjet_tst_192x176_64x6_2x2_2cta_h_bz_TNT,"[4096, 4096, 1365, 1365, 1365, 1365, 1365, 1367]",2.4.90,OK
b200,NVIDIA B200,fc2,balanced,8,2048,16384,6144,1536,1536,6144,bf16,309237645312.0,0.2303129577636719,0.7247475433349609,0.9550605010986328,1342.6845294102563,853.3665223314259,59.67486797378917,37.92740099250782,nvjet_tst_128x256_64x6_2x2_2cta_h_bz_TNT,"[2048, 2048, 2048, 2048, 2048, 2048, 2048, 2048]",2.4.90,OK
b200,NVIDIA B200,fc2,skewed,8,2048,16384,6144,1536,1536,6144,bf16,309237645312.0,0.23266687393188476,0.7373805046081543,0.9700473785400391,1329.100443419943,838.7464636763881,59.07113081866414,37.277620607839474,nvjet_tst_128x232_64x4_2x1_v_bz_TNT,"[4096, 4096, 1365, 1365, 1365, 1365, 1365, 1367]",2.4.90,OK
b200,NVIDIA B200,fc1,balanced,8,4096,32768,1024,1280,1024,2560,bf16,171798691840.0,0.20002752304077148,0.7061248207092286,0.90615234375,858.875264905332,486.5958164944441,38.17223399579253,21.626480733086403,nvjet_tst_128x192_64x7_2x1_2cta_v_bz_TNT,"[4096, 4096, 4096, 4096, 4096, 4096, 4096, 4096]",2.4.90,OK
b200,NVIDIA B200,fc1,skewed,8,4096,32768,1024,1280,1024,2560,bf16,171798691840.0,0.20283712387084962,0.7012806129455567,0.9041177368164063,846.97854397397,489.95705476129405,37.64349084328755,21.775869100501957,nvjet_tst_256x96_64x5_2x1_2cta_v_bz_TNT,"[8192, 8192, 2730, 2730, 2730, 2730, 2730, 2734]",2.4.90,OK
b200,NVIDIA B200,fc2,balanced,8,4096,32768,1024,1280,1280,1024,bf16,85899345920.0,0.22349824905395507,0.6805727958679199,0.904071044921875,384.34012921176355,252.432499334489,17.081783520522826,11.219222192643956,nvjet_tst_128x256_64x6_2x2_2cta_h_bz_TNT,"[4096, 4096, 4096, 4096, 4096, 4096, 4096, 4096]",2.4.90,OK
b200,NVIDIA B200,fc2,skewed,8,4096,32768,1024,1280,1280,1024,bf16,85899345920.0,0.19938304901123047,0.699022102355957,0.8984051513671875,430.82572137394504,245.77004255083835,19.147809838842,10.923113002259484,nvjet_tst_128x152_64x6_2x1_v_bz_TNT,"[8192, 8192, 2730, 2730, 2730, 2730, 2730, 2734]",2.4.90,OK
b200,NVIDIA B200,fc1,balanced,8,4096,32768,2048,1280,2048,2560,bf16,343597383680.0,0.2492019271850586,0.6838489151000976,0.9330508422851562,1378.7910372974077,1004.8926775871431,61.27960165766257,44.6618967816508,nvjet_tst_128x192_64x7_2x1_2cta_v_bz_TNT,"[4096, 4096, 4096, 4096, 4096, 4096, 4096, 4096]",2.4.90,OK
b200,NVIDIA B200,fc1,skewed,8,4096,32768,2048,1280,2048,2560,bf16,343597383680.0,0.25899711608886716,0.7187283325195313,0.9777254486083984,1326.6455969421095,956.1258910595759,58.96202653076042,42.494484047092264,nvjet_tst_256x96_64x5_2x1_2cta_v_bz_TNT,"[8192, 8192, 2730, 2730, 2730, 2730, 2730, 2734]",2.4.90,OK
b200,NVIDIA B200,fc2,balanced,8,4096,32768,2048,1280,1280,2048,bf16,171798691840.0,0.19732351303100587,0.6976236915588379,0.8949472045898438,870.6448065974017,492.5253941881371,38.695324737662304,21.89001751947276,nvjet_tst_160x192_64x6_1x2_2cta_h_bz_TNN,"[4096, 4096, 4096, 4096, 4096, 4096, 4096, 4096]",2.4.90,OK
b200,NVIDIA B200,fc2,skewed,8,4096,32768,2048,1280,1280,2048,bf16,171798691840.0,0.1991084861755371,0.6929689216613769,0.892077407836914,862.8396264764908,495.833756665787,38.34842784339959,22.037055851812756,nvjet_tst_128x160_64x8_2x1_2cta_v_bz_TNT,"[8192, 8192, 2730, 2730, 2730, 2730, 2730, 2734]",2.4.90,OK
b200,NVIDIA B200,fc1,balanced,8,4096,32768,2560,1600,2560,3200,bf16,536870912000.0,0.36852096557617187,0.9910879516601563,1.3596089172363282,1456.8259669042652,1083.3971114282958,64.74782075130068,48.15098273014648,nvjet_tst_128x256_64x6_2x1_2cta_v_bz_TNT,"[4096, 4096, 4096, 4096, 4096, 4096, 4096, 4096]",2.4.90,OK
b200,NVIDIA B200,fc1,skewed,8,4096,32768,2560,1600,2560,3200,bf16,536870912000.0,0.3679999923706055,1.0121350479125977,1.380135040283203,1458.8883780718343,1060.868138312628,64.8394834698593,47.1496950361168,nvjet_tst_128x256_64x6_2x1_2cta_v_bz_TNT,"[8192, 8192, 2730, 2730, 2730, 2730, 2730, 2734]",2.4.90,OK
b200,NVIDIA B200,fc2,balanced,8,4096,32768,2560,1600,1600,2560,bf16,268435456000.0,0.20320831298828124,0.7031251525878907,0.9063334655761719,1320.9865878640524,763.5495758102483,58.7105150161801,33.935536702677695,nvjet_tst_128x192_64x7_2x1_2cta_v_bz_TNT,"[4096, 4096, 4096, 4096, 4096, 4096, 4096, 4096]",2.4.90,OK
b200,NVIDIA B200,fc2,skewed,8,4096,32768,2560,1600,1600,2560,bf16,268435456000.0,0.2107219123840332,0.7006080436706543,0.9113299560546875,1273.8848701732827,766.2928178603316,56.61710534103479,34.0574585715703,nvjet_tst_256x96_64x5_2x1_2cta_v_bz_TNT,"[8192, 8192, 2730, 2730, 2730, 2730, 2730, 2734]",2.4.90,OK
b200,NVIDIA B200,fc1,balanced,8,4096,32768,4096,1280,4096,2560,bf16,687194767360.0,0.46505409240722656,1.3791858673095703,1.8442399597167969,1477.6663157675323,996.5223450274134,65.67405847855699,44.28988200121837,nvjet_tst_128x192_64x7_2x1_2cta_v_bz_TNT,"[4096, 4096, 4096, 4096, 4096, 4096, 4096, 4096]",2.4.90,OK
b200,NVIDIA B200,fc1,skewed,8,4096,32768,4096,1280,4096,2560,bf16,687194767360.0,0.48519744873046877,1.2765740966796875,1.7617715454101563,1416.3198284699606,1076.6233924804883,62.947547931998244,47.84992855468837,nvjet_tst_256x208_64x4_2x1_2cta_v_bz_TNT,"[8192, 8192, 2730, 2730, 2730, 2730, 2730, 2734]",2.4.90,OK
b200,NVIDIA B200,fc2,balanced,8,4096,32768,4096,1280,1280,4096,bf16,343597383680.0,0.26365760803222654,0.8338272094726562,1.0974848175048828,1303.1954065137481,824.1452899991209,57.919795845055475,36.628679555516484,nvjet_tst_128x256_64x6_2x2_2cta_h_bz_TNT,"[4096, 4096, 4096, 4096, 4096, 4096, 4096, 4096]",2.4.90,OK
b200,NVIDIA B200,fc2,skewed,8,4096,32768,4096,1280,1280,4096,bf16,343597383680.0,0.25673215866088867,0.7818457984924316,1.0385779571533202,1338.3496071244022,878.9390039379384,59.482204761084546,39.06395573057504,nvjet_tst_176x128_64x8_2x2_2cta_h_bz_TNN,"[8192, 8192, 2730, 2730, 2730, 2730, 2730, 2734]",2.4.90,OK
b200,NVIDIA B200,fc1,balanced,8,4096,32768,6144,1536,6144,3072,bf16,1236950581248.0,0.8589766693115234,2.195382461547852,3.054359130859375,1440.0281467940517,1126.8656855133017,64.00125096862453,50.082919356146746,nvjet_tst_128x256_64x6_2x2_2cta_h_bz_TNT,"[4096, 4096, 4096, 4096, 4096, 4096, 4096, 4096]",2.4.90,OK
b200,NVIDIA B200,fc1,skewed,8,4096,32768,6144,1536,6144,3072,bf16,1236950581248.0,0.8880134582519531,2.094419708251953,2.982433166503906,1392.94125528562,1181.1869191016972,61.908500234916445,52.497196404519876,nvjet_tst_256x128_64x5_2x2_2cta_h_bz_TNT,"[8192, 8192, 2730, 2730, 2730, 2730, 2730, 2734]",2.4.90,OK
b200,NVIDIA B200,fc2,balanced,8,4096,32768,6144,1536,1536,6144,bf16,618475290624.0,0.42570110321044924,1.323428535461426,1.749129638671875,1452.8392948943124,934.6561209039712,64.5706353286361,41.5402720401765,nvjet_tst_128x256_64x6_2x2_2cta_h_bz_TNT,"[4096, 4096, 4096, 4096, 4096, 4096, 4096, 4096]",2.4.90,OK
b200,NVIDIA B200,fc2,skewed,8,4096,32768,6144,1536,1536,6144,bf16,618475290624.0,0.43194686889648437,1.3708941650390627,1.802841033935547,1431.8318644236242,902.2947305438082,63.63697175216108,40.10198802416926,nvjet_tst_256x128_64x5_2x2_2cta_h_bz_TNT,"[8192, 8192, 2730, 2730, 2730, 2730, 2730, 2734]",2.4.90,OK
b200,NVIDIA B200,fc1,balanced,16,64,1024,1024,1280,1024,2560,bf16,5368709120.0,0.31421503067016604,1.0925261497497558,1.406741180419922,17.08609899580385,9.828065206914648,0.7593821775912823,0.4368028980850955,nvjet_tst_24x64_64x16_4x1_v_bz_TNN,"[64, 64, 64, 64, 64, 64, 64, 64, 64, 64, 64, 64, 64, 64, 64, 64]",2.4.90,OK
b200,NVIDIA B200,fc1,skewed,16,64,1024,1024,1280,1024,2560,bf16,5368709120.0,0.3170483207702637,1.1099756050109864,1.42702392578125,16.933409730595038,9.67356236616905,0.7525959880264461,0.42993610516306885,nvjet_tst_64x16_64x16_2x1_2cta_v_bz_TNT,"[128, 128, 128, 128, 42, 42, 42, 42, 42, 42, 42, 42, 42, 42, 42, 50]",2.4.90,OK
b200,NVIDIA B200,fc2,balanced,16,64,1024,1024,1280,1280,1024,bf16,2684354560.0,0.31662208557128907,1.1008197784423828,1.417441864013672,8.478102704543028,4.877010047545217,0.3768045646463568,0.21675600211312077,nvjet_tst_64x8_64x16_1x4_h_bz_TNT,"[64, 64, 64, 64, 64, 64, 64, 64, 64, 64, 64, 64, 64, 64, 64, 64]",2.4.90,OK
b200,NVIDIA B200,fc2,skewed,16,64,1024,1024,1280,1280,1024,bf16,2684354560.0,0.3162495994567871,1.0968313026428222,1.4130809020996093,8.48808841058088,4.894744622134744,0.3772483738035947,0.21754420542821085,nvjet_tst_8x64_64x16_4x1_v_bz_TNN,"[128, 128, 128, 128, 42, 42, 42, 42, 42, 42, 42, 42, 42, 42, 42, 50]",2.4.90,OK
b200,NVIDIA B200,fc1,balanced,16,64,1024,2048,1280,2048,2560,bf16,10737418240.0,0.31710527420043944,1.107517375946045,1.4246226501464845,33.86073683912609,19.390067322109616,1.504921637294493,0.8617807698715385,nvjet_tst_64x32_64x16_2x2_2cta_h_bz_TNT,"[64, 64, 64, 64, 64, 64, 64, 64, 64, 64, 64, 64, 64, 64, 64, 64]",2.4.90,OK
b200,NVIDIA B200,fc1,skewed,16,64,1024,2048,1280,2048,2560,bf16,10737418240.0,0.3177811241149902,1.0987090492248537,1.4164901733398438,33.7887225677842,19.5455170731056,1.5017210030126311,0.8686896476935823,nvjet_tst_64x16_64x16_2x1_2cta_v_bz_TNT,"[128, 128, 128, 128, 42, 42, 42, 42, 42, 42, 42, 42, 42, 42, 42, 50]",2.4.90,OK
b200,NVIDIA B200,fc2,balanced,16,64,1024,2048,1280,1280,2048,bf16,5368709120.0,0.31295936584472656,1.094146499633789,1.4071058654785156,17.154652347626694,9.813510570653762,0.7624289932278531,0.4361560253623894,nvjet_tst_64x16_64x16_2x2_2cta_h_bz_TNT,"[64, 64, 64, 64, 64, 64, 64, 64, 64, 64, 64, 64, 64, 64, 64, 64]",2.4.90,OK
b200,NVIDIA B200,fc2,skewed,16,64,1024,2048,1280,1280,2048,bf16,5368709120.0,0.31586687088012694,1.10523588180542,1.4211027526855469,16.996746461699846,9.715046730531641,0.7554109538533266,0.4317798546902952,nvjet_tst_16x64_64x16_4x1_v_bz_TNN,"[128, 128, 128, 128, 42, 42, 42, 42, 42, 42, 42, 42, 42, 42, 42, 50]",2.4.90,OK
b200,NVIDIA B200,fc1,balanced,16,64,1024,2560,1600,2560,3200,bf16,16777216000.0,0.31670400619506833,1.102761631011963,1.4194656372070313,52.97443566175277,30.427638264135428,2.3544193627445673,1.3523394784060192,nvjet_tst_64x32_64x16_2x2_2cta_h_bz_TNT,"[64, 64, 64, 64, 64, 64, 64, 64, 64, 64, 64, 64, 64, 64, 64, 64]",2.4.90,OK
b200,NVIDIA B200,fc1,skewed,16,64,1024,2560,1600,2560,3200,bf16,16777216000.0,0.31948543548583985,1.1084979629516603,1.4279833984375,52.51324203398185,30.270179216795956,2.3339218681769713,1.3453412985242648,nvjet_tst_64x24_64x16_4x2_h_bz_TNT,"[128, 128, 128, 128, 42, 42, 42, 42, 42, 42, 42, 42, 42, 42, 42, 50]",2.4.90,OK
b200,NVIDIA B200,fc2,balanced,16,64,1024,2560,1600,1600,2560,bf16,8388608000.0,0.31587135314941406,1.3778765106201174,1.6937478637695313,26.557039492061836,12.176139059406248,1.1803128663138593,0.5411617359736111,nvjet_tst_24x64_64x16_4x1_v_bz_TNN,"[64, 64, 64, 64, 64, 64, 64, 64, 64, 64, 64, 64, 64, 64, 64, 64]",2.4.90,OK
b200,NVIDIA B200,fc2,skewed,16,64,1024,2560,1600,1600,2560,bf16,8388608000.0,0.3192095947265625,1.0955346679687499,1.4147442626953124,26.27931032958376,15.314180820135004,1.1679693479815003,0.6806302586726669,nvjet_tst_64x16_64x16_2x1_2cta_v_bz_TNT,"[128, 128, 128, 128, 42, 42, 42, 42, 42, 42, 42, 42, 42, 42, 42, 50]",2.4.90,OK
b200,NVIDIA B200,fc1,balanced,16,64,1024,4096,1280,4096,2560,bf16,21474836480.0,0.315914249420166,1.0907744407653808,1.4066886901855469,67.9767896491382,39.37539362387592,3.021190651072809,1.7500174943944853,nvjet_tst_64x32_64x16_2x2_2cta_h_bz_TNT,"[64, 64, 64, 64, 64, 64, 64, 64, 64, 64, 64, 64, 64, 64, 64, 64]",2.4.90,OK
b200,NVIDIA B200,fc1,skewed,16,64,1024,4096,1280,4096,2560,bf16,21474836480.0,0.3187366485595703,1.0898067474365236,1.4085433959960938,67.37485813774082,39.41035698395841,2.994438139455147,1.7515714215092626,nvjet_tst_64x16_64x16_2x1_2cta_v_bz_TNT,"[128, 128, 128, 128, 42, 42, 42, 42, 42, 42, 42, 42, 42, 42, 42, 50]",2.4.90,OK
b200,NVIDIA B200,fc2,balanced,16,64,1024,4096,1280,1280,4096,bf16,10737418240.0,0.31474048614501954,1.1588358688354492,1.4735763549804688,34.11514791602831,18.531387453152227,1.516228796267925,0.823617220140099,nvjet_tst_64x32_64x16_2x2_2cta_h_bz_TNT,"[64, 64, 64, 64, 64, 64, 64, 64, 64, 64, 64, 64, 64, 64, 64, 64]",2.4.90,OK
b200,NVIDIA B200,fc2,skewed,16,64,1024,4096,1280,1280,4096,bf16,10737418240.0,0.3196281623840332,1.1164442253112794,1.4360723876953125,33.59346735879611,19.235028488783247,1.4930429937242715,0.8548901550570331,nvjet_tst_64x24_64x16_2x2_h_bz_TNT,"[128, 128, 128, 128, 42, 42, 42, 42, 42, 42, 42, 42, 42, 42, 42, 50]",2.4.90,OK
b200,NVIDIA B200,fc1,balanced,16,64,1024,6144,1536,6144,3072,bf16,38654705664.0,0.3747782516479492,1.126687355041504,1.5014656066894532,103.14020489190656,68.61656073627643,4.584009106306958,3.0496249216122857,nvjet_tst_64x32_64x16_2x1_2cta_v_bz_splitK_TNT,"[64, 64, 64, 64, 64, 64, 64, 64, 64, 64, 64, 64, 64, 64, 64, 64]",2.4.90,OK
b200,NVIDIA B200,fc1,skewed,16,64,1024,6144,1536,6144,3072,bf16,38654705664.0,0.3250342559814453,1.1239717864990233,1.4490060424804687,118.92502083290142,68.78234156464494,5.285556481462286,3.056992958428664,nvjet_tst_64x16_64x16_2x1_2cta_v_bz_TNT,"[128, 128, 128, 128, 42, 42, 42, 42, 42, 42, 42, 42, 42, 42, 42, 50]",2.4.90,OK
b200,NVIDIA B200,fc2,balanced,16,64,1024,6144,1536,1536,6144,bf16,19327352832.0,0.3153388786315918,1.1845388984680176,1.4998777770996095,61.29073876291673,32.632702660919556,2.7240328339074105,1.4503423404853135,nvjet_tst_48x64_64x15_4x1_v_bz_TNN,"[64, 64, 64, 64, 64, 64, 64, 64, 64, 64, 64, 64, 64, 64, 64, 64]",2.4.90,OK
b200,NVIDIA B200,fc2,skewed,16,64,1024,6144,1536,1536,6144,bf16,19327352832.0,0.3210579299926758,1.1720524215698243,1.4931103515625,60.1989579651277,32.98035561602837,2.675509242894564,1.4657935829345943,nvjet_tst_48x64_64x15_4x1_v_bz_TNN,"[128, 128, 128, 128, 42, 42, 42, 42, 42, 42, 42, 42, 42, 42, 42, 50]",2.4.90,OK
b200,NVIDIA B200,fc1,balanced,16,128,2048,1024,1280,1024,2560,bf16,10737418240.0,0.3372480010986328,1.0955167388916016,1.4327647399902343,31.838345090323294,19.60247225590304,1.4150375595699243,0.8712209891512463,nvjet_tst_48x64_64x16_4x2_2cta_h_bz_TNN,"[128, 128, 128, 128, 128, 128, 128, 128, 128, 128, 128, 128, 128, 128, 128, 128]",2.4.90,OK
b200,NVIDIA B200,fc1,skewed,16,128,2048,1024,1280,1024,2560,bf16,10737418240.0,0.3177670478820801,1.1017324638366701,1.41949951171875,33.79021931809789,19.491879548702858,1.501787525248795,0.8663057577201271,nvjet_tst_64x32_64x16_2x1_2cta_v_bz_TNT,"[256, 256, 256, 256, 85, 85, 85, 85, 85, 85, 85, 85, 85, 85, 85, 89]",2.4.90,OK
b200,NVIDIA B200,fc2,balanced,16,128,2048,1024,1280,1280,1024,bf16,5368709120.0,0.31758848190307615,1.1117561531066895,1.4293446350097656,16.904609033140126,9.658069541594509,0.75131595702845,0.42924753518197817,nvjet_tst_64x16_64x16_2x2_2cta_h_bz_TNT,"[128, 128, 128, 128, 128, 128, 128, 128, 128, 128, 128, 128, 128, 128, 128, 128]",2.4.90,OK
b200,NVIDIA B200,fc2,skewed,16,128,2048,1024,1280,1280,1024,bf16,5368709120.0,0.3178009605407715,1.112106876373291,1.4299078369140625,16.893306775613834,9.655023692521317,0.7508136344717259,0.4291121641120585,nvjet_tst_16x64_64x16_2x2_2cta_h_bz_TNN,"[256, 256, 256, 256, 85, 85, 85, 85, 85, 85, 85, 85, 85, 85, 85, 89]",2.4.90,OK
b200,NVIDIA B200,fc1,balanced,16,128,2048,2048,1280,2048,2560,bf16,21474836480.0,0.319368953704834,1.096269474029541,1.415638427734375,67.24146549275231,39.17802509097562,2.9885095774556585,1.7412455595989167,nvjet_tst_48x64_64x16_4x2_2cta_h_bz_TNN,"[128, 128, 128, 128, 128, 128, 128, 128, 128, 128, 128, 128, 128, 128, 128, 128]",2.4.90,OK
b200,NVIDIA B200,fc1,skewed,16,128,2048,2048,1280,2048,2560,bf16,21474836480.0,0.3190867233276367,1.1076083755493165,1.4266950988769531,67.30094018343013,38.776948520905854,2.991152897041339,1.7234199342624823,nvjet_tst_64x32_64x16_2x1_2cta_v_bz_TNT,"[256, 256, 256, 256, 85, 85, 85, 85, 85, 85, 85, 85, 85, 85, 85, 89]",2.4.90,OK
b200,NVIDIA B200,fc2,balanced,16,128,2048,2048,1280,1280,2048,bf16,10737418240.0,0.3157369613647461,1.0942784500122071,1.4100154113769532,34.007479496820466,19.62465447415184,1.5114435331920206,0.8722068655178595,nvjet_tst_64x32_64x16_2x2_2cta_h_bz_TNT,"[128, 128, 128, 128, 128, 128, 128, 128, 128, 128, 128, 128, 128, 128, 128, 128]",2.4.90,OK
b200,NVIDIA B200,fc2,skewed,16,128,2048,2048,1280,1280,2048,bf16,10737418240.0,0.3160403251647949,1.098226490020752,1.4142668151855469,33.97483607321667,19.55410534633363,1.5099927143651855,0.869071348725939,nvjet_tst_64x24_64x16_1x4_h_bz_TNT,"[256, 256, 256, 256, 85, 85, 85, 85, 85, 85, 85, 85, 85, 85, 85, 89]",2.4.90,OK
b200,NVIDIA B200,fc1,balanced,16,128,2048,2560,1600,2560,3200,bf16,33554432000.0,0.3177836799621582,1.1034502983093262,1.4212339782714845,105.58890879479925,60.8172965314543,4.692840390879966,2.7029909569535246,nvjet_tst_48x64_64x16_1x2_2cta_h_bz_TNN,"[128, 128, 128, 128, 128, 128, 128, 128, 128, 128, 128, 128, 128, 128, 128, 128]",2.4.90,OK
b200,NVIDIA B200,fc1,skewed,16,128,2048,2560,1600,2560,3200,bf16,33554432000.0,0.3177952003479004,1.117427272796631,1.4352224731445313,105.58508109394639,60.05658321909747,4.692670270842062,2.6691814764043316,nvjet_tst_64x48_64x16_2x2_2cta_h_bz_TNT,"[256, 256, 256, 256, 85, 85, 85, 85, 85, 85, 85, 85, 85, 85, 85, 89]",2.4.90,OK
b200,NVIDIA B200,fc2,balanced,16,128,2048,2560,1600,1600,2560,bf16,16777216000.0,0.3167647933959961,1.105698585510254,1.42246337890625,52.964269861349,30.34681642874257,2.353967549393289,1.3487473968330033,nvjet_tst_48x64_64x16_4x2_2cta_h_bz_TNN,"[128, 128, 128, 128, 128, 128, 128, 128, 128, 128, 128, 128, 128, 128, 128, 128]",2.4.90,OK
b200,NVIDIA B200,fc2,skewed,16,128,2048,2560,1600,1600,2560,bf16,16777216000.0,0.32000511169433593,1.1079859161376955,1.4279910278320314,52.427962513378056,30.28416833759645,2.330131667261247,1.345963037226509,nvjet_tst_64x32_64x16_2x1_2cta_v_bz_TNT,"[256, 256, 256, 256, 85, 85, 85, 85, 85, 85, 85, 85, 85, 85, 85, 89]",2.4.90,OK
b200,NVIDIA B200,fc1,balanced,16,128,2048,4096,1280,4096,2560,bf16,42949672960.0,0.31443904876708983,1.094700813293457,1.4091398620605469,136.59140977688662,78.46833114297954,6.070729323417183,3.4874813841324235,nvjet_tst_64x64_64x16_2x2_2cta_h_bz_TNT,"[128, 128, 128, 128, 128, 128, 128, 128, 128, 128, 128, 128, 128, 128, 128, 128]",2.4.90,OK
b200,NVIDIA B200,fc1,skewed,16,128,2048,4096,1280,4096,2560,bf16,42949672960.0,0.3167692756652832,1.1144236564636232,1.4311929321289063,135.58661227417497,77.0796145808521,6.026071656629998,3.425760648037871,nvjet_tst_64x32_64x16_2x1_2cta_v_bz_TNT,"[256, 256, 256, 256, 85, 85, 85, 85, 85, 85, 85, 85, 85, 85, 85, 89]",2.4.90,OK
b200,NVIDIA B200,fc2,balanced,16,128,2048,4096,1280,1280,4096,bf16,21474836480.0,0.31980607986450194,1.0995103263854982,1.41931640625,67.14955665976905,39.06254623473309,2.98442474043418,1.7361131659881373,nvjet_tst_64x64_64x16_2x2_2cta_h_bz_TNT,"[128, 128, 128, 128, 128, 128, 128, 128, 128, 128, 128, 128, 128, 128, 128, 128]",2.4.90,OK
b200,NVIDIA B200,fc2,skewed,16,128,2048,4096,1280,1280,4096,bf16,21474836480.0,0.32089088439941404,1.1143071746826172,1.4351980590820312,66.92255069879204,38.543835968958156,2.9743355866129795,1.7130593763981403,nvjet_tst_64x48_64x16_2x2_2cta_h_bz_TNT,"[256, 256, 256, 256, 85, 85, 85, 85, 85, 85, 85, 85, 85, 85, 85, 89]",2.4.90,OK
b200,NVIDIA B200,fc1,balanced,16,128,2048,6144,1536,6144,3072,bf16,77309411328.0,0.31831167221069334,1.1114655494689942,1.4297772216796876,242.8733159267506,139.11256424445145,10.79436959674447,6.182780633086731,nvjet_tst_64x64_64x16_2x2_2cta_h_bz_TNT,"[128, 128, 128, 128, 128, 128, 128, 128, 128, 128, 128, 128, 128, 128, 128, 128]",2.4.90,OK
b200,NVIDIA B200,fc1,skewed,16,128,2048,6144,1536,6144,3072,bf16,77309411328.0,0.32181758880615235,1.118588752746582,1.4404063415527344,240.22742701787976,138.22669169196368,10.676774534127988,6.14340851964283,nvjet_tst_64x32_64x16_2x1_2cta_v_bz_TNT,"[256, 256, 256, 256, 85, 85, 85, 85, 85, 85, 85, 85, 85, 85, 85, 89]",2.4.90,OK
b200,NVIDIA B200,fc2,balanced,16,128,2048,6144,1536,1536,6144,bf16,38654705664.0,0.319498233795166,1.176226558685303,1.4957247924804689,120.98566306561175,65.72663298336896,5.3771405806938555,2.9211836881497315,nvjet_tst_96x64_64x15_2x2_2cta_h_bz_TNN,"[128, 128, 128, 128, 128, 128, 128, 128, 128, 128, 128, 128, 128, 128, 128, 128]",2.4.90,OK
b200,NVIDIA B200,fc2,skewed,16,128,2048,6144,1536,1536,6144,bf16,38654705664.0,0.31674367904663087,1.1570310401916504,1.4737747192382813,122.03781234197659,66.81705904380446,5.423902770754515,2.969647068613532,nvjet_tst_96x64_64x15_2x2_2cta_h_bz_TNN,"[256, 256, 256, 256, 85, 85, 85, 85, 85, 85, 85, 85, 85, 85, 85, 89]",2.4.90,OK
b200,NVIDIA B200,fc1,balanced,16,192,3072,1024,1280,1024,2560,bf16,16106127360.0,0.3189369583129883,1.1044089889526365,1.423345947265625,50.49940729726995,29.166961734482452,2.2444181021008864,1.2963094104214423,nvjet_tst_64x64_64x16_2x1_2cta_v_bz_TNT,"[192, 192, 192, 192, 192, 192, 192, 192, 192, 192, 192, 192, 192, 192, 192, 192]",2.4.90,OK
b200,NVIDIA B200,fc1,skewed,16,192,3072,1024,1280,1024,2560,bf16,16106127360.0,0.3172038459777832,1.1289222526550293,1.4461260986328126,50.77532181349422,28.533634308511825,2.256680969488632,1.2681615248227478,nvjet_tst_48x64_64x16_4x2_2cta_h_bz_TNN,"[384, 384, 384, 384, 128, 128, 128, 128, 128, 128, 128, 128, 128, 128, 128, 128]",2.4.90,OK
b200,NVIDIA B200,fc2,balanced,16,192,3072,1024,1280,1280,1024,bf16,8053063680.0,0.3180672073364258,1.1044504928588865,1.4225177001953124,25.31874866144915,14.582932837767176,1.125277718286629,0.6481303483452078,nvjet_tst_64x24_64x16_1x4_h_bz_TNT,"[192, 192, 192, 192, 192, 192, 192, 192, 192, 192, 192, 192, 192, 192, 192, 192]",2.4.90,OK
b200,NVIDIA B200,fc2,skewed,16,192,3072,1024,1280,1280,1024,bf16,8053063680.0,0.3189593505859375,1.1044300842285155,1.4233894348144531,25.247931014426413,14.583202314024899,1.1221302673078406,0.6481423250677733,nvjet_tst_64x16_64x16_2x2_2cta_h_bz_TNT,"[384, 384, 384, 384, 128, 128, 128, 128, 128, 128, 128, 128, 128, 128, 128, 128]",2.4.90,OK
b200,NVIDIA B200,fc1,balanced,16,192,3072,2048,1280,2048,2560,bf16,32212254720.0,0.3195212745666504,1.1039468955993652,1.4234681701660157,100.81411562872536,58.35834105500341,4.4806273612766825,2.5937040468890404,nvjet_tst_64x64_64x16_2x1_2cta_v_bz_TNT,"[192, 192, 192, 192, 192, 192, 192, 192, 192, 192, 192, 192, 192, 192, 192, 192]",2.4.90,OK
b200,NVIDIA B200,fc1,skewed,16,192,3072,2048,1280,2048,2560,bf16,32212254720.0,0.31876415252685547,1.100064582824707,1.4188287353515625,101.05356723663009,58.56429744749441,4.491269654961337,2.6028576643330847,nvjet_tst_48x64_64x16_4x2_2cta_h_bz_TNN,"[384, 384, 384, 384, 128, 128, 128, 128, 128, 128, 128, 128, 128, 128, 128, 128]",2.4.90,OK
b200,NVIDIA B200,fc2,balanced,16,192,3072,2048,1280,1280,2048,bf16,16106127360.0,0.31722431182861327,1.095109062194824,1.4123333740234374,50.772046023703425,29.414654514354954,2.256535378831263,1.3073179784157756,nvjet_tst_64x48_64x16_2x2_2cta_h_bz_TNT,"[192, 192, 192, 192, 192, 192, 192, 192, 192, 192, 192, 192, 192, 192, 192, 192]",2.4.90,OK
b200,NVIDIA B200,fc2,skewed,16,192,3072,2048,1280,1280,2048,bf16,16106127360.0,0.32059776306152343,1.1072698211669922,1.4278675842285156,50.23780330279223,29.09160360394391,2.232791257901877,1.292960160175285,nvjet_tst_64x32_64x16_2x2_2cta_h_bz_TNT,"[384, 384, 384, 384, 128, 128, 128, 128, 128, 128, 128, 128, 128, 128, 128, 128]",2.4.90,OK
b200,NVIDIA B200,fc1,balanced,16,192,3072,2560,1600,2560,3200,bf16,50331648000.0,0.3216921615600586,1.0972294998168945,1.418921661376953,156.4590438135475,91.74315493413062,6.953735280602111,4.077473552628027,nvjet_tst_64x96_64x15_2x2_2cta_h_bz_TNT,"[192, 192, 192, 192, 192, 192, 192, 192, 192, 192, 192, 192, 192, 192, 192, 192]",2.4.90,OK
b200,NVIDIA B200,fc1,skewed,16,192,3072,2560,1600,2560,3200,bf16,50331648000.0,0.35724224090576173,1.1045056533813478,1.4617478942871094,140.8894084652133,91.13877841351749,6.2617514873428135,4.05061237393411,nvjet_tst_48x64_64x16_1x2_2cta_h_bz_TNN,"[384, 384, 384, 384, 128, 128, 128, 128, 128, 128, 128, 128, 128, 128, 128, 128]",2.4.90,OK
b200,NVIDIA B200,fc2,balanced,16,192,3072,2560,1600,1600,2560,bf16,25165824000.0,0.31698175430297854,1.0959027671813966,1.412884521484375,79.39202701221069,45.92711096938857,3.5285345338760306,2.041204931972825,nvjet_tst_64x64_64x16_2x1_2cta_v_bz_TNT,"[192, 192, 192, 192, 192, 192, 192, 192, 192, 192, 192, 192, 192, 192, 192, 192]",2.4.90,OK
b200,NVIDIA B200,fc2,skewed,16,192,3072,2560,1600,1600,2560,bf16,25165824000.0,0.316682243347168,1.100027503967285,1.4167097473144532,79.46711420889982,45.754899598853,3.5318717426177693,2.0335510932823553,nvjet_tst_48x64_64x16_4x2_2cta_h_bz_TNN,"[384, 384, 384, 384, 128, 128, 128, 128, 128, 128, 128, 128, 128, 128, 128, 128]",2.4.90,OK
b200,NVIDIA B200,fc1,balanced,16,192,3072,4096,1280,4096,2560,bf16,64424509440.0,0.31636863708496094,1.1069222259521483,1.4232908630371093,203.63747188599726,116.4029557443994,9.050554306044322,5.173464699751085,nvjet_tst_64x64_64x16_2x1_2cta_v_bz_TNT,"[192, 192, 192, 192, 192, 192, 192, 192, 192, 192, 192, 192, 192, 192, 192, 192]",2.4.90,OK
b200,NVIDIA B200,fc1,skewed,16,192,3072,4096,1280,4096,2560,bf16,64424509440.0,0.3166892814636231,1.103617877960205,1.4203071594238281,203.4312912083834,116.75147843576899,9.041390720372595,5.188954597145289,nvjet_tst_64x64_64x16_2x2_2cta_h_bz_TNT,"[384, 384, 384, 384, 128, 128, 128, 128, 128, 128, 128, 128, 128, 128, 128, 128]",2.4.90,OK
b200,NVIDIA B200,fc2,balanced,16,192,3072,4096,1280,1280,4096,bf16,32212254720.0,0.3147481536865234,1.1865113067626951,1.5012594604492187,102.34295052317327,54.29742563160003,4.548575578807701,2.4132189169600013,nvjet_tst_64x96_64x15_2x2_2cta_h_bz_TNT,"[192, 192, 192, 192, 192, 192, 192, 192, 192, 192, 192, 192, 192, 192, 192, 192]",2.4.90,OK
b200,NVIDIA B200,fc2,skewed,16,192,3072,4096,1280,1280,4096,bf16,32212254720.0,0.3199238395690918,1.1027200508117676,1.4226438903808594,100.68725970339368,58.42326834682464,4.47498932015083,2.5965897043033173,nvjet_tst_64x64_64x16_2x2_2cta_h_bz_TNT,"[384, 384, 384, 384, 128, 128, 128, 128, 128, 128, 128, 128, 128, 128, 128, 128]",2.4.90,OK
b200,NVIDIA B200,fc1,balanced,16,192,3072,6144,1536,6144,3072,bf16,115964116992.0,0.3180243110656738,1.1114739799499513,1.429498291015625,364.6391579417737,208.66726362271075,16.206184797412167,9.27410060545381,nvjet_tst_64x64_64x16_2x1_2cta_v_bz_TNT,"[192, 192, 192, 192, 192, 192, 192, 192, 192, 192, 192, 192, 192, 192, 192, 192]",2.4.90,OK
b200,NVIDIA B200,fc1,skewed,16,192,3072,6144,1536,6144,3072,bf16,115964116992.0,0.3194374465942383,1.13258113861084,1.4520185852050782,363.0260579289631,204.77847111993236,16.134491463509473,9.101265383108105,nvjet_tst_64x64_64x16_2x2_2cta_h_bz_TNT,"[384, 384, 384, 384, 128, 128, 128, 128, 128, 128, 128, 128, 128, 128, 128, 128]",2.4.90,OK
b200,NVIDIA B200,fc2,balanced,16,192,3072,6144,1536,1536,6144,bf16,57982058496.0,0.32055423736572264,1.0963788986206056,1.4169331359863282,180.88064900495402,105.77011025832284,8.039139955775735,4.700893789258793,nvjet_tst_128x64_64x10_2x1_2cta_v_bz_TNT,"[192, 192, 192, 192, 192, 192, 192, 192, 192, 192, 192, 192, 192, 192, 192, 192]",2.4.90,OK
b200,NVIDIA B200,fc2,skewed,16,192,3072,6144,1536,1536,6144,bf16,57982058496.0,0.3188243293762207,1.1505080986022949,1.4693324279785156,181.86208878551335,100.79382938101874,8.082759501578371,4.479725750267499,nvjet_tst_96x64_64x15_2x2_2cta_h_bz_TNN,"[384, 384, 384, 384, 128, 128, 128, 128, 128, 128, 128, 128, 128, 128, 128, 128]",2.4.90,OK
b200,NVIDIA B200,fc1,balanced,16,256,4096,1024,1280,1024,2560,bf16,21474836480.0,0.3166783905029297,1.0931987762451172,1.409877166748047,67.81276248718756,39.288072666456976,3.0139005549861135,1.7461365629536434,nvjet_tst_80x64_64x16_2x2_2cta_h_bz_TNN,"[256, 256, 256, 256, 256, 256, 256, 256, 256, 256, 256, 256, 256, 256, 256, 256]",2.4.90,OK
b200,NVIDIA B200,fc1,skewed,16,256,4096,1024,1280,1024,2560,bf16,21474836480.0,0.3182918357849121,1.0990163612365724,1.4173081970214845,67.46901448804917,39.08010333137772,2.9986228661355185,1.7368934813945653,nvjet_tst_64x64_64x16_2x1_2cta_v_bz_TNT,"[512, 512, 512, 512, 170, 170, 170, 170, 170, 170, 170, 170, 170, 170, 170, 178]",2.4.90,OK
b200,NVIDIA B200,fc2,balanced,16,256,4096,1024,1280,1280,1024,bf16,10737418240.0,0.315534725189209,1.0882944679260254,1.4038291931152345,34.02927596498723,19.73256054579128,1.5124122651105434,0.8770026909240569,nvjet_tst_64x32_64x16_2x2_2cta_h_bz_TNT,"[256, 256, 256, 256, 256, 256, 256, 256, 256, 256, 256, 256, 256, 256, 256, 256]",2.4.90,OK
b200,NVIDIA B200,fc2,skewed,16,256,4096,1024,1280,1280,1024,bf16,10737418240.0,0.3153683280944824,1.08884859085083,1.4042169189453124,34.04723075673958,19.722518502980737,1.5132102558550926,0.876556377910255,nvjet_tst_64x24_64x16_1x4_h_bz_TNT,"[512, 512, 512, 512, 170, 170, 170, 170, 170, 170, 170, 170, 170, 170, 170, 178]",2.4.90,OK
b200,NVIDIA B200,fc1,balanced,16,256,4096,2048,1280,2048,2560,bf16,42949672960.0,0.3173023986816406,1.104331512451172,1.4216339111328125,135.3588032692206,77.78402133009679,6.01594681196536,3.4570676146709687,nvjet_tst_80x64_64x16_2x2_2cta_h_bz_TNN,"[256, 256, 256, 256, 256, 256, 256, 256, 256, 256, 256, 256, 256, 256, 256, 256]",2.4.90,OK
b200,NVIDIA B200,fc1,skewed,16,256,4096,2048,1280,2048,2560,bf16,42949672960.0,0.314849910736084,1.1060685157775878,1.4209184265136718,136.4131654336139,77.66186695912873,6.062807352605063,3.4516385315168323,nvjet_tst_64x64_64x16_2x1_2cta_v_bz_TNT,"[512, 512, 512, 512, 170, 170, 170, 170, 170, 170, 170, 170, 170, 170, 170, 178]",2.4.90,OK
b200,NVIDIA B200,fc2,balanced,16,256,4096,2048,1280,1280,2048,bf16,21474836480.0,0.3159091186523437,1.0892428588867187,1.4051519775390624,67.97789367907718,39.4307592742885,3.0212397190700973,1.7524781899683777,nvjet_tst_64x64_64x16_2x2_2cta_h_bz_TNT,"[256, 256, 256, 256, 256, 256, 256, 256, 256, 256, 256, 256, 256, 256, 256, 256]",2.4.90,OK
b200,NVIDIA B200,fc2,skewed,16,256,4096,2048,1280,1280,2048,bf16,21474836480.0,0.31802751541137697,1.0930738639831543,1.4111013793945313,67.5250896206944,39.2925623557512,3.0011150942530844,1.7463361047000534,nvjet_tst_64x48_64x16_2x2_2cta_h_bz_TNT,"[512, 512, 512, 512, 170, 170, 170, 170, 170, 170, 170, 170, 170, 170, 170, 178]",2.4.90,OK
b200,NVIDIA B200,fc1,balanced,16,256,4096,2560,1600,2560,3200,bf16,67108864000.0,0.31879615783691406,1.0984377288818359,1.41723388671875,210.50712924316596,122.18965579107346,9.355872410807375,5.430651368492153,nvjet_tst_96x64_64x15_1x2_2cta_h_bz_TNN,"[256, 256, 256, 256, 256, 256, 256, 256, 256, 256, 256, 256, 256, 256, 256, 256]",2.4.90,OK
b200,NVIDIA B200,fc1,skewed,16,256,4096,2560,1600,2560,3200,bf16,67108864000.0,0.3200223922729492,1.0997478103637695,1.4197702026367187,209.7005260268238,122.0440965966589,9.320023378969946,5.424182070962618,nvjet_tst_64x96_64x15_2x2_2cta_h_bz_TNT,"[512, 512, 512, 512, 170, 170, 170, 170, 170, 170, 170, 170, 170, 170, 170, 178]",2.4.90,OK
b200,NVIDIA B200,fc2,balanced,16,256,4096,2560,1600,1600,2560,bf16,33554432000.0,0.31746944427490237,1.101541175842285,1.4190106201171875,105.69342217055897,60.922701276859414,4.6974854298026205,2.707675612304863,nvjet_tst_80x64_64x16_2x2_2cta_h_bz_TNN,"[256, 256, 256, 256, 256, 256, 256, 256, 256, 256, 256, 256, 256, 256, 256, 256]",2.4.90,OK
b200,NVIDIA B200,fc2,skewed,16,256,4096,2560,1600,1600,2560,bf16,33554432000.0,0.3179462432861328,1.1144371795654295,1.4323834228515624,105.53492204593528,60.21771817247594,4.690440979819345,2.6763430298878195,nvjet_tst_64x64_64x16_2x1_2cta_v_bz_TNT,"[512, 512, 512, 512, 170, 170, 170, 170, 170, 170, 170, 170, 170, 170, 170, 178]",2.4.90,OK
b200,NVIDIA B200,fc1,balanced,16,256,4096,4096,1280,4096,2560,bf16,85899345920.0,0.315994873046875,1.1021139526367185,1.4181088256835936,271.8377836062473,155.88106060084397,12.081679271388769,6.928047137815287,nvjet_tst_80x64_64x16_2x2_2cta_h_bz_TNN,"[256, 256, 256, 256, 256, 256, 256, 256, 256, 256, 256, 256, 256, 256, 256, 256]",2.4.90,OK
b200,NVIDIA B200,fc1,skewed,16,256,4096,4096,1280,4096,2560,bf16,85899345920.0,0.32302078247070315,1.0989260864257813,1.4219468688964845,265.92513727128613,156.3332547676334,11.81889498983494,6.948144656339262,nvjet_tst_64x64_64x16_2x1_2cta_v_bz_TNT,"[512, 512, 512, 512, 170, 170, 170, 170, 170, 170, 170, 170, 170, 170, 170, 178]",2.4.90,OK
b200,NVIDIA B200,fc2,balanced,16,256,4096,4096,1280,1280,4096,bf16,42949672960.0,0.3171763229370117,1.095380439758301,1.4125567626953126,135.41260760668257,78.41964563376169,6.018338115852559,3.485317583722742,nvjet_tst_112x64_64x14_1x2_2cta_h_bz_TNN,"[256, 256, 256, 256, 256, 256, 256, 256, 256, 256, 256, 256, 256, 256, 256, 256]",2.4.90,OK
b200,NVIDIA B200,fc2,skewed,16,256,4096,4096,1280,1280,4096,bf16,42949672960.0,0.31767040252685547,1.095619239807129,1.4132896423339845,135.2019974739985,78.40255336801276,6.008977665511044,3.484557927467234,nvjet_tst_64x96_64x15_2x2_2cta_h_bz_TNT,"[512, 512, 512, 512, 170, 170, 170, 170, 170, 170, 170, 170, 170, 170, 170, 178]",2.4.90,OK
b200,NVIDIA B200,fc1,balanced,16,256,4096,6144,1536,6144,3072,bf16,154618822656.0,0.3175065612792969,1.0949964904785157,1.4125030517578125,486.9783541889973,282.4097136392305,21.643482408399876,12.551542828410245,nvjet_tst_96x64_64x15_2x2_2cta_h_bz_TNN,"[256, 256, 256, 256, 256, 256, 256, 256, 256, 256, 256, 256, 256, 256, 256, 256]",2.4.90,OK
b200,NVIDIA B200,fc1,skewed,16,256,4096,6144,1536,6144,3072,bf16,154618822656.0,0.3194175910949707,1.1081266593933106,1.4275442504882812,484.0648322653839,279.06344702626757,21.513992545128175,12.402819867834115,nvjet_tst_64x64_64x16_2x1_2cta_v_bz_TNT,"[512, 512, 512, 512, 170, 170, 170, 170, 170, 170, 170, 170, 170, 170, 170, 178]",2.4.90,OK
b200,NVIDIA B200,fc2,balanced,16,256,4096,6144,1536,1536,6144,bf16,77309411328.0,0.3184979248046875,1.102282257080078,1.4207801818847656,242.73128741861802,140.27153359574336,10.788057218605244,6.234290382033039,nvjet_tst_96x128_64x9_2x2_2cta_h_bz_TNN,"[256, 256, 256, 256, 256, 256, 256, 256, 256, 256, 256, 256, 256, 256, 256, 256]",2.4.90,OK
b200,NVIDIA B200,fc2,skewed,16,256,4096,6144,1536,1536,6144,bf16,77309411328.0,0.3169791984558106,1.1871052742004393,1.50408447265625,243.89427351895316,130.24861907057203,10.839745489731252,5.788827514247647,nvjet_tst_128x64_64x10_2x1_2cta_v_bz_TNT,"[512, 512, 512, 512, 170, 170, 170, 170, 170, 170, 170, 170, 170, 170, 170, 178]",2.4.90,OK
b200,NVIDIA B200,fc1,balanced,16,512,8192,1024,1280,1024,2560,bf16,42949672960.0,0.31655296325683596,1.0964063262939452,1.4129592895507812,135.6792636471158,78.34626986361486,6.0301894954273685,3.482056438382883,nvjet_tst_80x128_64x10_2x2_2cta_h_bz_TNN,"[512, 512, 512, 512, 512, 512, 512, 512, 512, 512, 512, 512, 512, 512, 512, 512]",2.4.90,OK
b200,NVIDIA B200,fc1,skewed,16,512,8192,1024,1280,1024,2560,bf16,42949672960.0,0.3222969436645508,1.0952965927124023,1.4175935363769532,133.26118600957741,78.4256488073957,5.922719378203441,3.485584391439809,nvjet_tst_112x64_64x14_1x2_2cta_h_bz_TNN,"[1024, 1024, 1024, 1024, 341, 341, 341, 341, 341, 341, 341, 341, 341, 341, 341, 345]",2.4.90,OK
b200,NVIDIA B200,fc2,balanced,16,512,8192,1024,1280,1280,1024,bf16,21474836480.0,0.31559104919433595,1.088976058959961,1.404567108154297,68.04640541872953,39.44041983899956,3.0242846852768683,1.7529075483999805,nvjet_tst_64x64_64x16_2x2_2cta_h_bz_TNT,"[512, 512, 512, 512, 512, 512, 512, 512, 512, 512, 512, 512, 512, 512, 512, 512]",2.4.90,OK
b200,NVIDIA B200,fc2,skewed,16,512,8192,1024,1280,1280,1024,bf16,21474836480.0,0.3174726486206055,1.090296974182129,1.4077696228027343,67.64310744029929,39.39263703104202,3.0063603306799687,1.7507838680463121,nvjet_tst_48x64_64x16_2x2_2cta_h_bz_TNN,"[1024, 1024, 1024, 1024, 341, 341, 341, 341, 341, 341, 341, 341, 341, 341, 341, 345]",2.4.90,OK
b200,NVIDIA B200,fc1,balanced,16,512,8192,2048,1280,2048,2560,bf16,85899345920.0,0.31696640014648436,1.0932325744628906,1.410198974609375,271.00457928759033,157.14743216868135,12.044647968337348,6.98433031860806,nvjet_tst_80x128_64x10_2x2_2cta_h_bz_TNN,"[512, 512, 512, 512, 512, 512, 512, 512, 512, 512, 512, 512, 512, 512, 512, 512]",2.4.90,OK
b200,NVIDIA B200,fc1,skewed,16,512,8192,2048,1280,2048,2560,bf16,85899345920.0,0.3164620780944824,1.098593921661377,1.4150559997558594,271.4364591082348,156.38052282338595,12.063842627032658,6.950245458817153,nvjet_tst_112x64_64x14_1x2_2cta_h_bz_TNN,"[1024, 1024, 1024, 1024, 341, 341, 341, 341, 341, 341, 341, 341, 341, 341, 341, 345]",2.4.90,OK
b200,NVIDIA B200,fc2,balanced,16,512,8192,2048,1280,1280,2048,bf16,42949672960.0,0.3147257614135742,1.0954809951782227,1.4102067565917968,136.4669760972022,78.41244740720045,6.065198937653431,3.484997662542242,nvjet_tst_128x64_64x10_2x2_2cta_h_bz_TNT,"[512, 512, 512, 512, 512, 512, 512, 512, 512, 512, 512, 512, 512, 512, 512, 512]",2.4.90,OK
b200,NVIDIA B200,fc2,skewed,16,512,8192,2048,1280,1280,2048,bf16,42949672960.0,0.3177503967285156,1.0946745300292968,1.4124249267578124,135.16796014167053,78.47021517683531,6.0074648951853575,3.487565118970458,nvjet_tst_96x64_64x15_2x2_2cta_h_bz_TNN,"[1024, 1024, 1024, 1024, 341, 341, 341, 341, 341, 341, 341, 341, 341, 341, 341, 345]",2.4.90,OK
b200,NVIDIA B200,fc1,balanced,16,512,8192,2560,1600,2560,3200,bf16,134217728000.0,0.3200096130371094,1.0974041748046877,1.417413787841797,419.41780037850197,244.60947220997704,18.640791127933422,10.871532098221202,nvjet_tst_88x128_64x8_1x2_h_bz_TNN,"[512, 512, 512, 512, 512, 512, 512, 512, 512, 512, 512, 512, 512, 512, 512, 512]",2.4.90,OK
b200,NVIDIA B200,fc1,skewed,16,512,8192,2560,1600,2560,3200,bf16,134217728000.0,0.3182508850097656,1.102268829345703,1.4205197143554686,421.73560018813924,243.529934670602,18.743804452806188,10.823552652026754,nvjet_tst_80x128_64x8_4x1_v_bz_TNN,"[1024, 1024, 1024, 1024, 341, 341, 341, 341, 341, 341, 341, 341, 341, 341, 341, 345]",2.4.90,OK
b200,NVIDIA B200,fc2,balanced,16,512,8192,2560,1600,1600,2560,bf16,67108864000.0,0.31624576568603513,1.09115779876709,1.407403564453125,212.20478274047423,123.00487441106497,9.43132367735441,5.466883307158444,nvjet_tst_80x128_64x10_2x2_2cta_h_bz_TNN,"[512, 512, 512, 512, 512, 512, 512, 512, 512, 512, 512, 512, 512, 512, 512, 512]",2.4.90,OK
b200,NVIDIA B200,fc2,skewed,16,512,8192,2560,1600,1600,2560,bf16,67108864000.0,0.3174239921569824,1.0988672065734864,1.4162911987304687,211.41711294088702,122.14189958268105,9.39631613070609,5.42852887034138,nvjet_tst_112x64_64x14_1x2_2cta_h_bz_TNN,"[1024, 1024, 1024, 1024, 341, 341, 341, 341, 341, 341, 341, 341, 341, 341, 341, 345]",2.4.90,OK
b200,NVIDIA B200,fc1,balanced,16,512,8192,4096,1280,4096,2560,bf16,171798691840.0,0.3189619255065918,1.0988537788391113,1.4178157043457031,538.6181801076741,312.6870838474932,23.938585782563294,13.897203726555254,nvjet_tst_80x128_64x10_2x2_2cta_h_bz_TNN,"[512, 512, 512, 512, 512, 512, 512, 512, 512, 512, 512, 512, 512, 512, 512, 512]",2.4.90,OK
b200,NVIDIA B200,fc1,skewed,16,512,8192,4096,1280,4096,2560,bf16,171798691840.0,0.3220454406738281,1.1025292968749998,1.424574737548828,533.461027985799,311.644674344609,23.70937902159107,13.850874415315955,nvjet_tst_112x64_64x14_1x2_2cta_h_bz_TNN,"[1024, 1024, 1024, 1024, 341, 341, 341, 341, 341, 341, 341, 341, 341, 341, 341, 345]",2.4.90,OK
b200,NVIDIA B200,fc2,balanced,16,512,8192,4096,1280,1280,4096,bf16,85899345920.0,0.3192524719238281,1.0937791442871094,1.4130316162109375,269.0639962859712,157.06890439200407,11.958399834932052,6.980840195200181,nvjet_tst_112x128_64x9_1x2_2cta_h_bz_TNN,"[512, 512, 512, 512, 512, 512, 512, 512, 512, 512, 512, 512, 512, 512, 512, 512]",2.4.90,OK
b200,NVIDIA B200,fc2,skewed,16,512,8192,4096,1280,1280,4096,bf16,85899345920.0,0.31881343841552734,1.112664375305176,1.4314778137207032,269.43452053624725,154.40297690206887,11.974867579388768,6.8623545289808385,nvjet_tst_128x88_64x7_1x4_h_bz_TNT,"[1024, 1024, 1024, 1024, 341, 341, 341, 341, 341, 341, 341, 341, 341, 341, 341, 345]",2.4.90,OK
b200,NVIDIA B200,fc1,balanced,16,512,8192,6144,1536,6144,3072,bf16,309237645312.0,0.3178508758544922,1.1172185516357422,1.4350694274902345,972.9016617640682,553.5848735401662,43.24007385618081,24.60377215734072,nvjet_tst_96x128_64x9_2x2_2cta_h_bz_TNN,"[512, 512, 512, 512, 512, 512, 512, 512, 512, 512, 512, 512, 512, 512, 512, 512]",2.4.90,OK
b200,NVIDIA B200,fc1,skewed,16,512,8192,6144,1536,6144,3072,bf16,309237645312.0,0.33273216247558596,1.0892716217041016,1.4220037841796875,929.3891008648438,567.7879404004225,41.306182260659725,25.235019573352112,nvjet_tst_128x64_64x8_1x2_h_bz_TNT,"[1024, 1024, 1024, 1024, 341, 341, 341, 341, 341, 341, 341, 341, 341, 341, 341, 345]",2.4.90,OK
b200,NVIDIA B200,fc2,balanced,16,512,8192,6144,1536,1536,6144,bf16,154618822656.0,0.315479679107666,1.098495388031006,1.413975067138672,490.10707470395306,281.5101899210445,21.782536653509023,12.511563996490867,nvjet_tst_176x128_64x8_1x2_2cta_h_bz_TNN,"[512, 512, 512, 512, 512, 512, 512, 512, 512, 512, 512, 512, 512, 512, 512, 512]",2.4.90,OK
b200,NVIDIA B200,fc2,skewed,16,512,8192,6144,1536,1536,6144,bf16,154618822656.0,0.3195705604553223,1.114679012298584,1.4342495727539062,483.83312416419085,277.4230445716564,21.50369440729737,12.32991309207362,nvjet_tst_128x120_64x6_2x1_v_bz_TNT,"[1024, 1024, 1024, 1024, 341, 341, 341, 341, 341, 341, 341, 341, 341, 341, 341, 345]",2.4.90,OK
b200,NVIDIA B200,fc1,balanced,16,1024,16384,1024,1280,1024,2560,bf16,85899345920.0,0.3197964859008789,1.105075798034668,1.4248722839355468,268.60628464386735,155.46326518555284,11.938057095282995,6.909478452691237,nvjet_tst_144x128_64x8_1x2_2cta_h_bz_TNN,"[1024, 1024, 1024, 1024, 1024, 1024, 1024, 1024, 1024, 1024, 1024, 1024, 1024, 1024, 1024, 1024]",2.4.90,OK
b200,NVIDIA B200,fc1,skewed,16,1024,16384,1024,1280,1024,2560,bf16,85899345920.0,0.31671295166015623,1.1036364746093752,1.4203494262695313,271.2214498009318,155.66601484497602,12.05428665781919,6.918489548665601,nvjet_tst_128x120_64x6_4x2_h_bz_TNT,"[2048, 2048, 2048, 2048, 682, 682, 682, 682, 682, 682, 682, 682, 682, 682, 682, 690]",2.4.90,OK
b200,NVIDIA B200,fc2,balanced,16,1024,16384,1024,1280,1280,1024,bf16,42949672960.0,0.32199295043945314,1.0952519226074218,1.417244873046875,133.38699776309593,78.42884741576432,5.928311011693153,3.4857265518117475,nvjet_tst_128x64_64x10_2x2_2cta_h_bz_TNT,"[1024, 1024, 1024, 1024, 1024, 1024, 1024, 1024, 1024, 1024, 1024, 1024, 1024, 1024, 1024, 1024]",2.4.90,OK
b200,NVIDIA B200,fc2,skewed,16,1024,16384,1024,1280,1280,1024,bf16,42949672960.0,0.31665472030639646,1.1002681922912598,1.4169229125976563,135.63566309209511,78.07127982234805,6.028251692982005,3.469834658771024,nvjet_tst_64x80_64x16_2x1_2cta_v_bz_TNT,"[2048, 2048, 2048, 2048, 682, 682, 682, 682, 682, 682, 682, 682, 682, 682, 682, 690]",2.4.90,OK
b200,NVIDIA B200,fc1,balanced,16,1024,16384,2048,1280,2048,2560,bf16,171798691840.0,0.3163449668884277,1.093000888824463,1.4093458557128906,543.0738902844375,314.3614860638802,24.136617345975,13.97162160283912,nvjet_tst_144x128_64x8_1x2_2cta_h_bz_TNN,"[1024, 1024, 1024, 1024, 1024, 1024, 1024, 1024, 1024, 1024, 1024, 1024, 1024, 1024, 1024, 1024]",2.4.90,OK
b200,NVIDIA B200,fc1,skewed,16,1024,16384,2048,1280,2048,2560,bf16,171798691840.0,0.31876287460327146,1.1026790809631346,1.4214419555664062,538.9545192608099,311.6023416168238,23.95353418936933,13.848992960747726,nvjet_tst_128x120_64x6_4x2_h_bz_TNT,"[2048, 2048, 2048, 2048, 682, 682, 682, 682, 682, 682, 682, 682, 682, 682, 682, 690]",2.4.90,OK
b200,NVIDIA B200,fc2,balanced,16,1024,16384,2048,1280,1280,2048,bf16,85899345920.0,0.31553216934204104,1.1041721153259278,1.4197042846679688,272.23641284855483,155.5905002992117,12.099396126602437,6.915133346631631,nvjet_tst_128x128_64x8_2x2_2cta_h_bz_TNT,"[1024, 1024, 1024, 1024, 1024, 1024, 1024, 1024, 1024, 1024, 1024, 1024, 1024, 1024, 1024, 1024]",2.4.90,OK
b200,NVIDIA B200,fc2,skewed,16,1024,16384,2048,1280,1280,2048,bf16,85899345920.0,0.31923072814941406,1.1031871795654298,1.4224179077148438,269.0823230519191,155.7294129430287,11.959214357863072,6.9213072419123876,nvjet_tst_128x88_64x7_1x4_h_bz_TNT,"[2048, 2048, 2048, 2048, 682, 682, 682, 682, 682, 682, 682, 682, 682, 682, 682, 690]",2.4.90,OK
b200,NVIDIA B200,fc1,balanced,16,1024,16384,2560,1600,2560,3200,bf16,268435456000.0,0.32014080047607424,1.0935397720336915,1.4136805725097656,838.4918623331224,490.9477695553439,37.266304992583215,21.819900869126396,nvjet_tst_192x128_64x6_2x1_2cta_v_bz_TNT,"[1024, 1024, 1024, 1024, 1024, 1024, 1024, 1024, 1024, 1024, 1024, 1024, 1024, 1024, 1024, 1024]",2.4.90,OK
b200,NVIDIA B200,fc1,skewed,16,1024,16384,2560,1600,2560,3200,bf16,268435456000.0,0.3282284927368164,1.0988198471069335,1.42704833984375,817.8310595821421,488.588655741448,36.348047092539645,21.715051366286577,nvjet_tst_144x128_64x8_1x2_2cta_h_bz_TNN,"[2048, 2048, 2048, 2048, 682, 682, 682, 682, 682, 682, 682, 682, 682, 682, 682, 690]",2.4.90,OK
b200,NVIDIA B200,fc2,balanced,16,1024,16384,2560,1600,1600,2560,bf16,134217728000.0,0.3205875015258789,1.1039724349975586,1.4245599365234376,418.6617611765052,243.15412911608945,18.60718938562245,10.806850182937309,nvjet_tst_144x128_64x8_1x2_2cta_h_bz_TNN,"[1024, 1024, 1024, 1024, 1024, 1024, 1024, 1024, 1024, 1024, 1024, 1024, 1024, 1024, 1024, 1024]",2.4.90,OK
b200,NVIDIA B200,fc2,skewed,16,1024,16384,2560,1600,1600,2560,bf16,134217728000.0,0.3197875213623047,1.110562515258789,1.4303500366210937,419.7090850456839,241.71125201128166,18.653737113141506,10.742722311612518,nvjet_tst_128x120_64x6_4x2_h_bz_TNT,"[2048, 2048, 2048, 2048, 682, 682, 682, 682, 682, 682, 682, 682, 682, 682, 682, 690]",2.4.90,OK
b200,NVIDIA B200,fc1,balanced,16,1024,16384,4096,1280,4096,2560,bf16,343597383680.0,0.32143360137939453,1.5022156906127928,1.8236492919921874,1068.9529103537782,457.45412702997095,47.509018237945696,20.331294534665375,nvjet_tst_144x128_64x8_1x2_2cta_h_bz_TNN,"[1024, 1024, 1024, 1024, 1024, 1024, 1024, 1024, 1024, 1024, 1024, 1024, 1024, 1024, 1024, 1024]",2.4.90,OK
b200,NVIDIA B200,fc1,skewed,16,1024,16384,4096,1280,4096,2560,bf16,343597383680.0,0.6270291137695313,1.2464530944824217,1.873482208251953,547.9767623777219,551.3201984109569,24.354522772343195,24.50311992937586,nvjet_tst_128x120_64x6_4x2_h_bz_TNT,"[2048, 2048, 2048, 2048, 682, 682, 682, 682, 682, 682, 682, 682, 682, 682, 682, 690]",2.4.90,OK
b200,NVIDIA B200,fc2,balanced,16,1024,16384,4096,1280,1280,4096,bf16,171798691840.0,0.7633766174316406,1.1732960510253907,1.9366726684570312,225.0510271299793,292.84798442789986,10.002267872443525,13.015465974573328,nvjet_tst_128x256_64x6_2x2_2cta_h_bz_TNT,"[1024, 1024, 1024, 1024, 1024, 1024, 1024, 1024, 1024, 1024, 1024, 1024, 1024, 1024, 1024, 1024]",2.4.90,OK
b200,NVIDIA B200,fc2,skewed,16,1024,16384,4096,1280,1280,4096,bf16,171798691840.0,0.3209318542480469,2.0319807434082033,2.35291259765625,535.3120594480395,169.0948030854321,23.79164708657953,7.5153245815747605,nvjet_tst_128x176_64x7_2x2_2cta_h_bz_TNT,"[2048, 2048, 2048, 2048, 682, 682, 682, 682, 682, 682, 682, 682, 682, 682, 682, 690]",2.4.90,OK
b200,NVIDIA B200,fc1,balanced,16,1024,16384,6144,1536,6144,3072,bf16,618475290624.0,0.5102521514892578,1.4301120758056642,1.940364227294922,1212.0973695434197,864.9326176419809,53.87099420192977,38.44144967297693,nvjet_tst_192x128_64x6_2x2_2cta_h_bz_TNT,"[1024, 1024, 1024, 1024, 1024, 1024, 1024, 1024, 1024, 1024, 1024, 1024, 1024, 1024, 1024, 1024]",2.4.90,OK
b200,NVIDIA B200,fc1,skewed,16,1024,16384,6144,1536,6144,3072,bf16,618475290624.0,0.5158124923706054,1.3810751724243162,1.8968876647949218,1199.0312366836445,895.643195928776,53.29027718593976,39.80636426350115,nvjet_tst_144x128_64x8_2x2_2cta_h_bz_TNN,"[2048, 2048, 2048, 2048, 682, 682, 682, 682, 682, 682, 682, 682, 682, 682, 682, 690]",2.4.90,OK
b200,NVIDIA B200,fc2,balanced,16,1024,16384,6144,1536,1536,6144,bf16,309237645312.0,0.316615047454834,1.095664005279541,1.412279052734375,976.6991423745066,564.4753205762254,43.40885077220029,25.087792025610014,nvjet_tst_176x128_64x8_1x2_2cta_h_bz_TNN,"[1024, 1024, 1024, 1024, 1024, 1024, 1024, 1024, 1024, 1024, 1024, 1024, 1024, 1024, 1024, 1024]",2.4.90,OK
b200,NVIDIA B200,fc2,skewed,16,1024,16384,6144,1536,1536,6144,bf16,309237645312.0,0.320015983581543,2.0817900466918946,2.4018060302734376,966.319375210843,297.0882157914047,42.94752778714858,13.20392070184021,nvjet_tst_192x176_64x6_2x2_2cta_h_bz_TNT,"[2048, 2048, 2048, 2048, 682, 682, 682, 682, 682, 682, 682, 682, 682, 682, 682, 690]",2.4.90,OK
b200,NVIDIA B200,fc1,balanced,16,2048,32768,1024,1280,1024,2560,bf16,171798691840.0,0.31860095977783204,2.031614036560059,2.3502149963378907,539.2284190223385,169.1253247402155,23.965707512103933,7.516681099565132,nvjet_tst_144x128_64x8_1x2_2cta_h_bz_TNN,"[2048, 2048, 2048, 2048, 2048, 2048, 2048, 2048, 2048, 2048, 2048, 2048, 2048, 2048, 2048, 2048]",2.4.90,OK
b200,NVIDIA B200,fc1,skewed,16,2048,32768,1024,1280,1024,2560,bf16,171798691840.0,0.3796108627319336,1.4095424270629882,1.7891532897949218,452.5652680316409,243.76519435171684,20.114011912517377,10.834008637854083,nvjet_tst_128x200_64x5_2x1_v_bz_TNT,"[4096, 4096, 4096, 4096, 1365, 1365, 1365, 1365, 1365, 1365, 1365, 1365, 1365, 1365, 1365, 1369]",2.4.90,OK
b200,NVIDIA B200,fc2,balanced,16,2048,32768,1024,1280,1280,1024,bf16,85899345920.0,0.3189888000488281,1.092818603515625,1.4118074035644532,269.286400986026,157.20696123521256,11.968284488267823,6.986976054898336,nvjet_tst_128x128_64x8_2x2_2cta_h_bz_TNT,"[2048, 2048, 2048, 2048, 2048, 2048, 2048, 2048, 2048, 2048, 2048, 2048, 2048, 2048, 2048, 2048]",2.4.90,OK
b200,NVIDIA B200,fc2,skewed,16,2048,32768,1024,1280,1280,1024,bf16,85899345920.0,0.3186854362487793,1.0972058296203615,1.4158912658691407,269.54274073868675,156.5783622380526,11.979677366163855,6.959038321691226,nvjet_tst_128x80_64x8_1x2_h_bz_TNT,"[4096, 4096, 4096, 4096, 1365, 1365, 1365, 1365, 1365, 1365, 1365, 1365, 1365, 1365, 1365, 1369]",2.4.90,OK
b200,NVIDIA B200,fc1,balanced,16,2048,32768,2048,1280,2048,2560,bf16,343597383680.0,0.3188006401062012,1.0940127754211426,1.4128134155273437,1077.7813481351177,628.141446607388,47.90139325044968,27.917397626995026,nvjet_tst_144x128_64x8_1x2_2cta_h_bz_TNN,"[2048, 2048, 2048, 2048, 2048, 2048, 2048, 2048, 2048, 2048, 2048, 2048, 2048, 2048, 2048, 2048]",2.4.90,OK
b200,NVIDIA B200,fc1,skewed,16,2048,32768,2048,1280,2048,2560,bf16,343597383680.0,0.3175507164001465,1.2846866798400878,1.6022373962402343,1082.0236451522662,534.9123472234794,48.089939784545166,23.773882098821307,nvjet_tst_128x200_64x5_2x1_v_bz_TNT,"[4096, 4096, 4096, 4096, 1365, 1365, 1365, 1365, 1365, 1365, 1365, 1365, 1365, 1365, 1365, 1369]",2.4.90,OK
b200,NVIDIA B200,fc2,balanced,16,2048,32768,2048,1280,1280,2048,bf16,171798691840.0,0.31884031295776366,1.1157203865051268,1.4345606994628906,538.823620659154,307.960119610507,23.94771647374018,13.687116427133644,nvjet_tst_128x256_64x6_2x2_2cta_h_bz_TNT,"[2048, 2048, 2048, 2048, 2048, 2048, 2048, 2048, 2048, 2048, 2048, 2048, 2048, 2048, 2048, 2048]",2.4.90,OK
b200,NVIDIA B200,fc2,skewed,16,2048,32768,2048,1280,1280,2048,bf16,171798691840.0,0.3791231918334961,1.2124730300903321,1.5915962219238282,453.14740839028076,283.38558891854376,20.139884817345813,12.59491506304639,nvjet_tst_128x152_64x6_2x1_v_bz_TNT,"[4096, 4096, 4096, 4096, 1365, 1365, 1365, 1365, 1365, 1365, 1365, 1365, 1365, 1365, 1365, 1369]",2.4.90,OK
b200,NVIDIA B200,fc1,balanced,16,2048,32768,2560,1600,2560,3200,bf16,536870912000.0,0.4015603256225586,1.6100569534301759,2.0116172790527345,1336.962039682737,666.896796235951,59.420535097010536,29.639857610486715,nvjet_tst_128x192_64x7_2x1_2cta_v_bz_TNT,"[2048, 2048, 2048, 2048, 2048, 2048, 2048, 2048, 2048, 2048, 2048, 2048, 2048, 2048, 2048, 2048]",2.4.90,OK
b200,NVIDIA B200,fc1,skewed,16,2048,32768,2560,1600,2560,3200,bf16,536870912000.0,0.4001055908203125,1.5026509094238283,1.9027565002441407,1341.8230695034422,714.5650511812569,59.63658086681965,31.758446719166972,nvjet_tst_192x176_64x6_2x1_2cta_v_bz_TNT,"[4096, 4096, 4096, 4096, 1365, 1365, 1365, 1365, 1365, 1365, 1365, 1365, 1365, 1365, 1365, 1369]",2.4.90,OK
b200,NVIDIA B200,fc2,balanced,16,2048,32768,2560,1600,1600,2560,bf16,268435456000.0,0.3547615814208984,1.125433578491211,1.4801951599121095,756.6643911239114,477.03473777612425,33.62952849439606,21.201543901161077,nvjet_tst_144x128_64x8_1x2_2cta_h_bz_TNN,"[2048, 2048, 2048, 2048, 2048, 2048, 2048, 2048, 2048, 2048, 2048, 2048, 2048, 2048, 2048, 2048]",2.4.90,OK
b200,NVIDIA B200,fc2,skewed,16,2048,32768,2560,1600,1600,2560,bf16,268435456000.0,0.3183033561706543,1.1260736274719239,1.4443769836425782,843.3321571893251,476.7635960050807,37.48142920841445,21.189493155781363,nvjet_tst_128x200_64x5_2x1_v_bz_TNT,"[4096, 4096, 4096, 4096, 1365, 1365, 1365, 1365, 1365, 1365, 1365, 1365, 1365, 1365, 1365, 1369]",2.4.90,OK
b200,NVIDIA B200,fc1,balanced,16,2048,32768,4096,1280,4096,2560,bf16,687194767360.0,0.4986214447021484,1.4397203826904297,1.938341827392578,1378.1893551940907,954.6225442413028,61.252860230848476,42.42766863294679,nvjet_tst_144x128_64x8_1x2_2cta_h_bz_TNN,"[2048, 2048, 2048, 2048, 2048, 2048, 2048, 2048, 2048, 2048, 2048, 2048, 2048, 2048, 2048, 2048]",2.4.90,OK
b200,NVIDIA B200,fc1,skewed,16,2048,32768,4096,1280,4096,2560,bf16,687194767360.0,0.49242431640625,1.4392819213867187,1.9317062377929688,1395.5337794347759,954.9133594312111,62.02372353043449,42.44059375249827,nvjet_tst_128x200_64x5_2x1_v_bz_TNT,"[4096, 4096, 4096, 4096, 1365, 1365, 1365, 1365, 1365, 1365, 1365, 1365, 1365, 1365, 1365, 1369]",2.4.90,OK
b200,NVIDIA B200,fc2,balanced,16,2048,32768,4096,1280,1280,4096,bf16,343597383680.0,0.32073982238769533,1.111403579711914,1.4321434020996093,1071.2651180079395,618.3125373216157,47.61178302257509,27.48055721429403,nvjet_tst_128x256_64x6_2x2_2cta_h_bz_TNT,"[2048, 2048, 2048, 2048, 2048, 2048, 2048, 2048, 2048, 2048, 2048, 2048, 2048, 2048, 2048, 2048]",2.4.90,OK
b200,NVIDIA B200,fc2,skewed,16,2048,32768,4096,1280,1280,4096,bf16,343597383680.0,0.33330047607421875,1.190515899658203,1.523816375732422,1030.8937680709714,577.2243508526795,45.81750080315429,25.654415593452423,nvjet_tst_128x160_64x8_2x1_2cta_v_bz_TNT,"[4096, 4096, 4096, 4096, 1365, 1365, 1365, 1365, 1365, 1365, 1365, 1365, 1365, 1365, 1365, 1369]",2.4.90,OK
b200,NVIDIA B200,fc1,balanced,16,2048,32768,6144,1536,6144,3072,bf16,1236950581248.0,0.9049075317382812,2.5205874633789063,3.4254949951171874,1366.9358888768238,981.4780079798055,60.752706172303284,43.62124479910247,nvjet_tst_192x128_64x6_2x2_2cta_h_bz_TNT,"[2048, 2048, 2048, 2048, 2048, 2048, 2048, 2048, 2048, 2048, 2048, 2048, 2048, 2048, 2048, 2048]",2.4.90,OK
b200,NVIDIA B200,fc1,skewed,16,2048,32768,6144,1536,6144,3072,bf16,1236950581248.0,0.9193138885498047,2.294878616333008,3.2141925048828126,1345.514950502118,1078.0095927030131,59.80066446676079,47.911537453467254,nvjet_tst_192x176_64x6_2x2_2cta_h_bz_TNT,"[4096, 4096, 4096, 4096, 1365, 1365, 1365, 1365, 1365, 1365, 1365, 1365, 1365, 1365, 1365, 1369]",2.4.90,OK
b200,NVIDIA B200,fc2,balanced,16,2048,32768,6144,1536,1536,6144,bf16,618475290624.0,0.7044198608398438,1.226826171875,1.9312460327148437,877.9924090820261,1008.2525215104652,39.02188484809005,44.8112231782429,nvjet_tst_128x256_64x6_2x2_2cta_h_bz_TNT,"[2048, 2048, 2048, 2048, 2048, 2048, 2048, 2048, 2048, 2048, 2048, 2048, 2048, 2048, 2048, 2048]",2.4.90,OK
b200,NVIDIA B200,fc2,skewed,16,2048,32768,6144,1536,1536,6144,bf16,618475290624.0,0.45912574768066405,1.4369887542724609,1.896114501953125,1347.0716764379079,860.7935013898289,59.86985228612923,38.25748895065906,nvjet_tst_128x232_64x4_2x1_v_bz_TNT,"[4096, 4096, 4096, 4096, 1365, 1365, 1365, 1365, 1365, 1365, 1365, 1365, 1365, 1365, 1365, 1369]",2.4.90,OK
b200,NVIDIA B200,fc1,balanced,16,4096,65536,1024,1280,1024,2560,bf16,343597383680.0,0.3199737548828125,1.1127104187011718,1.4326841735839844,1073.8298952232487,617.5863511389949,47.72577312103328,27.44828227284422,nvjet_tst_128x192_64x7_2x1_2cta_v_bz_TNT,"[4096, 4096, 4096, 4096, 4096, 4096, 4096, 4096, 4096, 4096, 4096, 4096, 4096, 4096, 4096, 4096]",2.4.90,OK
b200,NVIDIA B200,fc1,skewed,16,4096,65536,1024,1280,1024,2560,bf16,343597383680.0,0.3246054458618164,1.1222533798217773,1.4468588256835937,1058.50776091498,612.3347719114305,47.04478937399911,27.214878751619132,nvjet_tst_256x96_64x5_2x1_2cta_v_bz_TNT,"[8192, 8192, 8192, 8192, 2730, 2730, 2730, 2730, 2730, 2730, 2730, 2730, 2730, 2730, 2730, 2738]",2.4.90,OK
b200,NVIDIA B200,fc2,balanced,16,4096,65536,1024,1280,1280,1024,bf16,171798691840.0,0.3226816177368164,1.112071647644043,1.4347532653808595,532.4092926177201,308.9705455650464,23.662635227454228,13.732024247335394,nvjet_tst_128x256_64x6_2x2_2cta_h_bz_TNT,"[4096, 4096, 4096, 4096, 4096, 4096, 4096, 4096, 4096, 4096, 4096, 4096, 4096, 4096, 4096, 4096]",2.4.90,OK
b200,NVIDIA B200,fc2,skewed,16,4096,65536,1024,1280,1280,1024,bf16,171798691840.0,0.3265849685668945,1.2447333908081055,1.571318359375,526.0459248748629,276.04094677409574,23.379818883327236,12.268486523293145,nvjet_tst_128x152_64x6_2x1_v_bz_TNT,"[8192, 8192, 8192, 8192, 2730, 2730, 2730, 2730, 2730, 2730, 2730, 2730, 2730, 2730, 2730, 2738]",2.4.90,OK
b200,NVIDIA B200,fc1,balanced,16,4096,65536,2048,1280,2048,2560,bf16,687194767360.0,0.4845503997802734,1.5502707672119143,2.0348211669921876,1418.2111245220697,886.5480558546375,63.0316055343142,39.40213581576167,nvjet_tst_128x192_64x7_2x1_2cta_v_bz_TNT,"[4096, 4096, 4096, 4096, 4096, 4096, 4096, 4096, 4096, 4096, 4096, 4096, 4096, 4096, 4096, 4096]",2.4.90,OK
b200,NVIDIA B200,fc1,skewed,16,4096,65536,2048,1280,2048,2560,bf16,687194767360.0,0.5127289581298828,1.6647174835205079,2.1774464416503907,1340.2690767973397,825.5992673384262,59.56751452432621,36.693300770596714,nvjet_tst_256x96_64x5_2x1_2cta_v_bz_TNT,"[8192, 8192, 8192, 8192, 2730, 2730, 2730, 2730, 2730, 2730, 2730, 2730, 2730, 2730, 2730, 2738]",2.4.90,OK
b200,NVIDIA B200,fc2,balanced,16,4096,65536,2048,1280,1280,2048,bf16,343597383680.0,0.7189427185058593,1.1341305541992188,1.853073272705078,477.9203889763016,605.9221002516866,21.240906176724515,26.929871122297182,nvjet_tst_160x192_64x6_1x2_2cta_h_bz_TNN,"[4096, 4096, 4096, 4096, 4096, 4096, 4096, 4096, 4096, 4096, 4096, 4096, 4096, 4096, 4096, 4096]",2.4.90,OK
b200,NVIDIA B200,fc2,skewed,16,4096,65536,2048,1280,1280,2048,bf16,343597383680.0,0.6126163101196289,0.8174560165405274,1.4300723266601563,560.8688146303252,840.6504490213518,24.9275028724589,37.362242178726746,nvjet_tst_128x160_64x8_2x1_2cta_v_bz_TNT,"[8192, 8192, 8192, 8192, 2730, 2730, 2730, 2730, 2730, 2730, 2730, 2730, 2730, 2730, 2730, 2738]",2.4.90,OK
b200,NVIDIA B200,fc1,balanced,16,4096,65536,2560,1600,2560,3200,bf16,1073741824000.0,0.7165862274169922,2.0786801910400388,2.795266418457031,1498.4125886293004,1033.099587544314,66.59611505019113,45.91553722419174,nvjet_tst_128x256_64x6_2x1_2cta_v_bz_TNT,"[4096, 4096, 4096, 4096, 4096, 4096, 4096, 4096, 4096, 4096, 4096, 4096, 4096, 4096, 4096, 4096]",2.4.90,OK
b200,NVIDIA B200,fc1,skewed,16,4096,65536,2560,1600,2560,3200,bf16,1073741824000.0,0.7404946899414062,2.1658316040039063,2.9063262939453125,1450.0331178404033,991.5284475625957,64.44591634846236,44.06793100278203,nvjet_tst_128x256_64x6_2x1_2cta_v_bz_TNT,"[8192, 8192, 8192, 8192, 2730, 2730, 2730, 2730, 2730, 2730, 2730, 2730, 2730, 2730, 2730, 2738]",2.4.90,OK
b200,NVIDIA B200,fc2,balanced,16,4096,65536,2560,1600,1600,2560,bf16,536870912000.0,0.39395713806152344,1.363340835571289,1.7572979736328125,1362.7647785281608,787.5813560224384,60.56732349014048,35.003615823219484,nvjet_tst_128x192_64x7_2x1_2cta_v_bz_TNT,"[4096, 4096, 4096, 4096, 4096, 4096, 4096, 4096, 4096, 4096, 4096, 4096, 4096, 4096, 4096, 4096]",2.4.90,OK
b200,NVIDIA B200,fc2,skewed,16,4096,65536,2560,1600,1600,2560,bf16,536870912000.0,0.4099667358398438,1.271031036376953,1.6809977722167968,1309.5474951161214,844.7801770920388,58.20211089404984,37.54578564853506,nvjet_tst_256x96_64x5_2x1_2cta_v_bz_TNT,"[8192, 8192, 8192, 8192, 2730, 2730, 2730, 2730, 2730, 2730, 2730, 2730, 2730, 2730, 2730, 2738]",2.4.90,OK
b200,NVIDIA B200,fc1,balanced,16,4096,65536,4096,1280,4096,2560,bf16,1374389534720.0,0.9591526031494141,2.623608322143555,3.582760925292969,1432.9206115972993,1047.7093879600816,63.68536051543553,46.564861687114735,nvjet_tst_128x192_64x7_2x1_2cta_v_bz_TNT,"[4096, 4096, 4096, 4096, 4096, 4096, 4096, 4096, 4096, 4096, 4096, 4096, 4096, 4096, 4096, 4096]",2.4.90,OK
b200,NVIDIA B200,fc1,skewed,16,4096,65536,4096,1280,4096,2560,bf16,1374389534720.0,1.0046336364746093,2.565679473876953,3.5703131103515626,1368.050486088553,1071.3649531936148,60.80224382615792,47.616220141938435,nvjet_tst_256x208_64x4_2x1_2cta_v_bz_TNT,"[8192, 8192, 8192, 8192, 2730, 2730, 2730, 2730, 2730, 2730, 2730, 2730, 2730, 2730, 2730, 2738]",2.4.90,OK
b200,NVIDIA B200,fc2,balanced,16,4096,65536,4096,1280,1280,4096,bf16,687194767360.0,0.49453887939453123,1.6728953552246093,2.1674342346191406,1389.5667175881888,821.5633634391131,61.75852078169728,36.51392726396058,nvjet_tst_128x256_64x6_2x2_2cta_h_bz_TNT,"[4096, 4096, 4096, 4096, 4096, 4096, 4096, 4096, 4096, 4096, 4096, 4096, 4096, 4096, 4096, 4096]",2.4.90,OK
b200,NVIDIA B200,fc2,skewed,16,4096,65536,4096,1280,1280,4096,bf16,687194767360.0,0.7027430725097656,1.495311279296875,2.1980543518066407,977.8748368244504,919.1327275791467,43.46110385886446,40.850343447962075,nvjet_tst_176x128_64x8_2x2_2cta_h_bz_TNN,"[8192, 8192, 8192, 8192, 2730, 2730, 2730, 2730, 2730, 2730, 2730, 2730, 2730, 2730, 2730, 2738]",2.4.90,OK
b200,NVIDIA B200,fc1,balanced,16,4096,65536,6144,1536,6144,3072,bf16,2473901162496.0,1.8472647094726562,3.5576101684570314,5.404874877929688,1339.2239616823686,1390.7657361846107,59.52106496366083,61.8118104970938,nvjet_tst_128x256_64x6_2x2_2cta_h_bz_TNT,"[4096, 4096, 4096, 4096, 4096, 4096, 4096, 4096, 4096, 4096, 4096, 4096, 4096, 4096, 4096, 4096]",2.4.90,OK
b200,NVIDIA B200,fc1,skewed,16,4096,65536,6144,1536,6144,3072,bf16,2473901162496.0,1.79434814453125,3.771299438476563,5.565647583007813,1378.7186004209202,1311.9622044625264,61.276382240929784,58.30943130944562,nvjet_tst_256x128_64x5_2x2_2cta_h_bz_TNT,"[8192, 8192, 8192, 8192, 2730, 2730, 2730, 2730, 2730, 2730, 2730, 2730, 2730, 2730, 2730, 2738]",2.4.90,OK
b200,NVIDIA B200,fc2,balanced,16,4096,65536,6144,1536,1536,6144,bf16,1236950581248.0,0.8656012725830078,2.651009140014648,3.516610412597656,1429.0073506440938,933.1922418352472,63.51143780640417,41.4752107482332,nvjet_tst_128x256_64x6_2x2_2cta_h_bz_TNT,"[4096, 4096, 4096, 4096, 4096, 4096, 4096, 4096, 4096, 4096, 4096, 4096, 4096, 4096, 4096, 4096]",2.4.90,OK
b200,NVIDIA B200,fc2,skewed,16,4096,65536,6144,1536,1536,6144,bf16,1236950581248.0,0.8493695831298829,2.626149826049805,3.4755194091796877,1456.3160793796042,942.0259034562342,64.72515908353796,41.86781793138819,nvjet_tst_256x128_64x5_2x2_2cta_h_bz_TNT,"[8192, 8192, 8192, 8192, 2730, 2730, 2730, 2730, 2730, 2730, 2730, 2730, 2730, 2730, 2730, 2738]",2.4.90,OK
b200,NVIDIA B200,fc1,balanced,32,64,2048,1024,1280,1024,2560,bf16,10737418240.0,0.5449504089355469,1.87325439453125,2.418204803466797,19.70347771822656,11.463918911757691,0.8757101208100693,0.5095075071892308,nvjet_tst_24x64_64x16_4x1_v_bz_TNN,"[64, 64, 64, 64, 64, 64, 64, 64, 64, 64, 64, 64, 64, 64, 64, 64, 64, 64, 64, 64, 64, 64, 64, 64, 64, 64, 64, 64, 64, 64, 64, 64]",2.4.90,OK
b200,NVIDIA B200,fc1,skewed,32,64,2048,1024,1280,1024,2560,bf16,10737418240.0,0.5516755294799804,1.9010597610473632,2.4527352905273436,19.463285330276094,11.296244820924896,0.8650349035678264,0.5020553253744399,nvjet_tst_64x16_64x16_2x1_2cta_v_bz_TNT,"[128, 128, 128, 128, 128, 128, 128, 128, 42, 42, 42, 42, 42, 42, 42, 42, 42, 42, 42, 42, 42, 42, 42, 42, 42, 42, 42, 42, 42, 42, 42, 58]",2.4.90,OK
b200,NVIDIA B200,fc2,balanced,32,64,2048,1024,1280,1280,1024,bf16,5368709120.0,0.544634895324707,1.8744973373413085,2.4191322326660156,9.857446091108832,5.728158704791444,0.4381087151603925,0.2545848313240642,nvjet_tst_64x8_64x16_1x4_h_bz_TNT,"[64, 64, 64, 64, 64, 64, 64, 64, 64, 64, 64, 64, 64, 64, 64, 64, 64, 64, 64, 64, 64, 64, 64, 64, 64, 64, 64, 64, 64, 64, 64, 64]",2.4.90,OK
b200,NVIDIA B200,fc2,skewed,32,64,2048,1024,1280,1280,1024,bf16,5368709120.0,0.547396469116211,1.8975865936279297,2.4449830627441407,9.807716021018463,5.658460212596414,0.4358984898230428,0.2514871205598406,nvjet_tst_8x64_64x16_4x1_v_bz_TNN,"[128, 128, 128, 128, 128, 128, 128, 128, 42, 42, 42, 42, 42, 42, 42, 42, 42, 42, 42, 42, 42, 42, 42, 42, 42, 42, 42, 42, 42, 42, 42, 58]",2.4.90,OK
b200,NVIDIA B200,fc1,balanced,32,64,2048,2048,1280,2048,2560,bf16,21474836480.0,0.5477171325683594,2.6402049255371094,3.187922058105469,39.207896198718544,16.26755277386756,1.7425731643874909,0.7230023455052249,nvjet_tst_64x32_64x16_2x2_2cta_h_bz_TNT,"[64, 64, 64, 64, 64, 64, 64, 64, 64, 64, 64, 64, 64, 64, 64, 64, 64, 64, 64, 64, 64, 64, 64, 64, 64, 64, 64, 64, 64, 64, 64, 64]",2.4.90,OK
b200,NVIDIA B200,fc1,skewed,32,64,2048,2048,1280,2048,2560,bf16,21474836480.0,0.5562470245361328,2.3416039276123044,2.8978509521484375,38.60665411722132,18.341988776810382,1.7158512940987254,0.8151995011915725,nvjet_tst_64x16_64x16_2x1_2cta_v_bz_TNT,"[128, 128, 128, 128, 128, 128, 128, 128, 42, 42, 42, 42, 42, 42, 42, 42, 42, 42, 42, 42, 42, 42, 42, 42, 42, 42, 42, 42, 42, 42, 42, 58]",2.4.90,OK
b200,NVIDIA B200,fc2,balanced,32,64,2048,2048,1280,1280,2048,bf16,10737418240.0,0.5514259338378906,3.1732786560058592,3.72470458984375,19.472095128475786,6.767397007305352,0.8654264501544793,0.3007732003246823,nvjet_tst_64x16_64x16_2x2_2cta_h_bz_TNT,"[64, 64, 64, 64, 64, 64, 64, 64, 64, 64, 64, 64, 64, 64, 64, 64, 64, 64, 64, 64, 64, 64, 64, 64, 64, 64, 64, 64, 64, 64, 64, 64]",2.4.90,OK
b200,NVIDIA B200,fc2,skewed,32,64,2048,2048,1280,1280,2048,bf16,10737418240.0,0.5528889465332031,1.8898835754394532,2.4427725219726564,19.42056955076995,11.363047310999818,0.8631364244786645,0.5050243249333253,nvjet_tst_16x64_64x16_4x1_v_bz_TNN,"[128, 128, 128, 128, 128, 128, 128, 128, 42, 42, 42, 42, 42, 42, 42, 42, 42, 42, 42, 42, 42, 42, 42, 42, 42, 42, 42, 42, 42, 42, 42, 58]",2.4.90,OK
b200,NVIDIA B200,fc1,balanced,32,64,2048,2560,1600,2560,3200,bf16,33554432000.0,0.5488595199584961,2.72169864654541,3.270558166503906,61.134827364454445,24.656978128412472,2.7171034384201973,1.0958656945961098,nvjet_tst_64x32_64x16_2x2_2cta_h_bz_TNT,"[64, 64, 64, 64, 64, 64, 64, 64, 64, 64, 64, 64, 64, 64, 64, 64, 64, 64, 64, 64, 64, 64, 64, 64, 64, 64, 64, 64, 64, 64, 64, 64]",2.4.90,OK
b200,NVIDIA B200,fc1,skewed,32,64,2048,2560,1600,2560,3200,bf16,33554432000.0,0.9273011016845704,2.3708129119873047,3.298114013671875,36.18504489970275,28.306267297889324,1.6082242177645667,1.2580563243506366,nvjet_tst_64x24_64x16_4x2_h_bz_TNT,"[128, 128, 128, 128, 128, 128, 128, 128, 42, 42, 42, 42, 42, 42, 42, 42, 42, 42, 42, 42, 42, 42, 42, 42, 42, 42, 42, 42, 42, 42, 42, 58]",2.4.90,OK
b200,NVIDIA B200,fc2,balanced,32,64,2048,2560,1600,1600,2560,bf16,16777216000.0,0.5520883178710938,2.408050537109375,2.960138854980469,30.388645180348274,13.934272343087434,1.3506064524599233,0.6193009930261082,nvjet_tst_24x64_64x16_4x1_v_bz_TNN,"[64, 64, 64, 64, 64, 64, 64, 64, 64, 64, 64, 64, 64, 64, 64, 64, 64, 64, 64, 64, 64, 64, 64, 64, 64, 64, 64, 64, 64, 64, 64, 64]",2.4.90,OK
b200,NVIDIA B200,fc2,skewed,32,64,2048,2560,1600,1600,2560,bf16,16777216000.0,0.5523129653930664,1.891059226989746,2.4433721923828124,30.376284916759293,17.743723475765016,1.350057107411524,0.7886099322562229,nvjet_tst_64x16_64x16_2x1_2cta_v_bz_TNT,"[128, 128, 128, 128, 128, 128, 128, 128, 42, 42, 42, 42, 42, 42, 42, 42, 42, 42, 42, 42, 42, 42, 42, 42, 42, 42, 42, 42, 42, 42, 42, 58]",2.4.90,OK
b200,NVIDIA B200,fc1,balanced,32,64,2048,4096,1280,4096,2560,bf16,42949672960.0,0.545970573425293,1.882335395812988,2.428305969238281,78.66664441371573,45.63445287756475,3.4962953072762546,2.0281979056695443,nvjet_tst_64x32_64x16_2x2_2cta_h_bz_TNT,"[64, 64, 64, 64, 64, 64, 64, 64, 64, 64, 64, 64, 64, 64, 64, 64, 64, 64, 64, 64, 64, 64, 64, 64, 64, 64, 64, 64, 64, 64, 64, 64]",2.4.90,OK
b200,NVIDIA B200,fc1,skewed,32,64,2048,4096,1280,4096,2560,bf16,42949672960.0,0.5517145538330078,1.8899744415283202,2.441688995361328,77.84763454509114,45.45000399610581,3.4598948686707174,2.020000177604703,nvjet_tst_64x16_64x16_2x1_2cta_v_bz_TNT,"[128, 128, 128, 128, 128, 128, 128, 128, 42, 42, 42, 42, 42, 42, 42, 42, 42, 42, 42, 42, 42, 42, 42, 42, 42, 42, 42, 42, 42, 42, 42, 58]",2.4.90,OK
b200,NVIDIA B200,fc2,balanced,32,64,2048,4096,1280,1280,4096,bf16,21474836480.0,0.5493043136596679,2.004490242004395,2.5537945556640627,39.094607389712124,21.426730876500738,1.7375381062094277,0.9522991500666994,nvjet_tst_64x32_64x16_2x2_2cta_h_bz_TNT,"[64, 64, 64, 64, 64, 64, 64, 64, 64, 64, 64, 64, 64, 64, 64, 64, 64, 64, 64, 64, 64, 64, 64, 64, 64, 64, 64, 64, 64, 64, 64, 64]",2.4.90,OK
b200,NVIDIA B200,fc2,skewed,32,64,2048,4096,1280,1280,4096,bf16,21474836480.0,0.5572588729858399,3.107779273986816,3.6650381469726563,38.536553693503386,13.820052575645757,1.7127357197112616,0.6142245589175892,nvjet_tst_64x24_64x16_2x2_h_bz_TNT,"[128, 128, 128, 128, 128, 128, 128, 128, 42, 42, 42, 42, 42, 42, 42, 42, 42, 42, 42, 42, 42, 42, 42, 42, 42, 42, 42, 42, 42, 42, 42, 58]",2.4.90,OK
b200,NVIDIA B200,fc1,balanced,32,64,2048,6144,1536,6144,3072,bf16,77309411328.0,0.6631724548339843,1.9228172302246096,2.585989685058594,116.57512425987792,80.41264672770721,5.181116633772352,3.5738954101203206,nvjet_tst_64x32_64x16_2x1_2cta_v_bz_splitK_TNT,"[64, 64, 64, 64, 64, 64, 64, 64, 64, 64, 64, 64, 64, 64, 64, 64, 64, 64, 64, 64, 64, 64, 64, 64, 64, 64, 64, 64, 64, 64, 64, 64]",2.4.90,OK
b200,NVIDIA B200,fc1,skewed,32,64,2048,6144,1536,6144,3072,bf16,77309411328.0,0.5662195205688476,1.9231930160522464,2.489412536621094,136.53611103045642,80.39693435107584,6.0682716013536195,3.5731970822700374,nvjet_tst_64x16_64x16_2x1_2cta_v_bz_TNT,"[128, 128, 128, 128, 128, 128, 128, 128, 42, 42, 42, 42, 42, 42, 42, 42, 42, 42, 42, 42, 42, 42, 42, 42, 42, 42, 42, 42, 42, 42, 42, 58]",2.4.90,OK
b200,NVIDIA B200,fc2,balanced,32,64,2048,6144,1536,1536,6144,bf16,38654705664.0,0.5509439849853516,2.0046150970458982,2.55555908203125,70.16086338618933,38.56571340898662,3.118260594941748,1.7140317070660718,nvjet_tst_48x64_64x15_4x1_v_bz_TNN,"[64, 64, 64, 64, 64, 64, 64, 64, 64, 64, 64, 64, 64, 64, 64, 64, 64, 64, 64, 64, 64, 64, 64, 64, 64, 64, 64, 64, 64, 64, 64, 64]",2.4.90,OK
b200,NVIDIA B200,fc2,skewed,32,64,2048,6144,1536,1536,6144,bf16,38654705664.0,0.5520825576782227,2.0105529403686524,2.562635498046875,70.01616900661008,38.451815804375016,3.1118297336271152,1.7089695913055563,nvjet_tst_48x64_64x15_4x1_v_bz_TNN,"[128, 128, 128, 128, 128, 128, 128, 128, 42, 42, 42, 42, 42, 42, 42, 42, 42, 42, 42, 42, 42, 42, 42, 42, 42, 42, 42, 42, 42, 42, 42, 58]",2.4.90,OK
b200,NVIDIA B200,fc1,balanced,32,128,4096,1024,1280,1024,2560,bf16,21474836480.0,0.5524211120605469,1.8965171813964843,2.448938293457031,38.87403289113667,22.646603669772382,1.7277347951616298,1.0065157186565503,nvjet_tst_48x64_64x16_4x2_2cta_h_bz_TNN,"[128, 128, 128, 128, 128, 128, 128, 128, 128, 128, 128, 128, 128, 128, 128, 128, 128, 128, 128, 128, 128, 128, 128, 128, 128, 128, 128, 128, 128, 128, 128, 128]",2.4.90,OK
b200,NVIDIA B200,fc1,skewed,32,128,4096,1024,1280,1024,2560,bf16,21474836480.0,0.5609427261352539,1.9112537765502928,2.472196502685547,38.2834743717169,22.47198853807985,1.7014877498540844,0.9987550461368822,nvjet_tst_64x32_64x16_2x1_2cta_v_bz_TNT,"[256, 256, 256, 256, 256, 256, 256, 256, 85, 85, 85, 85, 85, 85, 85, 85, 85, 85, 85, 85, 85, 85, 85, 85, 85, 85, 85, 85, 85, 85, 85, 93]",2.4.90,OK
b200,NVIDIA B200,fc2,balanced,32,128,4096,1024,1280,1280,1024,bf16,10737418240.0,0.5458553695678711,1.8759289932250978,2.4217843627929687,19.670811791226544,11.447574272563726,0.8742583018322909,0.50878107878061,nvjet_tst_64x16_64x16_2x2_2cta_h_bz_TNT,"[128, 128, 128, 128, 128, 128, 128, 128, 128, 128, 128, 128, 128, 128, 128, 128, 128, 128, 128, 128, 128, 128, 128, 128, 128, 128, 128, 128, 128, 128, 128, 128]",2.4.90,OK
b200,NVIDIA B200,fc2,skewed,32,128,4096,1024,1280,1280,1024,bf16,10737418240.0,0.5481209564208984,1.8687584686279295,2.416879425048828,19.589505043034347,11.49149921753513,0.8706446685793042,0.5107332985571169,nvjet_tst_16x64_64x16_2x2_2cta_h_bz_TNN,"[256, 256, 256, 256, 256, 256, 256, 256, 85, 85, 85, 85, 85, 85, 85, 85, 85, 85, 85, 85, 85, 85, 85, 85, 85, 85, 85, 85, 85, 85, 85, 93]",2.4.90,OK
b200,NVIDIA B200,fc1,balanced,32,128,4096,2048,1280,2048,2560,bf16,42949672960.0,0.557586555480957,1.855959739685059,2.413546295166016,77.02781305936068,46.282979141873206,3.423458358193808,2.0570212951943647,nvjet_tst_48x64_64x16_4x2_2cta_h_bz_TNN,"[128, 128, 128, 128, 128, 128, 128, 128, 128, 128, 128, 128, 128, 128, 128, 128, 128, 128, 128, 128, 128, 128, 128, 128, 128, 128, 128, 128, 128, 128, 128, 128]",2.4.90,OK
b200,NVIDIA B200,fc1,skewed,32,128,4096,2048,1280,2048,2560,bf16,42949672960.0,0.5533132934570313,1.882560577392578,2.4358738708496093,77.6227021253292,45.6289943343943,3.4498978722368534,2.0279553037508578,nvjet_tst_64x32_64x16_2x1_2cta_v_bz_TNT,"[256, 256, 256, 256, 256, 256, 256, 256, 85, 85, 85, 85, 85, 85, 85, 85, 85, 85, 85, 85, 85, 85, 85, 85, 85, 85, 85, 85, 85, 85, 85, 93]",2.4.90,OK
b200,NVIDIA B200,fc2,balanced,32,128,4096,2048,1280,1280,2048,bf16,21474836480.0,0.545167350769043,1.8633964920043948,2.4085638427734377,39.39127398166163,23.0491326694516,1.75072328807385,1.0244058964200708,nvjet_tst_64x32_64x16_2x2_2cta_h_bz_TNT,"[128, 128, 128, 128, 128, 128, 128, 128, 128, 128, 128, 128, 128, 128, 128, 128, 128, 128, 128, 128, 128, 128, 128, 128, 128, 128, 128, 128, 128, 128, 128, 128]",2.4.90,OK
b200,NVIDIA B200,fc2,skewed,32,128,4096,2048,1280,1280,2048,bf16,21474836480.0,0.5477619171142578,1.8830162811279298,2.4307781982421877,39.20469059465585,22.808975891739543,1.7424306930958156,1.0137322618550908,nvjet_tst_64x24_64x16_1x4_h_bz_TNT,"[256, 256, 256, 256, 256, 256, 256, 256, 85, 85, 85, 85, 85, 85, 85, 85, 85, 85, 85, 85, 85, 85, 85, 85, 85, 85, 85, 85, 85, 85, 85, 93]",2.4.90,OK
b200,NVIDIA B200,fc1,balanced,32,128,4096,2560,1600,2560,3200,bf16,67108864000.0,0.5634368133544921,1.8750931549072267,2.4385299682617188,119.10628203446437,71.57923202308348,5.293612534865083,3.1812992010259324,nvjet_tst_48x64_64x16_1x2_2cta_h_bz_TNN,"[128, 128, 128, 128, 128, 128, 128, 128, 128, 128, 128, 128, 128, 128, 128, 128, 128, 128, 128, 128, 128, 128, 128, 128, 128, 128, 128, 128, 128, 128, 128, 128]",2.4.90,OK
b200,NVIDIA B200,fc1,skewed,32,128,4096,2560,1600,2560,3200,bf16,67108864000.0,0.5508287811279297,1.8781568145751955,2.428985595703125,121.83252999703733,71.4624715883256,5.4147791109794365,3.1761098483700265,nvjet_tst_64x48_64x16_2x2_2cta_h_bz_TNT,"[256, 256, 256, 256, 256, 256, 256, 256, 85, 85, 85, 85, 85, 85, 85, 85, 85, 85, 85, 85, 85, 85, 85, 85, 85, 85, 85, 85, 85, 85, 85, 93]",2.4.90,OK
b200,NVIDIA B200,fc2,balanced,32,128,4096,2560,1600,1600,2560,bf16,33554432000.0,0.5511238479614258,1.8623801803588866,2.4135040283203124,60.883650969044155,36.03392299152792,2.705940043068629,1.6015076885123523,nvjet_tst_48x64_64x16_4x2_2cta_h_bz_TNN,"[128, 128, 128, 128, 128, 128, 128, 128, 128, 128, 128, 128, 128, 128, 128, 128, 128, 128, 128, 128, 128, 128, 128, 128, 128, 128, 128, 128, 128, 128, 128, 128]",2.4.90,OK
b200,NVIDIA B200,fc2,skewed,32,128,4096,2560,1600,1600,2560,bf16,33554432000.0,0.5497331237792968,1.8778752136230468,2.4276083374023436,61.03767546208695,35.736593951056335,2.7127855760927537,1.5882930644913926,nvjet_tst_64x32_64x16_2x1_2cta_v_bz_TNT,"[256, 256, 256, 256, 256, 256, 256, 256, 85, 85, 85, 85, 85, 85, 85, 85, 85, 85, 85, 85, 85, 85, 85, 85, 85, 85, 85, 85, 85, 85, 85, 93]",2.4.90,OK
b200,NVIDIA B200,fc1,balanced,32,128,4096,4096,1280,4096,2560,bf16,85899345920.0,0.5592371368408203,1.8697356414794921,2.4289727783203126,153.60093288019632,91.88394767083673,6.826708128008725,4.0837310075927435,nvjet_tst_64x64_64x16_2x2_2cta_h_bz_TNT,"[128, 128, 128, 128, 128, 128, 128, 128, 128, 128, 128, 128, 128, 128, 128, 128, 128, 128, 128, 128, 128, 128, 128, 128, 128, 128, 128, 128, 128, 128, 128, 128]",2.4.90,OK
b200,NVIDIA B200,fc1,skewed,32,128,4096,4096,1280,4096,2560,bf16,85899345920.0,0.5547942352294922,1.8619686126708985,2.4167628479003906,154.83099943255087,92.26723300859706,6.881377752557817,4.100765911493203,nvjet_tst_64x32_64x16_2x1_2cta_v_bz_TNT,"[256, 256, 256, 256, 256, 256, 256, 256, 85, 85, 85, 85, 85, 85, 85, 85, 85, 85, 85, 85, 85, 85, 85, 85, 85, 85, 85, 85, 85, 85, 85, 93]",2.4.90,OK
b200,NVIDIA B200,fc2,balanced,32,128,4096,4096,1280,1280,4096,bf16,42949672960.0,0.5484294509887695,1.873283805847168,2.4217132568359374,78.31394335691776,45.85495569431518,3.4806197047519007,2.037998030858452,nvjet_tst_64x64_64x16_2x2_2cta_h_bz_TNT,"[128, 128, 128, 128, 128, 128, 128, 128, 128, 128, 128, 128, 128, 128, 128, 128, 128, 128, 128, 128, 128, 128, 128, 128, 128, 128, 128, 128, 128, 128, 128, 128]",2.4.90,OK
b200,NVIDIA B200,fc2,skewed,32,128,4096,4096,1280,1280,4096,bf16,42949672960.0,0.5511475372314453,1.889502639770508,2.4406501770019533,77.92772362868057,45.46135269249108,3.4634543834969143,2.020504564110715,nvjet_tst_64x48_64x16_2x2_2cta_h_bz_TNT,"[256, 256, 256, 256, 256, 256, 256, 256, 85, 85, 85, 85, 85, 85, 85, 85, 85, 85, 85, 85, 85, 85, 85, 85, 85, 85, 85, 85, 85, 85, 85, 93]",2.4.90,OK
b200,NVIDIA B200,fc1,balanced,32,128,4096,6144,1536,6144,3072,bf16,154618822656.0,0.5599456024169922,1.882189407348633,2.442135009765625,276.1318635035108,164.29677273957833,12.272527266822701,7.302078788425704,nvjet_tst_64x64_64x16_2x2_2cta_h_bz_TNT,"[128, 128, 128, 128, 128, 128, 128, 128, 128, 128, 128, 128, 128, 128, 128, 128, 128, 128, 128, 128, 128, 128, 128, 128, 128, 128, 128, 128, 128, 128, 128, 128]",2.4.90,OK
b200,NVIDIA B200,fc1,skewed,32,128,4096,6144,1536,6144,3072,bf16,154618822656.0,0.5554950332641602,1.8989344406127928,2.454429473876953,278.3442036330009,162.8479839526255,12.37085349480004,7.237688175672244,nvjet_tst_64x32_64x16_2x1_2cta_v_bz_TNT,"[256, 256, 256, 256, 256, 256, 256, 256, 85, 85, 85, 85, 85, 85, 85, 85, 85, 85, 85, 85, 85, 85, 85, 85, 85, 85, 85, 85, 85, 85, 85, 93]",2.4.90,OK
b200,NVIDIA B200,fc2,balanced,32,128,4096,6144,1536,1536,6144,bf16,77309411328.0,0.5485209655761719,1.9939903259277343,2.542511291503906,140.94157959266593,77.5424136443898,6.264070204118486,3.4463294953062134,nvjet_tst_96x64_64x15_2x2_2cta_h_bz_TNN,"[128, 128, 128, 128, 128, 128, 128, 128, 128, 128, 128, 128, 128, 128, 128, 128, 128, 128, 128, 128, 128, 128, 128, 128, 128, 128, 128, 128, 128, 128, 128, 128]",2.4.90,OK
b200,NVIDIA B200,fc2,skewed,32,128,4096,6144,1536,1536,6144,bf16,77309411328.0,0.5541324615478516,1.978156204223633,2.5322886657714845,139.51431596707502,78.16310073282774,6.200636265203334,3.4739155881256774,nvjet_tst_96x64_64x15_2x2_2cta_h_bz_TNN,"[256, 256, 256, 256, 256, 256, 256, 256, 85, 85, 85, 85, 85, 85, 85, 85, 85, 85, 85, 85, 85, 85, 85, 85, 85, 85, 85, 85, 85, 85, 85, 93]",2.4.90,OK
b200,NVIDIA B200,fc1,balanced,32,192,6144,1024,1280,1024,2560,bf16,32212254720.0,0.5551788711547851,1.894261131286621,2.4494400024414062,58.02139885654825,34.010363394956826,2.578728838068811,1.5115717064425256,nvjet_tst_64x64_64x16_2x1_2cta_v_bz_TNT,"[192, 192, 192, 192, 192, 192, 192, 192, 192, 192, 192, 192, 192, 192, 192, 192, 192, 192, 192, 192, 192, 192, 192, 192, 192, 192, 192, 192, 192, 192, 192, 192]",2.4.90,OK
b200,NVIDIA B200,fc1,skewed,32,192,6144,1024,1280,1024,2560,bf16,32212254720.0,0.55198974609375,1.8627513122558594,2.4147410583496094,58.35661794074173,34.58567389866959,2.5936274640329655,1.5371410621630928,nvjet_tst_48x64_64x16_4x2_2cta_h_bz_TNN,"[384, 384, 384, 384, 384, 384, 384, 384, 128, 128, 128, 128, 128, 128, 128, 128, 128, 128, 128, 128, 128, 128, 128, 128, 128, 128, 128, 128, 128, 128, 128, 128]",2.4.90,OK
b200,NVIDIA B200,fc2,balanced,32,192,6144,1024,1280,1280,1024,bf16,16106127360.0,0.5503564834594726,1.8713984298706055,2.421754913330078,29.264899831394516,17.21293242841251,1.300662214728645,0.765019219040556,nvjet_tst_64x24_64x16_1x4_h_bz_TNT,"[192, 192, 192, 192, 192, 192, 192, 192, 192, 192, 192, 192, 192, 192, 192, 192, 192, 192, 192, 192, 192, 192, 192, 192, 192, 192, 192, 192, 192, 192, 192, 192]",2.4.90,OK
b200,NVIDIA B200,fc2,skewed,32,192,6144,1024,1280,1280,1024,bf16,16106127360.0,0.5510496139526367,1.9600922012329103,2.511141815185547,29.228089362901425,16.43405075523401,1.29902619390673,0.7304022557881783,nvjet_tst_64x16_64x16_2x2_2cta_h_bz_TNT,"[384, 384, 384, 384, 384, 384, 384, 384, 128, 128, 128, 128, 128, 128, 128, 128, 128, 128, 128, 128, 128, 128, 128, 128, 128, 128, 128, 128, 128, 128, 128, 128]",2.4.90,OK
b200,NVIDIA B200,fc1,balanced,32,192,6144,2048,1280,2048,2560,bf16,64424509440.0,0.5547430419921875,1.8753715515136717,2.4301145935058592,116.13396575221452,68.70586192693489,5.161509588987312,3.0535938634193283,nvjet_tst_64x64_64x16_2x1_2cta_v_bz_TNT,"[192, 192, 192, 192, 192, 192, 192, 192, 192, 192, 192, 192, 192, 192, 192, 192, 192, 192, 192, 192, 192, 192, 192, 192, 192, 192, 192, 192, 192, 192, 192, 192]",2.4.90,OK
b200,NVIDIA B200,fc1,skewed,32,192,6144,2048,1280,2048,2560,bf16,64424509440.0,0.5548518371582031,1.8660710144042971,2.4209228515625,116.11119424234843,69.04829338508978,5.160497521882152,3.0688130393373236,nvjet_tst_48x64_64x16_4x2_2cta_h_bz_TNN,"[384, 384, 384, 384, 384, 384, 384, 384, 128, 128, 128, 128, 128, 128, 128, 128, 128, 128, 128, 128, 128, 128, 128, 128, 128, 128, 128, 128, 128, 128, 128, 128]",2.4.90,OK
b200,NVIDIA B200,fc2,balanced,32,192,6144,2048,1280,1280,2048,bf16,32212254720.0,0.5507302474975586,1.8716147232055662,2.422344970703125,58.49007724992043,34.42188642845167,2.5995589888853528,1.5298616190422965,nvjet_tst_64x48_64x16_2x2_2cta_h_bz_TNT,"[192, 192, 192, 192, 192, 192, 192, 192, 192, 192, 192, 192, 192, 192, 192, 192, 192, 192, 192, 192, 192, 192, 192, 192, 192, 192, 192, 192, 192, 192, 192, 192]",2.4.90,OK
b200,NVIDIA B200,fc2,skewed,32,192,6144,2048,1280,1280,2048,bf16,32212254720.0,0.5514656066894531,1.8811021423339844,2.4325677490234376,58.41208287380955,34.24827817168134,2.5960925721693133,1.5221456965191706,nvjet_tst_64x32_64x16_2x2_2cta_h_bz_TNT,"[384, 384, 384, 384, 384, 384, 384, 384, 128, 128, 128, 128, 128, 128, 128, 128, 128, 128, 128, 128, 128, 128, 128, 128, 128, 128, 128, 128, 128, 128, 128, 128]",2.4.90,OK
b200,NVIDIA B200,fc1,balanced,32,192,6144,2560,1600,2560,3200,bf16,100663296000.0,0.5527449417114257,1.8655129623413087,2.4182579040527346,182.11527307391225,107.92023216355753,8.094012136618321,4.796454762824779,nvjet_tst_64x96_64x15_2x2_2cta_h_bz_TNT,"[192, 192, 192, 192, 192, 192, 192, 192, 192, 192, 192, 192, 192, 192, 192, 192, 192, 192, 192, 192, 192, 192, 192, 192, 192, 192, 192, 192, 192, 192, 192, 192]",2.4.90,OK
b200,NVIDIA B200,fc1,skewed,32,192,6144,2560,1600,2560,3200,bf16,100663296000.0,0.5531974411010743,1.8855571365356445,2.4387545776367188,181.9663080863888,106.77299992611182,8.08739147050617,4.745466663382747,nvjet_tst_48x64_64x16_1x2_2cta_h_bz_TNN,"[384, 384, 384, 384, 384, 384, 384, 384, 128, 128, 128, 128, 128, 128, 128, 128, 128, 128, 128, 128, 128, 128, 128, 128, 128, 128, 128, 128, 128, 128, 128, 128]",2.4.90,OK
b200,NVIDIA B200,fc2,balanced,32,192,6144,2560,1600,1600,2560,bf16,50331648000.0,0.5529164886474609,1.8790758514404295,2.4319923400878904,91.0293851484169,53.57064001585421,4.045750451040751,2.3809173340379646,nvjet_tst_64x64_64x16_2x1_2cta_v_bz_TNT,"[192, 192, 192, 192, 192, 192, 192, 192, 192, 192, 192, 192, 192, 192, 192, 192, 192, 192, 192, 192, 192, 192, 192, 192, 192, 192, 192, 192, 192, 192, 192, 192]",2.4.90,OK
b200,NVIDIA B200,fc2,skewed,32,192,6144,2560,1600,1600,2560,bf16,50331648000.0,0.5505817413330079,1.898237533569336,2.448819274902344,91.41539615560545,53.029873353477825,4.062906495804687,2.35688326015457,nvjet_tst_48x64_64x16_4x2_2cta_h_bz_TNN,"[384, 384, 384, 384, 384, 384, 384, 384, 128, 128, 128, 128, 128, 128, 128, 128, 128, 128, 128, 128, 128, 128, 128, 128, 128, 128, 128, 128, 128, 128, 128, 128]",2.4.90,OK
b200,NVIDIA B200,fc1,balanced,32,192,6144,4096,1280,4096,2560,bf16,128849018880.0,0.5513356781005859,1.9161177825927735,2.4674534606933594,233.70339340979984,134.4896645191084,10.386817484879993,5.977318423071485,nvjet_tst_64x64_64x16_2x1_2cta_v_bz_TNT,"[192, 192, 192, 192, 192, 192, 192, 192, 192, 192, 192, 192, 192, 192, 192, 192, 192, 192, 192, 192, 192, 192, 192, 192, 192, 192, 192, 192, 192, 192, 192, 192]",2.4.90,OK
b200,NVIDIA B200,fc1,skewed,32,192,6144,4096,1280,4096,2560,bf16,128849018880.0,0.5503430557250977,1.8827660751342772,2.433109130859375,234.12491088896644,136.87204223797224,10.405551595065175,6.08320187724321,nvjet_tst_64x64_64x16_2x2_2cta_h_bz_TNT,"[384, 384, 384, 384, 384, 384, 384, 384, 128, 128, 128, 128, 128, 128, 128, 128, 128, 128, 128, 128, 128, 128, 128, 128, 128, 128, 128, 128, 128, 128, 128, 128]",2.4.90,OK
b200,NVIDIA B200,fc2,balanced,32,192,6144,4096,1280,1280,4096,bf16,64424509440.0,0.550302734375,1.8937759399414065,2.4440786743164065,117.07103275285267,68.03815391380809,5.203157011237897,3.0239179517248043,nvjet_tst_64x96_64x15_2x2_2cta_h_bz_TNT,"[192, 192, 192, 192, 192, 192, 192, 192, 192, 192, 192, 192, 192, 192, 192, 192, 192, 192, 192, 192, 192, 192, 192, 192, 192, 192, 192, 192, 192, 192, 192, 192]",2.4.90,OK
b200,NVIDIA B200,fc2,skewed,32,192,6144,4096,1280,1280,4096,bf16,64424509440.0,0.553172492980957,1.8761146163940432,2.429287109375,116.46368945937051,68.67864988315705,5.176163975972022,3.0523844392514246,nvjet_tst_64x64_64x16_2x2_2cta_h_bz_TNT,"[384, 384, 384, 384, 384, 384, 384, 384, 128, 128, 128, 128, 128, 128, 128, 128, 128, 128, 128, 128, 128, 128, 128, 128, 128, 128, 128, 128, 128, 128, 128, 128]",2.4.90,OK
b200,NVIDIA B200,fc1,balanced,32,192,6144,6144,1536,6144,3072,bf16,231928233984.0,0.5474041748046875,1.9219731140136718,2.469377288818359,423.6873678699134,241.34389008144075,18.83054968310726,10.7263951147307,nvjet_tst_64x64_64x16_2x1_2cta_v_bz_TNT,"[192, 192, 192, 192, 192, 192, 192, 192, 192, 192, 192, 192, 192, 192, 192, 192, 192, 192, 192, 192, 192, 192, 192, 192, 192, 192, 192, 192, 192, 192, 192, 192]",2.4.90,OK
b200,NVIDIA B200,fc1,skewed,32,192,6144,6144,1536,6144,3072,bf16,231928233984.0,0.5521804809570312,1.953103942871094,2.505284423828125,420.02251434535555,237.49707211492472,18.667667304238023,10.555425427329986,nvjet_tst_64x64_64x16_2x2_2cta_h_bz_TNT,"[384, 384, 384, 384, 384, 384, 384, 384, 128, 128, 128, 128, 128, 128, 128, 128, 128, 128, 128, 128, 128, 128, 128, 128, 128, 128, 128, 128, 128, 128, 128, 128]",2.4.90,OK
b200,NVIDIA B200,fc2,balanced,32,192,6144,6144,1536,1536,6144,bf16,115964116992.0,0.5523468780517579,1.8768569183349606,2.4292037963867186,209.94799029376165,123.57267712754224,9.331021790833852,5.492118983446321,nvjet_tst_128x64_64x10_2x1_2cta_v_bz_TNT,"[192, 192, 192, 192, 192, 192, 192, 192, 192, 192, 192, 192, 192, 192, 192, 192, 192, 192, 192, 192, 192, 192, 192, 192, 192, 192, 192, 192, 192, 192, 192, 192]",2.4.90,OK
b200,NVIDIA B200,fc2,skewed,32,192,6144,6144,1536,1536,6144,bf16,115964116992.0,0.553067512512207,1.9644051742553712,2.517472686767578,209.67443281066073,118.06537522072801,9.318863680473811,5.247350009810134,nvjet_tst_96x64_64x15_2x2_2cta_h_bz_TNN,"[384, 384, 384, 384, 384, 384, 384, 384, 128, 128, 128, 128, 128, 128, 128, 128, 128, 128, 128, 128, 128, 128, 128, 128, 128, 128, 128, 128, 128, 128, 128, 128]",2.4.90,OK
b200,NVIDIA B200,fc1,balanced,32,256,8192,1024,1280,1024,2560,bf16,42949672960.0,0.5478067016601562,1.8638330078125,2.4116397094726563,78.40297102945037,46.087468973852076,3.4845764901977945,2.0483319543934253,nvjet_tst_80x64_64x16_2x2_2cta_h_bz_TNN,"[256, 256, 256, 256, 256, 256, 256, 256, 256, 256, 256, 256, 256, 256, 256, 256, 256, 256, 256, 256, 256, 256, 256, 256, 256, 256, 256, 256, 256, 256, 256, 256]",2.4.90,OK
b200,NVIDIA B200,fc1,skewed,32,256,8192,1024,1280,1024,2560,bf16,42949672960.0,0.5480128097534179,1.8860434341430663,2.4340562438964843,78.37348360401556,45.54473368161259,3.483265937956247,2.0242103858494485,nvjet_tst_64x64_64x16_2x1_2cta_v_bz_TNT,"[512, 512, 512, 512, 512, 512, 512, 512, 170, 170, 170, 170, 170, 170, 170, 170, 170, 170, 170, 170, 170, 170, 170, 170, 170, 170, 170, 170, 170, 170, 170, 186]",2.4.90,OK
b200,NVIDIA B200,fc2,balanced,32,256,8192,1024,1280,1280,1024,bf16,21474836480.0,0.5459731292724609,1.9144728851318362,2.460446014404297,39.333138076989975,22.434202799922318,1.7481394700884434,0.9970756799965474,nvjet_tst_64x32_64x16_2x2_2cta_h_bz_TNT,"[256, 256, 256, 256, 256, 256, 256, 256, 256, 256, 256, 256, 256, 256, 256, 256, 256, 256, 256, 256, 256, 256, 256, 256, 256, 256, 256, 256, 256, 256, 256, 256]",2.4.90,OK
b200,NVIDIA B200,fc2,skewed,32,256,8192,1024,1280,1280,1024,bf16,21474836480.0,0.5521222305297852,1.8808031845092774,2.4329254150390627,38.895076656112835,22.83581467414734,1.728670073605015,1.0149250966287706,nvjet_tst_64x24_64x16_1x4_h_bz_TNT,"[512, 512, 512, 512, 512, 512, 512, 512, 170, 170, 170, 170, 170, 170, 170, 170, 170, 170, 170, 170, 170, 170, 170, 170, 170, 170, 170, 170, 170, 170, 170, 186]",2.4.90,OK
b200,NVIDIA B200,fc1,balanced,32,256,8192,2048,1280,2048,2560,bf16,85899345920.0,0.5516883087158203,1.9195424652099606,2.471230773925781,155.70267588223902,89.49981308238917,6.920118928099512,3.9777694703284077,nvjet_tst_80x64_64x16_2x2_2cta_h_bz_TNN,"[256, 256, 256, 256, 256, 256, 256, 256, 256, 256, 256, 256, 256, 256, 256, 256, 256, 256, 256, 256, 256, 256, 256, 256, 256, 256, 256, 256, 256, 256, 256, 256]",2.4.90,OK
b200,NVIDIA B200,fc1,skewed,32,256,8192,2048,1280,2048,2560,bf16,85899345920.0,0.551140480041504,1.8843398666381836,2.4354803466796877,155.85744294001287,91.17181824874454,6.926997464000572,4.052080811055314,nvjet_tst_64x64_64x16_2x1_2cta_v_bz_TNT,"[512, 512, 512, 512, 512, 512, 512, 512, 170, 170, 170, 170, 170, 170, 170, 170, 170, 170, 170, 170, 170, 170, 170, 170, 170, 170, 170, 170, 170, 170, 170, 186]",2.4.90,OK
b200,NVIDIA B200,fc2,balanced,32,256,8192,2048,1280,1280,2048,bf16,42949672960.0,0.5469702529907227,1.8578182601928712,2.4047885131835938,78.52286797163076,46.23667866795662,3.489905243183589,2.0549634963536274,nvjet_tst_64x64_64x16_2x2_2cta_h_bz_TNT,"[256, 256, 256, 256, 256, 256, 256, 256, 256, 256, 256, 256, 256, 256, 256, 256, 256, 256, 256, 256, 256, 256, 256, 256, 256, 256, 256, 256, 256, 256, 256, 256]",2.4.90,OK
b200,NVIDIA B200,fc2,skewed,32,256,8192,2048,1280,1280,2048,bf16,42949672960.0,0.5483526229858399,1.8825818252563478,2.4309344482421875,78.32491568314991,45.62847934022907,3.4811073636955516,2.027932415121292,nvjet_tst_64x48_64x16_2x2_2cta_h_bz_TNT,"[512, 512, 512, 512, 512, 512, 512, 512, 170, 170, 170, 170, 170, 170, 170, 170, 170, 170, 170, 170, 170, 170, 170, 170, 170, 170, 170, 170, 170, 170, 170, 186]",2.4.90,OK
b200,NVIDIA B200,fc1,balanced,32,256,8192,2560,1600,2560,3200,bf16,134217728000.0,0.5512006378173828,1.8924997711181641,2.443700408935547,243.50067614484038,141.84173763011748,10.822252273104018,6.304077228005221,nvjet_tst_96x64_64x15_1x2_2cta_h_bz_TNN,"[256, 256, 256, 256, 256, 256, 256, 256, 256, 256, 256, 256, 256, 256, 256, 256, 256, 256, 256, 256, 256, 256, 256, 256, 256, 256, 256, 256, 256, 256, 256, 256]",2.4.90,OK
b200,NVIDIA B200,fc1,skewed,32,256,8192,2560,1600,2560,3200,bf16,134217728000.0,0.5545043182373047,1.8881107330322267,2.4426150512695313,242.04992384308252,142.1714581161794,10.757774393025889,6.318731471830196,nvjet_tst_64x96_64x15_2x2_2cta_h_bz_TNT,"[512, 512, 512, 512, 512, 512, 512, 512, 170, 170, 170, 170, 170, 170, 170, 170, 170, 170, 170, 170, 170, 170, 170, 170, 170, 170, 170, 170, 170, 170, 170, 186]",2.4.90,OK
b200,NVIDIA B200,fc2,balanced,32,256,8192,2560,1600,1600,2560,bf16,67108864000.0,0.5468972778320312,1.881785583496094,2.428682861328125,122.70835259233301,71.3246658796494,5.453704559659245,3.16998515020664,nvjet_tst_80x64_64x16_2x2_2cta_h_bz_TNN,"[256, 256, 256, 256, 256, 256, 256, 256, 256, 256, 256, 256, 256, 256, 256, 256, 256, 256, 256, 256, 256, 256, 256, 256, 256, 256, 256, 256, 256, 256, 256, 256]",2.4.90,OK
b200,NVIDIA B200,fc2,skewed,32,256,8192,2560,1600,1600,2560,bf16,67108864000.0,0.5503456115722656,1.8754066467285158,2.4257522583007813,121.93949145570316,71.56726688269511,5.419532953586807,3.1807674170086715,nvjet_tst_64x64_64x16_2x1_2cta_v_bz_TNT,"[512, 512, 512, 512, 512, 512, 512, 512, 170, 170, 170, 170, 170, 170, 170, 170, 170, 170, 170, 170, 170, 170, 170, 170, 170, 170, 170, 170, 170, 170, 170, 186]",2.4.90,OK
b200,NVIDIA B200,fc1,balanced,32,256,8192,4096,1280,4096,2560,bf16,171798691840.0,0.5493856048583985,1.9066527557373045,2.456038360595703,312.7105812761153,180.20973281373963,13.898248056716236,8.00932145838843,nvjet_tst_80x64_64x16_2x2_2cta_h_bz_TNN,"[256, 256, 256, 256, 256, 256, 256, 256, 256, 256, 256, 256, 256, 256, 256, 256, 256, 256, 256, 256, 256, 256, 256, 256, 256, 256, 256, 256, 256, 256, 256, 256]",2.4.90,OK
b200,NVIDIA B200,fc1,skewed,32,256,8192,4096,1280,4096,2560,bf16,171798691840.0,0.5520076751708984,1.9206566619873047,2.472664337158203,311.22518683605637,178.8957862591014,13.832230526046951,7.95092383373784,nvjet_tst_64x64_64x16_2x1_2cta_v_bz_TNT,"[512, 512, 512, 512, 512, 512, 512, 512, 170, 170, 170, 170, 170, 170, 170, 170, 170, 170, 170, 170, 170, 170, 170, 170, 170, 170, 170, 170, 170, 170, 170, 186]",2.4.90,OK
b200,NVIDIA B200,fc2,balanced,32,256,8192,4096,1280,1280,4096,bf16,85899345920.0,0.548961296081543,1.9035936355590821,2.452554931640625,156.47614236767697,90.24966706696465,6.954495216341199,4.011096314087317,nvjet_tst_112x64_64x14_1x2_2cta_h_bz_TNN,"[256, 256, 256, 256, 256, 256, 256, 256, 256, 256, 256, 256, 256, 256, 256, 256, 256, 256, 256, 256, 256, 256, 256, 256, 256, 256, 256, 256, 256, 256, 256, 256]",2.4.90,OK
b200,NVIDIA B200,fc2,skewed,32,256,8192,4096,1280,1280,4096,bf16,85899345920.0,0.5496441650390625,1.8988511657714842,2.448495330810547,156.28173895723106,90.475069840558,6.9458550647658255,4.021114215135912,nvjet_tst_64x96_64x15_2x2_2cta_h_bz_TNT,"[512, 512, 512, 512, 512, 512, 512, 512, 170, 170, 170, 170, 170, 170, 170, 170, 170, 170, 170, 170, 170, 170, 170, 170, 170, 170, 170, 170, 170, 170, 170, 186]",2.4.90,OK
b200,NVIDIA B200,fc1,balanced,32,256,8192,6144,1536,6144,3072,bf16,309237645312.0,0.5531206512451172,1.8966521453857421,2.4497727966308593,559.0781045977621,326.0878870849637,24.84791575990054,14.492794981553942,nvjet_tst_96x64_64x15_2x2_2cta_h_bz_TNN,"[256, 256, 256, 256, 256, 256, 256, 256, 256, 256, 256, 256, 256, 256, 256, 256, 256, 256, 256, 256, 256, 256, 256, 256, 256, 256, 256, 256, 256, 256, 256, 256]",2.4.90,OK
b200,NVIDIA B200,fc1,skewed,32,256,8192,6144,1536,6144,3072,bf16,309237645312.0,0.5526707077026367,1.9362944412231446,2.4889651489257814,559.5332645680666,319.4117988756468,24.86814509191407,14.196079950028748,nvjet_tst_64x64_64x16_2x1_2cta_v_bz_TNT,"[512, 512, 512, 512, 512, 512, 512, 512, 170, 170, 170, 170, 170, 170, 170, 170, 170, 170, 170, 170, 170, 170, 170, 170, 170, 170, 170, 170, 170, 170, 170, 186]",2.4.90,OK
b200,NVIDIA B200,fc2,balanced,32,256,8192,6144,1536,1536,6144,bf16,154618822656.0,0.551207046508789,1.8878662872314451,2.439073333740234,280.5095174949557,163.8027266038512,12.467089666442476,7.280121182393387,nvjet_tst_96x128_64x9_2x2_2cta_h_bz_TNN,"[256, 256, 256, 256, 256, 256, 256, 256, 256, 256, 256, 256, 256, 256, 256, 256, 256, 256, 256, 256, 256, 256, 256, 256, 256, 256, 256, 256, 256, 256, 256, 256]",2.4.90,OK
b200,NVIDIA B200,fc2,skewed,32,256,8192,6144,1536,1536,6144,bf16,154618822656.0,0.5515686416625977,1.8858092880249022,2.4373779296875,280.3256221926092,163.98139900767978,12.458916541893743,7.288062178119102,nvjet_tst_128x64_64x10_2x1_2cta_v_bz_TNT,"[512, 512, 512, 512, 512, 512, 512, 512, 170, 170, 170, 170, 170, 170, 170, 170, 170, 170, 170, 170, 170, 170, 170, 170, 170, 170, 170, 170, 170, 170, 170, 186]",2.4.90,OK
b200,NVIDIA B200,fc1,balanced,32,512,16384,1024,1280,1024,2560,bf16,85899345920.0,0.5490374374389648,1.9126239395141602,2.461661376953125,156.4544420152573,89.82356034069085,6.953530756233659,3.992158237364038,nvjet_tst_80x128_64x10_2x2_2cta_h_bz_TNN,"[512, 512, 512, 512, 512, 512, 512, 512, 512, 512, 512, 512, 512, 512, 512, 512, 512, 512, 512, 512, 512, 512, 512, 512, 512, 512, 512, 512, 512, 512, 512, 512]",2.4.90,OK
b200,NVIDIA B200,fc1,skewed,32,512,16384,1024,1280,1024,2560,bf16,85899345920.0,0.5507801437377929,1.8669293594360354,2.4177095031738283,155.9594093880292,92.02206337999696,6.931529306134631,4.089869483555421,nvjet_tst_112x64_64x14_1x2_2cta_h_bz_TNN,"[1024, 1024, 1024, 1024, 1024, 1024, 1024, 1024, 341, 341, 341, 341, 341, 341, 341, 341, 341, 341, 341, 341, 341, 341, 341, 341, 341, 341, 341, 341, 341, 341, 341, 349]",2.4.90,OK
b200,NVIDIA B200,fc2,balanced,32,512,16384,1024,1280,1280,1024,bf16,42949672960.0,0.5463558578491211,1.8690585708618164,2.4154144287109376,78.61116952069135,45.95861641745775,3.493829756475171,2.0426051741092333,nvjet_tst_64x64_64x16_2x2_2cta_h_bz_TNT,"[512, 512, 512, 512, 512, 512, 512, 512, 512, 512, 512, 512, 512, 512, 512, 512, 512, 512, 512, 512, 512, 512, 512, 512, 512, 512, 512, 512, 512, 512, 512, 512]",2.4.90,OK
b200,NVIDIA B200,fc2,skewed,32,512,16384,1024,1280,1280,1024,bf16,42949672960.0,0.5484902572631836,1.8738002395629885,2.422290496826172,78.3052613811358,45.842317716873396,3.480233839161591,2.0374363429721507,nvjet_tst_48x64_64x16_2x2_2cta_h_bz_TNN,"[1024, 1024, 1024, 1024, 1024, 1024, 1024, 1024, 341, 341, 341, 341, 341, 341, 341, 341, 341, 341, 341, 341, 341, 341, 341, 341, 341, 341, 341, 341, 341, 341, 341, 349]",2.4.90,OK
b200,NVIDIA B200,fc1,balanced,32,512,16384,2048,1280,2048,2560,bf16,171798691840.0,0.5481631851196289,1.8764422225952149,2.424605407714844,313.407934906295,183.1110915873484,13.92924155139089,8.138270737215484,nvjet_tst_80x128_64x10_2x2_2cta_h_bz_TNN,"[512, 512, 512, 512, 512, 512, 512, 512, 512, 512, 512, 512, 512, 512, 512, 512, 512, 512, 512, 512, 512, 512, 512, 512, 512, 512, 512, 512, 512, 512, 512, 512]",2.4.90,OK
b200,NVIDIA B200,fc1,skewed,32,512,16384,2048,1280,2048,2560,bf16,171798691840.0,0.5532486343383789,1.882310447692871,2.43555908203125,310.5270960956845,182.54023086422535,13.80120427091931,8.112899149521127,nvjet_tst_112x64_64x14_1x2_2cta_h_bz_TNN,"[1024, 1024, 1024, 1024, 1024, 1024, 1024, 1024, 341, 341, 341, 341, 341, 341, 341, 341, 341, 341, 341, 341, 341, 341, 341, 341, 341, 341, 341, 341, 341, 341, 341, 349]",2.4.90,OK
b200,NVIDIA B200,fc2,balanced,32,512,16384,2048,1280,1280,2048,bf16,85899345920.0,0.5481107330322266,1.8833248138427734,2.431435546875,156.718963419659,91.22095698907006,6.965287263095956,4.05426475506978,nvjet_tst_128x64_64x10_2x2_2cta_h_bz_TNT,"[512, 512, 512, 512, 512, 512, 512, 512, 512, 512, 512, 512, 512, 512, 512, 512, 512, 512, 512, 512, 512, 512, 512, 512, 512, 512, 512, 512, 512, 512, 512, 512]",2.4.90,OK
b200,NVIDIA B200,fc2,skewed,32,512,16384,2048,1280,1280,2048,bf16,85899345920.0,0.5499583816528321,1.8841401290893551,2.4340985107421873,156.19244798459133,91.18148336611988,6.941886577092948,4.05251037182755,nvjet_tst_96x64_64x15_2x2_2cta_h_bz_TNN,"[1024, 1024, 1024, 1024, 1024, 1024, 1024, 1024, 341, 341, 341, 341, 341, 341, 341, 341, 341, 341, 341, 341, 341, 341, 341, 341, 341, 341, 341, 341, 341, 341, 341, 349]",2.4.90,OK
b200,NVIDIA B200,fc1,balanced,32,512,16384,2560,1600,2560,3200,bf16,268435456000.0,0.5555257415771484,1.9013222503662108,2.4568479919433592,483.2097523292197,282.36713260815947,21.475988992409764,12.549650338140422,nvjet_tst_88x128_64x8_1x2_h_bz_TNN,"[512, 512, 512, 512, 512, 512, 512, 512, 512, 512, 512, 512, 512, 512, 512, 512, 512, 512, 512, 512, 512, 512, 512, 512, 512, 512, 512, 512, 512, 512, 512, 512]",2.4.90,OK
b200,NVIDIA B200,fc1,skewed,32,512,16384,2560,1600,2560,3200,bf16,268435456000.0,0.5531142425537109,1.886933059692383,2.440047302246094,485.3164777689362,284.5203804355006,21.569621234174942,12.645350241577805,nvjet_tst_80x128_64x8_4x1_v_bz_TNN,"[1024, 1024, 1024, 1024, 1024, 1024, 1024, 1024, 341, 341, 341, 341, 341, 341, 341, 341, 341, 341, 341, 341, 341, 341, 341, 341, 341, 341, 341, 341, 341, 341, 341, 349]",2.4.90,OK
b200,NVIDIA B200,fc2,balanced,32,512,16384,2560,1600,1600,2560,bf16,134217728000.0,0.5478598403930665,1.8753811264038083,2.423240966796875,244.98552020842484,143.13648155068418,10.88824534259666,6.361621402252631,nvjet_tst_80x128_64x10_2x2_2cta_h_bz_TNN,"[512, 512, 512, 512, 512, 512, 512, 512, 512, 512, 512, 512, 512, 512, 512, 512, 512, 512, 512, 512, 512, 512, 512, 512, 512, 512, 512, 512, 512, 512, 512, 512]",2.4.90,OK
b200,NVIDIA B200,fc2,skewed,32,512,16384,2560,1600,1600,2560,bf16,134217728000.0,0.5527046585083008,1.872075462341309,2.4247801208496096,242.8380617638385,143.38922837238704,10.79280274505949,6.372854594328313,nvjet_tst_112x64_64x14_1x2_2cta_h_bz_TNN,"[1024, 1024, 1024, 1024, 1024, 1024, 1024, 1024, 341, 341, 341, 341, 341, 341, 341, 341, 341, 341, 341, 341, 341, 341, 341, 341, 341, 341, 341, 341, 341, 341, 341, 349]",2.4.90,OK
b200,NVIDIA B200,fc1,balanced,32,512,16384,4096,1280,4096,2560,bf16,343597383680.0,0.5510528182983399,1.8815692520141603,2.4326220703125,623.5289472632303,365.2242757604482,27.71239765614357,16.2321900337977,nvjet_tst_80x128_64x10_2x2_2cta_h_bz_TNN,"[512, 512, 512, 512, 512, 512, 512, 512, 512, 512, 512, 512, 512, 512, 512, 512, 512, 512, 512, 512, 512, 512, 512, 512, 512, 512, 512, 512, 512, 512, 512, 512]",2.4.90,OK
b200,NVIDIA B200,fc1,skewed,32,512,16384,4096,1280,4096,2560,bf16,343597383680.0,0.5537881469726562,1.891692810058594,2.44548095703125,620.4491474913518,363.2697463911779,27.575517666282305,16.14532206183013,nvjet_tst_112x64_64x14_1x2_2cta_h_bz_TNN,"[1024, 1024, 1024, 1024, 1024, 1024, 1024, 1024, 341, 341, 341, 341, 341, 341, 341, 341, 341, 341, 341, 341, 341, 341, 341, 341, 341, 341, 341, 341, 341, 341, 341, 349]",2.4.90,OK
b200,NVIDIA B200,fc2,balanced,32,512,16384,4096,1280,1280,4096,bf16,171798691840.0,0.5498720169067383,1.86735164642334,2.4172236633300783,312.4339601903003,184.0025066184585,13.88595378623557,8.1778891830426,nvjet_tst_112x128_64x9_1x2_2cta_h_bz_TNN,"[512, 512, 512, 512, 512, 512, 512, 512, 512, 512, 512, 512, 512, 512, 512, 512, 512, 512, 512, 512, 512, 512, 512, 512, 512, 512, 512, 512, 512, 512, 512, 512]",2.4.90,OK
b200,NVIDIA B200,fc2,skewed,32,512,16384,4096,1280,1280,4096,bf16,171798691840.0,0.5512390518188477,1.8774694442749023,2.42870849609375,311.659145470807,183.01090583804455,13.851517576480312,8.133818037246424,nvjet_tst_128x88_64x7_1x4_h_bz_TNT,"[1024, 1024, 1024, 1024, 1024, 1024, 1024, 1024, 341, 341, 341, 341, 341, 341, 341, 341, 341, 341, 341, 341, 341, 341, 341, 341, 341, 341, 341, 341, 341, 341, 341, 349]",2.4.90,OK
b200,NVIDIA B200,fc1,balanced,32,512,16384,6144,1536,6144,3072,bf16,618475290624.0,0.5592985534667969,1.9074124145507811,2.466710968017578,1105.8052748221817,648.4966606130206,49.14690110320807,28.822073805023138,nvjet_tst_96x128_64x9_2x2_2cta_h_bz_TNN,"[512, 512, 512, 512, 512, 512, 512, 512, 512, 512, 512, 512, 512, 512, 512, 512, 512, 512, 512, 512, 512, 512, 512, 512, 512, 512, 512, 512, 512, 512, 512, 512]",2.4.90,OK
b200,NVIDIA B200,fc1,skewed,32,512,16384,6144,1536,6144,3072,bf16,618475290624.0,0.6511449432373047,1.892759017944336,2.5439039611816407,949.8273726109572,653.5172039974808,42.21454989382032,29.045209066554705,nvjet_tst_128x64_64x8_1x2_h_bz_TNT,"[1024, 1024, 1024, 1024, 1024, 1024, 1024, 1024, 341, 341, 341, 341, 341, 341, 341, 341, 341, 341, 341, 341, 341, 341, 341, 341, 341, 341, 341, 341, 341, 341, 341, 349]",2.4.90,OK
b200,NVIDIA B200,fc2,balanced,32,512,16384,6144,1536,1536,6144,bf16,309237645312.0,0.5490604782104492,1.8752038955688475,2.424264373779297,563.2123556222753,329.81762254519214,25.0316602498789,14.65856100200854,nvjet_tst_176x128_64x8_1x2_2cta_h_bz_TNN,"[512, 512, 512, 512, 512, 512, 512, 512, 512, 512, 512, 512, 512, 512, 512, 512, 512, 512, 512, 512, 512, 512, 512, 512, 512, 512, 512, 512, 512, 512, 512, 512]",2.4.90,OK
b200,NVIDIA B200,fc2,skewed,32,512,16384,6144,1536,1536,6144,bf16,309237645312.0,0.5555948638916015,1.8866407012939455,2.442235565185547,556.588380148045,327.8182699015351,24.73726133991311,14.56970088451267,nvjet_tst_128x120_64x6_2x1_v_bz_TNT,"[1024, 1024, 1024, 1024, 1024, 1024, 1024, 1024, 341, 341, 341, 341, 341, 341, 341, 341, 341, 341, 341, 341, 341, 341, 341, 341, 341, 341, 341, 341, 341, 341, 341, 349]",2.4.90,OK
b200,NVIDIA B200,fc1,balanced,32,1024,32768,1024,1280,1024,2560,bf16,171798691840.0,0.5551513671875,1.8875961303710938,2.4427474975585937,309.4627915812656,182.02907822895895,13.753901848056248,8.090181254620399,nvjet_tst_144x128_64x8_1x2_2cta_h_bz_TNN,"[1024, 1024, 1024, 1024, 1024, 1024, 1024, 1024, 1024, 1024, 1024, 1024, 1024, 1024, 1024, 1024, 1024, 1024, 1024, 1024, 1024, 1024, 1024, 1024, 1024, 1024, 1024, 1024, 1024, 1024, 1024, 1024]",2.4.90,OK
b200,NVIDIA B200,fc1,skewed,32,1024,32768,1024,1280,1024,2560,bf16,171798691840.0,0.5529119873046875,1.8775666809082032,2.4304786682128907,310.7161642081178,183.0014279513085,13.809607298138568,8.133396797835934,nvjet_tst_128x120_64x6_4x2_h_bz_TNT,"[2048, 2048, 2048, 2048, 2048, 2048, 2048, 2048, 682, 682, 682, 682, 682, 682, 682, 682, 682, 682, 682, 682, 682, 682, 682, 682, 682, 682, 682, 682, 682, 682, 682, 698]",2.4.90,OK
b200,NVIDIA B200,fc2,balanced,32,1024,32768,1024,1280,1280,1024,bf16,85899345920.0,0.5516454315185547,1.8681407928466793,2.419786224365234,155.71477802968218,91.96238982513334,6.9206568013192085,4.087217325561482,nvjet_tst_128x64_64x10_2x2_2cta_h_bz_TNT,"[1024, 1024, 1024, 1024, 1024, 1024, 1024, 1024, 1024, 1024, 1024, 1024, 1024, 1024, 1024, 1024, 1024, 1024, 1024, 1024, 1024, 1024, 1024, 1024, 1024, 1024, 1024, 1024, 1024, 1024, 1024, 1024]",2.4.90,OK
b200,NVIDIA B200,fc2,skewed,32,1024,32768,1024,1280,1280,1024,bf16,85899345920.0,0.55185791015625,1.8674584960937501,2.41931640625,155.65482407541998,91.99598930812081,6.917992181129777,4.08871063591648,nvjet_tst_64x80_64x16_2x1_2cta_v_bz_TNT,"[2048, 2048, 2048, 2048, 2048, 2048, 2048, 2048, 682, 682, 682, 682, 682, 682, 682, 682, 682, 682, 682, 682, 682, 682, 682, 682, 682, 682, 682, 682, 682, 682, 682, 698]",2.4.90,OK
b200,NVIDIA B200,fc1,balanced,32,1024,32768,2048,1280,2048,2560,bf16,343597383680.0,0.5544192123413086,1.9034714126586914,2.457890625,619.7429238229148,361.02184818218745,27.544129947685104,16.04541547476389,nvjet_tst_144x128_64x8_1x2_2cta_h_bz_TNN,"[1024, 1024, 1024, 1024, 1024, 1024, 1024, 1024, 1024, 1024, 1024, 1024, 1024, 1024, 1024, 1024, 1024, 1024, 1024, 1024, 1024, 1024, 1024, 1024, 1024, 1024, 1024, 1024, 1024, 1024, 1024, 1024]",2.4.90,OK
b200,NVIDIA B200,fc1,skewed,32,1024,32768,2048,1280,2048,2560,bf16,343597383680.0,0.5539929580688476,1.9105990219116211,2.4645919799804688,620.2197675539755,359.6750335779182,27.565323002398912,15.985557047907477,nvjet_tst_128x120_64x6_4x2_h_bz_TNT,"[2048, 2048, 2048, 2048, 2048, 2048, 2048, 2048, 682, 682, 682, 682, 682, 682, 682, 682, 682, 682, 682, 682, 682, 682, 682, 682, 682, 682, 682, 682, 682, 682, 682, 698]",2.4.90,OK
b200,NVIDIA B200,fc2,balanced,32,1024,32768,2048,1280,1280,2048,bf16,171798691840.0,0.5520556640625,1.9058470153808593,2.457902679443359,311.1981327675503,180.28592059438537,13.831028123002236,8.012707581972684,nvjet_tst_128x128_64x8_2x2_2cta_h_bz_TNT,"[1024, 1024, 1024, 1024, 1024, 1024, 1024, 1024, 1024, 1024, 1024, 1024, 1024, 1024, 1024, 1024, 1024, 1024, 1024, 1024, 1024, 1024, 1024, 1024, 1024, 1024, 1024, 1024, 1024, 1024, 1024, 1024]",2.4.90,OK
b200,NVIDIA B200,fc2,skewed,32,1024,32768,2048,1280,1280,2048,bf16,171798691840.0,0.5499052810668945,1.89822078704834,2.4481260681152346,312.415060838634,181.01023127782761,13.885113815050401,8.04489916790345,nvjet_tst_128x88_64x7_1x4_h_bz_TNT,"[2048, 2048, 2048, 2048, 2048, 2048, 2048, 2048, 682, 682, 682, 682, 682, 682, 682, 682, 682, 682, 682, 682, 682, 682, 682, 682, 682, 682, 682, 682, 682, 682, 682, 698]",2.4.90,OK
b200,NVIDIA B200,fc1,balanced,32,1024,32768,2560,1600,2560,3200,bf16,536870912000.0,0.5534777450561523,1.895803565979004,2.4492813110351563,969.9954818337501,566.3782067239193,43.11091030372223,25.172364743285303,nvjet_tst_192x128_64x6_2x1_2cta_v_bz_TNT,"[1024, 1024, 1024, 1024, 1024, 1024, 1024, 1024, 1024, 1024, 1024, 1024, 1024, 1024, 1024, 1024, 1024, 1024, 1024, 1024, 1024, 1024, 1024, 1024, 1024, 1024, 1024, 1024, 1024, 1024, 1024, 1024]",2.4.90,OK
b200,NVIDIA B200,fc1,skewed,32,1024,32768,2560,1600,2560,3200,bf16,536870912000.0,0.5583654403686523,1.8946591567993165,2.453024597167969,961.5045509362812,566.7203096381157,42.73353559716806,25.187569317249586,nvjet_tst_144x128_64x8_1x2_2cta_h_bz_TNN,"[2048, 2048, 2048, 2048, 2048, 2048, 2048, 2048, 682, 682, 682, 682, 682, 682, 682, 682, 682, 682, 682, 682, 682, 682, 682, 682, 682, 682, 682, 682, 682, 682, 682, 698]",2.4.90,OK
b200,NVIDIA B200,fc2,balanced,32,1024,32768,2560,1600,1600,2560,bf16,268435456000.0,0.5494387054443359,1.893935317993164,2.4433740234375,488.5630614299622,283.46845158834395,21.713913841331653,12.598597848370842,nvjet_tst_144x128_64x8_1x2_2cta_h_bz_TNN,"[1024, 1024, 1024, 1024, 1024, 1024, 1024, 1024, 1024, 1024, 1024, 1024, 1024, 1024, 1024, 1024, 1024, 1024, 1024, 1024, 1024, 1024, 1024, 1024, 1024, 1024, 1024, 1024, 1024, 1024, 1024, 1024]",2.4.90,OK
b200,NVIDIA B200,fc2,skewed,32,1024,32768,2560,1600,1600,2560,bf16,268435456000.0,0.5548755264282227,1.9041305160522461,2.459006042480469,483.7759879732669,281.95068955308375,21.501155021034084,12.531141757914833,nvjet_tst_128x120_64x6_4x2_h_bz_TNT,"[2048, 2048, 2048, 2048, 2048, 2048, 2048, 2048, 682, 682, 682, 682, 682, 682, 682, 682, 682, 682, 682, 682, 682, 682, 682, 682, 682, 682, 682, 682, 682, 682, 682, 698]",2.4.90,OK
b200,NVIDIA B200,fc1,balanced,32,1024,32768,4096,1280,4096,2560,bf16,687194767360.0,0.5563935852050781,1.9064576721191409,2.462851257324219,1235.0875093333627,720.9126931164878,54.892778192593894,32.04056413851057,nvjet_tst_144x128_64x8_1x2_2cta_h_bz_TNN,"[1024, 1024, 1024, 1024, 1024, 1024, 1024, 1024, 1024, 1024, 1024, 1024, 1024, 1024, 1024, 1024, 1024, 1024, 1024, 1024, 1024, 1024, 1024, 1024, 1024, 1024, 1024, 1024, 1024, 1024, 1024, 1024]",2.4.90,OK
b200,NVIDIA B200,fc1,skewed,32,1024,32768,4096,1280,4096,2560,bf16,687194767360.0,0.5983270263671875,1.8693875122070316,2.467714538574219,1148.527038018629,735.2084710876086,51.04564613416129,32.67593204833816,nvjet_tst_128x120_64x6_4x2_h_bz_TNT,"[2048, 2048, 2048, 2048, 2048, 2048, 2048, 2048, 682, 682, 682, 682, 682, 682, 682, 682, 682, 682, 682, 682, 682, 682, 682, 682, 682, 682, 682, 682, 682, 682, 682, 698]",2.4.90,OK
b200,NVIDIA B200,fc2,balanced,32,1024,32768,4096,1280,1280,4096,bf16,343597383680.0,0.5536032104492188,1.8868998718261718,2.4405030822753906,620.6564145485888,364.1924924691006,27.584729535492837,16.186332998626693,nvjet_tst_128x256_64x6_2x2_2cta_h_bz_TNT,"[1024, 1024, 1024, 1024, 1024, 1024, 1024, 1024, 1024, 1024, 1024, 1024, 1024, 1024, 1024, 1024, 1024, 1024, 1024, 1024, 1024, 1024, 1024, 1024, 1024, 1024, 1024, 1024, 1024, 1024, 1024, 1024]",2.4.90,OK
b200,NVIDIA B200,fc2,skewed,32,1024,32768,4096,1280,1280,4096,bf16,343597383680.0,0.5546764755249023,1.8987782669067381,2.4534547424316404,619.4554823239014,361.9141736225448,27.53135476995117,16.085074383224214,nvjet_tst_128x176_64x7_2x2_2cta_h_bz_TNT,"[2048, 2048, 2048, 2048, 2048, 2048, 2048, 2048, 682, 682, 682, 682, 682, 682, 682, 682, 682, 682, 682, 682, 682, 682, 682, 682, 682, 682, 682, 682, 682, 682, 682, 698]",2.4.90,OK
b200,NVIDIA B200,fc1,balanced,32,1024,32768,6144,1536,6144,3072,bf16,1236950581248.0,1.0347769927978516,2.9323390960693363,3.9671160888671877,1195.3788979241867,843.6613506985426,53.12795101885274,37.49606003104634,nvjet_tst_192x128_64x6_2x2_2cta_h_bz_TNT,"[1024, 1024, 1024, 1024, 1024, 1024, 1024, 1024, 1024, 1024, 1024, 1024, 1024, 1024, 1024, 1024, 1024, 1024, 1024, 1024, 1024, 1024, 1024, 1024, 1024, 1024, 1024, 1024, 1024, 1024, 1024, 1024]",2.4.90,OK
b200,NVIDIA B200,fc1,skewed,32,1024,32768,6144,1536,6144,3072,bf16,1236950581248.0,1.0391500854492188,2.7906481933593748,3.829798278808594,1190.34834194646,886.4969681176202,52.904370753176,39.39986524967201,nvjet_tst_144x128_64x8_2x2_2cta_h_bz_TNN,"[2048, 2048, 2048, 2048, 2048, 2048, 2048, 2048, 682, 682, 682, 682, 682, 682, 682, 682, 682, 682, 682, 682, 682, 682, 682, 682, 682, 682, 682, 682, 682, 682, 682, 698]",2.4.90,OK
b200,NVIDIA B200,fc2,balanced,32,1024,32768,6144,1536,1536,6144,bf16,618475290624.0,0.5561625671386718,1.9064160156249998,2.4625785827636717,1112.040484504221,648.8356009968148,49.42402153352093,28.83713782208066,nvjet_tst_176x128_64x8_1x2_2cta_h_bz_TNN,"[1024, 1024, 1024, 1024, 1024, 1024, 1024, 1024, 1024, 1024, 1024, 1024, 1024, 1024, 1024, 1024, 1024, 1024, 1024, 1024, 1024, 1024, 1024, 1024, 1024, 1024, 1024, 1024, 1024, 1024, 1024, 1024]",2.4.90,OK
b200,NVIDIA B200,fc2,skewed,32,1024,32768,6144,1536,1536,6144,bf16,618475290624.0,0.5551027297973633,1.9131635665893554,2.4682662963867186,1114.163662732789,646.5472178383277,49.51838501034617,28.735431903925676,nvjet_tst_192x176_64x6_2x2_2cta_h_bz_TNT,"[2048, 2048, 2048, 2048, 2048, 2048, 2048, 2048, 682, 682, 682, 682, 682, 682, 682, 682, 682, 682, 682, 682, 682, 682, 682, 682, 682, 682, 682, 682, 682, 682, 682, 698]",2.4.90,OK
b200,NVIDIA B200,fc1,balanced,32,2048,65536,1024,1280,1024,2560,bf16,343597383680.0,0.5514886474609375,1.8702374267578123,2.42172607421875,623.0361862604566,367.4371807173704,27.690497167131404,16.33054136521646,nvjet_tst_144x128_64x8_1x2_2cta_h_bz_TNN,"[2048, 2048, 2048, 2048, 2048, 2048, 2048, 2048, 2048, 2048, 2048, 2048, 2048, 2048, 2048, 2048, 2048, 2048, 2048, 2048, 2048, 2048, 2048, 2048, 2048, 2048, 2048, 2048, 2048, 2048, 2048, 2048]",2.4.90,OK
b200,NVIDIA B200,fc1,skewed,32,2048,65536,1024,1280,1024,2560,bf16,343597383680.0,0.5544620895385742,1.884895362854004,2.4393574523925783,619.6949983829252,364.5797962596119,27.541999928130007,16.203546500427194,nvjet_tst_128x200_64x5_2x1_v_bz_TNT,"[4096, 4096, 4096, 4096, 4096, 4096, 4096, 4096, 1365, 1365, 1365, 1365, 1365, 1365, 1365, 1365, 1365, 1365, 1365, 1365, 1365, 1365, 1365, 1365, 1365, 1365, 1365, 1365, 1365, 1365, 1365, 1373]",2.4.90,OK
b200,NVIDIA B200,fc2,balanced,32,2048,65536,1024,1280,1280,1024,bf16,171798691840.0,0.5519251251220703,1.8868434906005862,2.4387686157226565,311.2717360022394,182.1016874964188,13.834299377877306,8.09340833317417,nvjet_tst_128x128_64x8_2x2_2cta_h_bz_TNT,"[2048, 2048, 2048, 2048, 2048, 2048, 2048, 2048, 2048, 2048, 2048, 2048, 2048, 2048, 2048, 2048, 2048, 2048, 2048, 2048, 2048, 2048, 2048, 2048, 2048, 2048, 2048, 2048, 2048, 2048, 2048, 2048]",2.4.90,OK
b200,NVIDIA B200,fc2,skewed,32,2048,65536,1024,1280,1280,1024,bf16,171798691840.0,0.5546662521362304,1.89317569732666,2.4478419494628905,309.7334499410014,181.49260217379265,13.765931108488951,8.066337874390785,nvjet_tst_128x80_64x8_1x2_h_bz_TNT,"[4096, 4096, 4096, 4096, 4096, 4096, 4096, 4096, 1365, 1365, 1365, 1365, 1365, 1365, 1365, 1365, 1365, 1365, 1365, 1365, 1365, 1365, 1365, 1365, 1365, 1365, 1365, 1365, 1365, 1365, 1365, 1373]",2.4.90,OK
b200,NVIDIA B200,fc1,balanced,32,2048,65536,2048,1280,2048,2560,bf16,687194767360.0,0.557262077331543,1.9095276260375975,2.4667897033691406,1233.1626272698145,719.7536793808812,54.80722787865842,31.989052416928054,nvjet_tst_144x128_64x8_1x2_2cta_h_bz_TNN,"[2048, 2048, 2048, 2048, 2048, 2048, 2048, 2048, 2048, 2048, 2048, 2048, 2048, 2048, 2048, 2048, 2048, 2048, 2048, 2048, 2048, 2048, 2048, 2048, 2048, 2048, 2048, 2048, 2048, 2048, 2048, 2048]",2.4.90,OK
b200,NVIDIA B200,fc1,skewed,32,2048,65536,2048,1280,2048,2560,bf16,687194767360.0,0.5607353591918945,1.9110714340209958,2.4718067932128904,1225.5242265270247,719.1722456068592,54.4677434012011,31.963210915860408,nvjet_tst_128x200_64x5_2x1_v_bz_TNT,"[4096, 4096, 4096, 4096, 4096, 4096, 4096, 4096, 1365, 1365, 1365, 1365, 1365, 1365, 1365, 1365, 1365, 1365, 1365, 1365, 1365, 1365, 1365, 1365, 1365, 1365, 1365, 1365, 1365, 1365, 1365, 1373]",2.4.90,OK
b200,NVIDIA B200,fc2,balanced,32,2048,65536,2048,1280,1280,2048,bf16,343597383680.0,0.5578886413574219,1.875404815673828,2.43329345703125,615.8888319431975,366.42476419849265,27.37283697525322,16.28554507548856,nvjet_tst_128x256_64x6_2x2_2cta_h_bz_TNT,"[2048, 2048, 2048, 2048, 2048, 2048, 2048, 2048, 2048, 2048, 2048, 2048, 2048, 2048, 2048, 2048, 2048, 2048, 2048, 2048, 2048, 2048, 2048, 2048, 2048, 2048, 2048, 2048, 2048, 2048, 2048, 2048]",2.4.90,OK
b200,NVIDIA B200,fc2,skewed,32,2048,65536,2048,1280,1280,2048,bf16,343597383680.0,0.5581043243408204,1.904986801147461,2.4630911254882815,615.6508177674926,360.7346607052978,27.362258567444115,16.032651586902123,nvjet_tst_128x152_64x6_2x1_v_bz_TNT,"[4096, 4096, 4096, 4096, 4096, 4096, 4096, 4096, 1365, 1365, 1365, 1365, 1365, 1365, 1365, 1365, 1365, 1365, 1365, 1365, 1365, 1365, 1365, 1365, 1365, 1365, 1365, 1365, 1365, 1365, 1365, 1373]",2.4.90,OK
b200,NVIDIA B200,fc1,balanced,32,2048,65536,2560,1600,2560,3200,bf16,1073741824000.0,0.7934732818603516,2.4597057342529296,3.253179016113281,1353.2173654071123,873.0652687819346,60.14299401809388,38.80290083475265,nvjet_tst_128x192_64x7_2x1_2cta_v_bz_TNT,"[2048, 2048, 2048, 2048, 2048, 2048, 2048, 2048, 2048, 2048, 2048, 2048, 2048, 2048, 2048, 2048, 2048, 2048, 2048, 2048, 2048, 2048, 2048, 2048, 2048, 2048, 2048, 2048, 2048, 2048, 2048, 2048]",2.4.90,OK
b200,NVIDIA B200,fc1,skewed,32,2048,65536,2560,1600,2560,3200,bf16,1073741824000.0,0.7858745574951171,2.6310099029541014,3.416884460449219,1366.3018019344283,816.2202831653361,60.72452453041903,36.276457029570494,nvjet_tst_192x176_64x6_2x1_2cta_v_bz_TNT,"[4096, 4096, 4096, 4096, 4096, 4096, 4096, 4096, 1365, 1365, 1365, 1365, 1365, 1365, 1365, 1365, 1365, 1365, 1365, 1365, 1365, 1365, 1365, 1365, 1365, 1365, 1365, 1365, 1365, 1365, 1365, 1373]",2.4.90,OK
b200,NVIDIA B200,fc2,balanced,32,2048,65536,2560,1600,1600,2560,bf16,536870912000.0,0.5525555038452148,1.896144599914551,2.4487001037597658,971.6144500668869,566.2763399206937,43.182864447417195,25.167837329808606,nvjet_tst_144x128_64x8_1x2_2cta_h_bz_TNN,"[2048, 2048, 2048, 2048, 2048, 2048, 2048, 2048, 2048, 2048, 2048, 2048, 2048, 2048, 2048, 2048, 2048, 2048, 2048, 2048, 2048, 2048, 2048, 2048, 2048, 2048, 2048, 2048, 2048, 2048, 2048, 2048]",2.4.90,OK
b200,NVIDIA B200,fc2,skewed,32,2048,65536,2560,1600,1600,2560,bf16,536870912000.0,0.5568595123291016,1.9022342681884767,2.4590937805175783,964.1047698987884,564.4635058659409,42.849100884390595,25.08726692737515,nvjet_tst_128x200_64x5_2x1_v_bz_TNT,"[4096, 4096, 4096, 4096, 4096, 4096, 4096, 4096, 1365, 1365, 1365, 1365, 1365, 1365, 1365, 1365, 1365, 1365, 1365, 1365, 1365, 1365, 1365, 1365, 1365, 1365, 1365, 1365, 1365, 1365, 1365, 1373]",2.4.90,OK
b200,NVIDIA B200,fc1,balanced,32,2048,65536,4096,1280,4096,2560,bf16,1374389534720.0,1.015185317993164,2.7571245574951173,3.7723098754882813,1353.8311777764054,996.9731189574186,60.170274567840245,44.3099163981075,nvjet_tst_144x128_64x8_1x2_2cta_h_bz_TNN,"[2048, 2048, 2048, 2048, 2048, 2048, 2048, 2048, 2048, 2048, 2048, 2048, 2048, 2048, 2048, 2048, 2048, 2048, 2048, 2048, 2048, 2048, 2048, 2048, 2048, 2048, 2048, 2048, 2048, 2048, 2048, 2048]",2.4.90,OK
b200,NVIDIA B200,fc1,skewed,32,2048,65536,4096,1280,4096,2560,bf16,1374389534720.0,0.968901138305664,3.050743026733399,4.019644165039063,1418.5033749918196,901.0195369956386,63.044594444080865,40.045312755361714,nvjet_tst_128x200_64x5_2x1_v_bz_TNT,"[4096, 4096, 4096, 4096, 4096, 4096, 4096, 4096, 1365, 1365, 1365, 1365, 1365, 1365, 1365, 1365, 1365, 1365, 1365, 1365, 1365, 1365, 1365, 1365, 1365, 1365, 1365, 1365, 1365, 1365, 1365, 1373]",2.4.90,OK
b200,NVIDIA B200,fc2,balanced,32,2048,65536,4096,1280,1280,4096,bf16,687194767360.0,0.5651174545288086,2.0107870864868165,2.575904541015625,1216.0211330456582,683.5082361312008,54.04538369091814,30.37814382805337,nvjet_tst_128x256_64x6_2x2_2cta_h_bz_TNT,"[2048, 2048, 2048, 2048, 2048, 2048, 2048, 2048, 2048, 2048, 2048, 2048, 2048, 2048, 2048, 2048, 2048, 2048, 2048, 2048, 2048, 2048, 2048, 2048, 2048, 2048, 2048, 2048, 2048, 2048, 2048, 2048]",2.4.90,OK
b200,NVIDIA B200,fc2,skewed,32,2048,65536,4096,1280,1280,4096,bf16,687194767360.0,0.5594604873657226,2.02742977142334,2.5868902587890625,1228.3168925757873,677.8974808854274,54.59186189225721,30.128776928241216,nvjet_tst_128x160_64x8_2x1_2cta_v_bz_TNT,"[4096, 4096, 4096, 4096, 4096, 4096, 4096, 4096, 1365, 1365, 1365, 1365, 1365, 1365, 1365, 1365, 1365, 1365, 1365, 1365, 1365, 1365, 1365, 1365, 1365, 1365, 1365, 1365, 1365, 1365, 1365, 1373]",2.4.90,OK
b200,NVIDIA B200,fc1,balanced,32,2048,65536,6144,1536,6144,3072,bf16,2473901162496.0,1.9936813354492187,4.1050369262695305,6.09871826171875,1240.8709047469606,1205.3003210103484,55.1498179887538,53.56890315601549,nvjet_tst_192x128_64x6_2x2_2cta_h_bz_TNT,"[2048, 2048, 2048, 2048, 2048, 2048, 2048, 2048, 2048, 2048, 2048, 2048, 2048, 2048, 2048, 2048, 2048, 2048, 2048, 2048, 2048, 2048, 2048, 2048, 2048, 2048, 2048, 2048, 2048, 2048, 2048, 2048]",2.4.90,OK
b200,NVIDIA B200,fc1,skewed,32,2048,65536,6144,1536,6144,3072,bf16,2473901162496.0,1.8647161865234374,4.247352294921876,6.112068481445313,1326.6904531505797,1164.914511778922,58.96402014002577,51.77397830128542,nvjet_tst_192x176_64x6_2x2_2cta_h_bz_TNT,"[4096, 4096, 4096, 4096, 4096, 4096, 4096, 4096, 1365, 1365, 1365, 1365, 1365, 1365, 1365, 1365, 1365, 1365, 1365, 1365, 1365, 1365, 1365, 1365, 1365, 1365, 1365, 1365, 1365, 1365, 1365, 1373]",2.4.90,OK
b200,NVIDIA B200,fc2,balanced,32,2048,65536,6144,1536,1536,6144,bf16,1236950581248.0,0.9187264251708984,2.874900588989258,3.7936270141601565,1346.3753162622993,860.5171156077299,59.838902944991084,38.24520513812133,nvjet_tst_128x256_64x6_2x2_2cta_h_bz_TNT,"[2048, 2048, 2048, 2048, 2048, 2048, 2048, 2048, 2048, 2048, 2048, 2048, 2048, 2048, 2048, 2048, 2048, 2048, 2048, 2048, 2048, 2048, 2048, 2048, 2048, 2048, 2048, 2048, 2048, 2048, 2048, 2048]",2.4.90,OK
b200,NVIDIA B200,fc2,skewed,32,2048,65536,6144,1536,1536,6144,bf16,1236950581248.0,0.9433401489257812,2.9615988159179687,3.90493896484375,1311.2455593632528,835.3262262259503,58.27758041614457,37.125610054486685,nvjet_tst_128x232_64x4_2x1_v_bz_TNT,"[4096, 4096, 4096, 4096, 4096, 4096, 4096, 4096, 1365, 1365, 1365, 1365, 1365, 1365, 1365, 1365, 1365, 1365, 1365, 1365, 1365, 1365, 1365, 1365, 1365, 1365, 1365, 1365, 1365, 1365, 1365, 1373]",2.4.90,OK
b200,NVIDIA B200,fc1,balanced,32,4096,131072,1024,1280,1024,2560,bf16,687194767360.0,0.5547916793823242,1.9451225662231446,2.499914245605469,1238.6537017373557,706.5824840995289,55.051275632771365,31.403665959979058,nvjet_tst_128x192_64x7_2x1_2cta_v_bz_TNT,"[4096, 4096, 4096, 4096, 4096, 4096, 4096, 4096, 4096, 4096, 4096, 4096, 4096, 4096, 4096, 4096, 4096, 4096, 4096, 4096, 4096, 4096, 4096, 4096, 4096, 4096, 4096, 4096, 4096, 4096, 4096, 4096]",2.4.90,OK
b200,NVIDIA B200,fc1,skewed,32,4096,131072,1024,1280,1024,2560,bf16,687194767360.0,0.57312255859375,1.921428527832031,2.494551086425781,1199.0363266212112,715.2956848573175,53.29050340538716,31.79091932699189,nvjet_tst_256x96_64x5_2x1_2cta_v_bz_TNT,"[8192, 8192, 8192, 8192, 8192, 8192, 8192, 8192, 2730, 2730, 2730, 2730, 2730, 2730, 2730, 2730, 2730, 2730, 2730, 2730, 2730, 2730, 2730, 2730, 2730, 2730, 2730, 2730, 2730, 2730, 2730, 2746]",2.4.90,OK
b200,NVIDIA B200,fc2,balanced,32,4096,131072,1024,1280,1280,1024,bf16,343597383680.0,0.5533311843872071,1.9050649642944337,2.458396148681641,620.9615387220962,360.7198600781112,27.59829060987094,16.031993781249387,nvjet_tst_128x256_64x6_2x2_2cta_h_bz_TNT,"[4096, 4096, 4096, 4096, 4096, 4096, 4096, 4096, 4096, 4096, 4096, 4096, 4096, 4096, 4096, 4096, 4096, 4096, 4096, 4096, 4096, 4096, 4096, 4096, 4096, 4096, 4096, 4096, 4096, 4096, 4096, 4096]",2.4.90,OK
b200,NVIDIA B200,fc2,skewed,32,4096,131072,1024,1280,1280,1024,bf16,343597383680.0,0.5612992095947266,1.9165287017822266,2.477827911376953,612.1465660500158,358.56221027160245,27.20651404666737,15.936098234293443,nvjet_tst_128x152_64x6_2x1_v_bz_TNT,"[8192, 8192, 8192, 8192, 8192, 8192, 8192, 8192, 2730, 2730, 2730, 2730, 2730, 2730, 2730, 2730, 2730, 2730, 2730, 2730, 2730, 2730, 2730, 2730, 2730, 2730, 2730, 2730, 2730, 2730, 2730, 2746]",2.4.90,OK
b200,NVIDIA B200,fc1,balanced,32,4096,131072,2048,1280,2048,2560,bf16,1374389534720.0,0.9534822082519532,2.832935638427734,3.7864178466796874,1441.4422448843682,970.2935118446811,64.06409977263858,43.124156081985824,nvjet_tst_128x192_64x7_2x1_2cta_v_bz_TNT,"[4096, 4096, 4096, 4096, 4096, 4096, 4096, 4096, 4096, 4096, 4096, 4096, 4096, 4096, 4096, 4096, 4096, 4096, 4096, 4096, 4096, 4096, 4096, 4096, 4096, 4096, 4096, 4096, 4096, 4096, 4096, 4096]",2.4.90,OK
b200,NVIDIA B200,fc1,skewed,32,4096,131072,2048,1280,2048,2560,bf16,1374389534720.0,1.0806079864501954,2.7410131072998047,3.82162109375,1271.8669045144475,1002.8332451674577,56.52741797841989,44.570366451887004,nvjet_tst_256x96_64x5_2x1_2cta_v_bz_TNT,"[8192, 8192, 8192, 8192, 8192, 8192, 8192, 8192, 2730, 2730, 2730, 2730, 2730, 2730, 2730, 2730, 2730, 2730, 2730, 2730, 2730, 2730, 2730, 2730, 2730, 2730, 2730, 2730, 2730, 2730, 2730, 2746]",2.4.90,OK
b200,NVIDIA B200,fc2,balanced,32,4096,131072,2048,1280,1280,2048,bf16,687194767360.0,0.5556396865844726,1.8974522018432616,2.453091888427734,1236.7632909452507,724.3342063556925,54.967257375344474,32.19263139358633,nvjet_tst_160x192_64x6_1x2_2cta_h_bz_TNN,"[4096, 4096, 4096, 4096, 4096, 4096, 4096, 4096, 4096, 4096, 4096, 4096, 4096, 4096, 4096, 4096, 4096, 4096, 4096, 4096, 4096, 4096, 4096, 4096, 4096, 4096, 4096, 4096, 4096, 4096, 4096, 4096]",2.4.90,OK
b200,NVIDIA B200,fc2,skewed,32,4096,131072,2048,1280,1280,2048,bf16,687194767360.0,0.5545920181274414,1.9273362350463867,2.481928253173828,1239.099635224262,713.1031470940625,55.071094898856096,31.693473204180552,nvjet_tst_128x160_64x8_2x1_2cta_v_bz_TNT,"[8192, 8192, 8192, 8192, 8192, 8192, 8192, 8192, 2730, 2730, 2730, 2730, 2730, 2730, 2730, 2730, 2730, 2730, 2730, 2730, 2730, 2730, 2730, 2730, 2730, 2730, 2730, 2730, 2730, 2730, 2730, 2746]",2.4.90,OK
b200,NVIDIA B200,fc1,balanced,32,4096,131072,2560,1600,2560,3200,bf16,2147483648000.0,1.5432313537597657,3.9089018249511716,5.4521331787109375,1391.5500373732673,1098.7657117875174,61.846668327700776,48.83403163500077,nvjet_tst_128x256_64x6_2x1_2cta_v_bz_TNT,"[4096, 4096, 4096, 4096, 4096, 4096, 4096, 4096, 4096, 4096, 4096, 4096, 4096, 4096, 4096, 4096, 4096, 4096, 4096, 4096, 4096, 4096, 4096, 4096, 4096, 4096, 4096, 4096, 4096, 4096, 4096, 4096]",2.4.90,OK
b200,NVIDIA B200,fc1,skewed,32,4096,131072,2560,1600,2560,3200,bf16,2147483648000.0,1.5880831909179687,4.0079348754882815,5.59601806640625,1352.2488370138078,1071.6160390397436,60.09994831172479,47.62737951287749,nvjet_tst_128x256_64x6_2x1_2cta_v_bz_TNT,"[8192, 8192, 8192, 8192, 8192, 8192, 8192, 8192, 2730, 2730, 2730, 2730, 2730, 2730, 2730, 2730, 2730, 2730, 2730, 2730, 2730, 2730, 2730, 2730, 2730, 2730, 2730, 2730, 2730, 2730, 2730, 2746]",2.4.90,OK
b200,NVIDIA B200,fc2,balanced,32,4096,131072,2560,1600,1600,2560,bf16,1073741824000.0,0.7936819458007812,2.6706970214843753,3.4643789672851564,1352.8615961103335,804.0910783681584,60.127182049348164,35.73738126080704,nvjet_tst_128x192_64x7_2x1_2cta_v_bz_TNT,"[4096, 4096, 4096, 4096, 4096, 4096, 4096, 4096, 4096, 4096, 4096, 4096, 4096, 4096, 4096, 4096, 4096, 4096, 4096, 4096, 4096, 4096, 4096, 4096, 4096, 4096, 4096, 4096, 4096, 4096, 4096, 4096]",2.4.90,OK
b200,NVIDIA B200,fc2,skewed,32,4096,131072,2560,1600,1600,2560,bf16,1073741824000.0,0.8223583984375,2.708872375488281,3.531230773925781,1305.685971031772,792.7592556341496,58.030487601412084,35.23374469485109,nvjet_tst_256x96_64x5_2x1_2cta_v_bz_TNT,"[8192, 8192, 8192, 8192, 8192, 8192, 8192, 8192, 2730, 2730, 2730, 2730, 2730, 2730, 2730, 2730, 2730, 2730, 2730, 2730, 2730, 2730, 2730, 2730, 2730, 2730, 2730, 2730, 2730, 2730, 2730, 2746]",2.4.90,OK
b200,NVIDIA B200,fc1,balanced,32,4096,131072,4096,1280,4096,2560,bf16,2748779069440.0,2.035587158203125,4.607689208984375,6.6432763671875,1350.3617658240837,1193.1269427114353,60.01607848107039,53.027864120508234,nvjet_tst_128x192_64x7_2x1_2cta_v_bz_TNT,"[4096, 4096, 4096, 4096, 4096, 4096, 4096, 4096, 4096, 4096, 4096, 4096, 4096, 4096, 4096, 4096, 4096, 4096, 4096, 4096, 4096, 4096, 4096, 4096, 4096, 4096, 4096, 4096, 4096, 4096, 4096, 4096]",2.4.90,OK
b200,NVIDIA B200,fc1,skewed,32,4096,131072,4096,1280,4096,2560,bf16,2748779069440.0,2.075118103027344,4.934790344238281,7.009908447265625,1324.6374100008413,1114.0408721312326,58.87277377781516,49.51292765027701,nvjet_tst_256x208_64x4_2x1_2cta_v_bz_TNT,"[8192, 8192, 8192, 8192, 8192, 8192, 8192, 8192, 2730, 2730, 2730, 2730, 2730, 2730, 2730, 2730, 2730, 2730, 2730, 2730, 2730, 2730, 2730, 2730, 2730, 2730, 2730, 2730, 2730, 2730, 2730, 2746]",2.4.90,OK
b200,NVIDIA B200,fc2,balanced,32,4096,131072,4096,1280,1280,4096,bf16,1374389534720.0,1.0247328186035156,3.2021119689941404,4.226844787597656,1341.2174468980013,858.4269057597811,59.60966430657784,38.15230692265693,nvjet_tst_128x256_64x6_2x2_2cta_h_bz_TNT,"[4096, 4096, 4096, 4096, 4096, 4096, 4096, 4096, 4096, 4096, 4096, 4096, 4096, 4096, 4096, 4096, 4096, 4096, 4096, 4096, 4096, 4096, 4096, 4096, 4096, 4096, 4096, 4096, 4096, 4096, 4096, 4096]",2.4.90,OK
b200,NVIDIA B200,fc2,skewed,32,4096,131072,4096,1280,1280,4096,bf16,1374389534720.0,1.0436659240722657,3.116037750244141,4.159703674316407,1316.886470104618,882.139206825923,58.52828756020525,39.206186970041024,nvjet_tst_176x128_64x8_2x2_2cta_h_bz_TNN,"[8192, 8192, 8192, 8192, 8192, 8192, 8192, 8192, 2730, 2730, 2730, 2730, 2730, 2730, 2730, 2730, 2730, 2730, 2730, 2730, 2730, 2730, 2730, 2730, 2730, 2730, 2730, 2730, 2730, 2730, 2730, 2746]",2.4.90,OK
b200,NVIDIA B200,fc1,balanced,32,4096,131072,6144,1536,6144,3072,bf16,4947802324992.0,3.7756390380859375,6.826392211914062,10.60203125,1310.4542767680173,1449.609741543016,58.242412300800765,64.42709962413404,nvjet_tst_128x256_64x6_2x2_2cta_h_bz_TNT,"[4096, 4096, 4096, 4096, 4096, 4096, 4096, 4096, 4096, 4096, 4096, 4096, 4096, 4096, 4096, 4096, 4096, 4096, 4096, 4096, 4096, 4096, 4096, 4096, 4096, 4096, 4096, 4096, 4096, 4096, 4096, 4096]",2.4.90,OK
b200,NVIDIA B200,fc1,skewed,32,4096,131072,6144,1536,6144,3072,bf16,4947802324992.0,3.9247186279296873,6.899290161132813,10.8240087890625,1260.6769539558038,1434.2931546394352,56.030086842480166,63.746362428419346,nvjet_tst_256x128_64x5_2x2_2cta_h_bz_TNT,"[8192, 8192, 8192, 8192, 8192, 8192, 8192, 8192, 2730, 2730, 2730, 2730, 2730, 2730, 2730, 2730, 2730, 2730, 2730, 2730, 2730, 2730, 2730, 2730, 2730, 2730, 2730, 2730, 2730, 2730, 2730, 2746]",2.4.90,OK
b200,NVIDIA B200,fc2,balanced,32,4096,131072,6144,1536,1536,6144,bf16,2473901162496.0,1.8771224975585938,4.733048400878905,6.6101708984375,1317.922067267098,1045.3732786829764,58.57431410075992,46.46103460813228,nvjet_tst_128x256_64x6_2x2_2cta_h_bz_TNT,"[4096, 4096, 4096, 4096, 4096, 4096, 4096, 4096, 4096, 4096, 4096, 4096, 4096, 4096, 4096, 4096, 4096, 4096, 4096, 4096, 4096, 4096, 4096, 4096, 4096, 4096, 4096, 4096, 4096, 4096, 4096, 4096]",2.4.90,OK
b200,NVIDIA B200,fc2,skewed,32,4096,131072,6144,1536,1536,6144,bf16,2473901162496.0,1.8804217529296876,4.87354736328125,6.753969116210937,1315.609734168239,1015.2363270890131,58.47154374081062,45.12161453728947,nvjet_tst_256x128_64x5_2x2_2cta_h_bz_TNT,"[8192, 8192, 8192, 8192, 8192, 8192, 8192, 8192, 2730, 2730, 2730, 2730, 2730, 2730, 2730, 2730, 2730, 2730, 2730, 2730, 2730, 2730, 2730, 2730, 2730, 2730, 2730, 2730, 2730, 2730, 2730, 2746]",2.4.90,OK
b200,NVIDIA B200,fc1,balanced,64,64,4096,1024,1280,1024,2560,bf16,21474836480.0,1.0070758056640625,3.372309265136719,4.379385070800781,21.323952337271734,12.735982848316478,0.9477312149898549,0.566043682147399,nvjet_tst_24x64_64x16_4x1_v_bz_TNN,"[64, 64, 64, 64, 64, 64, 64, 64, 64, 64, 64, 64, 64, 64, 64, 64, 64, 64, 64, 64, 64, 64, 64, 64, 64, 64, 64, 64, 64, 64, 64, 64, 64, 64, 64, 64, 64, 64, 64, 64, 64, 64, 64, 64, 64, 64, 64, 64, 64, 64, 64, 64, 64, 64, 64, 64, 64, 64, 64, 64, 64, 64, 64, 64]",2.4.90,OK
b200,NVIDIA B200,fc1,skewed,64,64,4096,1024,1280,1024,2560,bf16,21474836480.0,1.0173331451416017,3.4212972259521486,4.43863037109375,21.108951952028395,12.553622244278145,0.9381756423123732,0.557938766412362,nvjet_tst_64x16_64x16_2x1_2cta_v_bz_TNT,"[128, 128, 128, 128, 128, 128, 128, 128, 128, 128, 128, 128, 128, 128, 128, 128, 42, 42, 42, 42, 42, 42, 42, 42, 42, 42, 42, 42, 42, 42, 42, 42, 42, 42, 42, 42, 42, 42, 42, 42, 42, 42, 42, 42, 42, 42, 42, 42, 42, 42, 42, 42, 42, 42, 42, 42, 42, 42, 42, 42, 42, 42, 42, 74]",2.4.90,OK
b200,NVIDIA B200,fc2,balanced,64,64,4096,1024,1280,1280,1024,bf16,10737418240.0,1.0141600036621095,3.3713304138183595,4.385490417480469,10.587499212380115,6.369840343141465,0.4705555205502273,0.2831040152507318,nvjet_tst_64x8_64x16_1x4_h_bz_TNT,"[64, 64, 64, 64, 64, 64, 64, 64, 64, 64, 64, 64, 64, 64, 64, 64, 64, 64, 64, 64, 64, 64, 64, 64, 64, 64, 64, 64, 64, 64, 64, 64, 64, 64, 64, 64, 64, 64, 64, 64, 64, 64, 64, 64, 64, 64, 64, 64, 64, 64, 64, 64, 64, 64, 64, 64, 64, 64, 64, 64, 64, 64, 64, 64]",2.4.90,OK
b200,NVIDIA B200,fc2,skewed,64,64,4096,1024,1280,1280,1024,bf16,10737418240.0,1.0191705322265625,3.3973376464843756,4.416508178710938,10.535448092815406,6.321078066003399,0.4682421374584625,0.2809368029334844,nvjet_tst_8x64_64x16_4x1_v_bz_TNN,"[128, 128, 128, 128, 128, 128, 128, 128, 128, 128, 128, 128, 128, 128, 128, 128, 42, 42, 42, 42, 42, 42, 42, 42, 42, 42, 42, 42, 42, 42, 42, 42, 42, 42, 42, 42, 42, 42, 42, 42, 42, 42, 42, 42, 42, 42, 42, 42, 42, 42, 42, 42, 42, 42, 42, 42, 42, 42, 42, 42, 42, 42, 42, 74]",2.4.90,OK
b200,NVIDIA B200,fc1,balanced,64,64,4096,2048,1280,2048,2560,bf16,42949672960.0,1.0210457611083985,3.3843518829345705,4.405397644042969,42.064395736167484,25.38132821032685,1.8695286993852214,1.1280590315700822,nvjet_tst_64x32_64x16_2x2_2cta_h_bz_TNT,"[64, 64, 64, 64, 64, 64, 64, 64, 64, 64, 64, 64, 64, 64, 64, 64, 64, 64, 64, 64, 64, 64, 64, 64, 64, 64, 64, 64, 64, 64, 64, 64, 64, 64, 64, 64, 64, 64, 64, 64, 64, 64, 64, 64, 64, 64, 64, 64, 64, 64, 64, 64, 64, 64, 64, 64, 64, 64, 64, 64, 64, 64, 64, 64]",2.4.90,OK
b200,NVIDIA B200,fc1,skewed,64,64,4096,2048,1280,2048,2560,bf16,42949672960.0,1.0272614288330078,3.4129369354248054,4.440198364257813,41.80987600088499,25.168746901943027,1.858216711150444,1.11861097341969,nvjet_tst_64x16_64x16_2x1_2cta_v_bz_TNT,"[128, 128, 128, 128, 128, 128, 128, 128, 128, 128, 128, 128, 128, 128, 128, 128, 42, 42, 42, 42, 42, 42, 42, 42, 42, 42, 42, 42, 42, 42, 42, 42, 42, 42, 42, 42, 42, 42, 42, 42, 42, 42, 42, 42, 42, 42, 42, 42, 42, 42, 42, 42, 42, 42, 42, 42, 42, 42, 42, 42, 42, 42, 42, 74]",2.4.90,OK
b200,NVIDIA B200,fc2,balanced,64,64,4096,2048,1280,1280,2048,bf16,21474836480.0,1.0187737274169921,3.397767105102539,4.416540832519531,21.07910314339131,12.640558234700977,0.9368490285951694,0.5618025882089324,nvjet_tst_64x16_64x16_2x2_2cta_h_bz_TNT,"[64, 64, 64, 64, 64, 64, 64, 64, 64, 64, 64, 64, 64, 64, 64, 64, 64, 64, 64, 64, 64, 64, 64, 64, 64, 64, 64, 64, 64, 64, 64, 64, 64, 64, 64, 64, 64, 64, 64, 64, 64, 64, 64, 64, 64, 64, 64, 64, 64, 64, 64, 64, 64, 64, 64, 64, 64, 64, 64, 64, 64, 64, 64, 64]",2.4.90,OK
b200,NVIDIA B200,fc2,skewed,64,64,4096,2048,1280,1280,2048,bf16,21474836480.0,1.0244012451171876,3.405660705566406,4.430061950683593,20.963305718691668,12.611260096991051,0.9317024763862963,0.5605004487551579,nvjet_tst_16x64_64x16_4x1_v_bz_TNN,"[128, 128, 128, 128, 128, 128, 128, 128, 128, 128, 128, 128, 128, 128, 128, 128, 42, 42, 42, 42, 42, 42, 42, 42, 42, 42, 42, 42, 42, 42, 42, 42, 42, 42, 42, 42, 42, 42, 42, 42, 42, 42, 42, 42, 42, 42, 42, 42, 42, 42, 42, 42, 42, 42, 42, 42, 42, 42, 42, 42, 42, 42, 42, 74]",2.4.90,OK
b200,NVIDIA B200,fc1,balanced,64,64,4096,2560,1600,2560,3200,bf16,67108864000.0,1.0231897735595703,3.392675704956054,4.415865478515625,65.58789555385731,39.56102488779975,2.915017580171436,1.7582677727911002,nvjet_tst_64x32_64x16_2x2_2cta_h_bz_TNT,"[64, 64, 64, 64, 64, 64, 64, 64, 64, 64, 64, 64, 64, 64, 64, 64, 64, 64, 64, 64, 64, 64, 64, 64, 64, 64, 64, 64, 64, 64, 64, 64, 64, 64, 64, 64, 64, 64, 64, 64, 64, 64, 64, 64, 64, 64, 64, 64, 64, 64, 64, 64, 64, 64, 64, 64, 64, 64, 64, 64, 64, 64, 64, 64]",2.4.90,OK
b200,NVIDIA B200,fc1,skewed,64,64,4096,2560,1600,2560,3200,bf16,67108864000.0,1.0327852630615235,3.4095175933837893,4.442302856445313,64.97852593390684,39.365606518778826,2.887934485951415,1.7495825119457256,nvjet_tst_64x24_64x16_4x2_h_bz_TNT,"[128, 128, 128, 128, 128, 128, 128, 128, 128, 128, 128, 128, 128, 128, 128, 128, 42, 42, 42, 42, 42, 42, 42, 42, 42, 42, 42, 42, 42, 42, 42, 42, 42, 42, 42, 42, 42, 42, 42, 42, 42, 42, 42, 42, 42, 42, 42, 42, 42, 42, 42, 42, 42, 42, 42, 42, 42, 42, 42, 42, 42, 42, 42, 74]",2.4.90,OK
b200,NVIDIA B200,fc2,balanced,64,64,4096,2560,1600,1600,2560,bf16,33554432000.0,1.0232044982910156,3.404265594482422,4.427470092773437,32.79347584578013,19.713169298179597,1.4574878153680058,0.876140857696871,nvjet_tst_24x64_64x16_4x1_v_bz_TNN,"[64, 64, 64, 64, 64, 64, 64, 64, 64, 64, 64, 64, 64, 64, 64, 64, 64, 64, 64, 64, 64, 64, 64, 64, 64, 64, 64, 64, 64, 64, 64, 64, 64, 64, 64, 64, 64, 64, 64, 64, 64, 64, 64, 64, 64, 64, 64, 64, 64, 64, 64, 64, 64, 64, 64, 64, 64, 64, 64, 64, 64, 64, 64, 64]",2.4.90,OK
b200,NVIDIA B200,fc2,skewed,64,64,4096,2560,1600,1600,2560,bf16,33554432000.0,1.02525634765625,3.413510437011719,4.438766784667969,32.72784613985165,19.659779935739394,1.454570939548962,0.873767997143973,nvjet_tst_64x16_64x16_2x1_2cta_v_bz_TNT,"[128, 128, 128, 128, 128, 128, 128, 128, 128, 128, 128, 128, 128, 128, 128, 128, 42, 42, 42, 42, 42, 42, 42, 42, 42, 42, 42, 42, 42, 42, 42, 42, 42, 42, 42, 42, 42, 42, 42, 42, 42, 42, 42, 42, 42, 42, 42, 42, 42, 42, 42, 42, 42, 42, 42, 42, 42, 42, 42, 42, 42, 42, 42, 74]",2.4.90,OK
b200,NVIDIA B200,fc1,balanced,64,64,4096,4096,1280,4096,2560,bf16,85899345920.0,1.023465576171875,3.4306106567382817,4.454076232910157,83.92988286063719,50.078166551065536,3.7302170160283197,2.225696291158468,nvjet_tst_64x32_64x16_2x2_2cta_h_bz_TNT,"[64, 64, 64, 64, 64, 64, 64, 64, 64, 64, 64, 64, 64, 64, 64, 64, 64, 64, 64, 64, 64, 64, 64, 64, 64, 64, 64, 64, 64, 64, 64, 64, 64, 64, 64, 64, 64, 64, 64, 64, 64, 64, 64, 64, 64, 64, 64, 64, 64, 64, 64, 64, 64, 64, 64, 64, 64, 64, 64, 64, 64, 64, 64, 64]",2.4.90,OK
b200,NVIDIA B200,fc1,skewed,64,64,4096,4096,1280,4096,2560,bf16,85899345920.0,1.0331193542480468,3.436151580810547,4.469270935058594,83.14561678357252,49.99741361802052,3.695360745936556,2.2221072719120234,nvjet_tst_64x16_64x16_2x1_2cta_v_bz_TNT,"[128, 128, 128, 128, 128, 128, 128, 128, 128, 128, 128, 128, 128, 128, 128, 128, 42, 42, 42, 42, 42, 42, 42, 42, 42, 42, 42, 42, 42, 42, 42, 42, 42, 42, 42, 42, 42, 42, 42, 42, 42, 42, 42, 42, 42, 42, 42, 42, 42, 42, 42, 42, 42, 42, 42, 42, 42, 42, 42, 42, 42, 42, 42, 74]",2.4.90,OK
b200,NVIDIA B200,fc2,balanced,64,64,4096,4096,1280,1280,4096,bf16,42949672960.0,1.0238304138183594,3.634451141357422,4.6582815551757815,41.94998740056946,23.634750497132192,1.864443884469754,1.0504333554280973,nvjet_tst_64x32_64x16_2x2_2cta_h_bz_TNT,"[64, 64, 64, 64, 64, 64, 64, 64, 64, 64, 64, 64, 64, 64, 64, 64, 64, 64, 64, 64, 64, 64, 64, 64, 64, 64, 64, 64, 64, 64, 64, 64, 64, 64, 64, 64, 64, 64, 64, 64, 64, 64, 64, 64, 64, 64, 64, 64, 64, 64, 64, 64, 64, 64, 64, 64, 64, 64, 64, 64, 64, 64, 64, 64]",2.4.90,OK
b200,NVIDIA B200,fc2,skewed,64,64,4096,4096,1280,1280,4096,bf16,42949672960.0,1.028395538330078,3.4148832702636716,4.44327880859375,41.763768277079684,25.154401811622538,1.8561674789813192,1.1179734138498907,nvjet_tst_64x24_64x16_2x2_h_bz_TNT,"[128, 128, 128, 128, 128, 128, 128, 128, 128, 128, 128, 128, 128, 128, 128, 128, 42, 42, 42, 42, 42, 42, 42, 42, 42, 42, 42, 42, 42, 42, 42, 42, 42, 42, 42, 42, 42, 42, 42, 42, 42, 42, 42, 42, 42, 42, 42, 42, 42, 42, 42, 42, 42, 42, 42, 42, 42, 42, 42, 42, 42, 42, 42, 74]",2.4.90,OK
b200,NVIDIA B200,fc1,balanced,64,64,4096,6144,1536,6144,3072,bf16,154618822656.0,1.241602554321289,3.477447128295899,4.719049682617188,124.53165638058871,88.92662746637933,5.534740283581721,3.9522945540613033,nvjet_tst_64x32_64x16_2x1_2cta_v_bz_splitK_TNT,"[64, 64, 64, 64, 64, 64, 64, 64, 64, 64, 64, 64, 64, 64, 64, 64, 64, 64, 64, 64, 64, 64, 64, 64, 64, 64, 64, 64, 64, 64, 64, 64, 64, 64, 64, 64, 64, 64, 64, 64, 64, 64, 64, 64, 64, 64, 64, 64, 64, 64, 64, 64, 64, 64, 64, 64, 64, 64, 64, 64, 64, 64, 64, 64]",2.4.90,OK
b200,NVIDIA B200,fc1,skewed,64,64,4096,6144,1536,6144,3072,bf16,154618822656.0,1.0308255767822265,3.4884984588623045,4.519324035644531,149.9951360720505,88.64491383861781,6.666450492091134,3.939773948383014,nvjet_tst_64x16_64x16_2x1_2cta_v_bz_TNT,"[128, 128, 128, 128, 128, 128, 128, 128, 128, 128, 128, 128, 128, 128, 128, 128, 42, 42, 42, 42, 42, 42, 42, 42, 42, 42, 42, 42, 42, 42, 42, 42, 42, 42, 42, 42, 42, 42, 42, 42, 42, 42, 42, 42, 42, 42, 42, 42, 42, 42, 42, 42, 42, 42, 42, 42, 42, 42, 42, 42, 42, 42, 42, 74]",2.4.90,OK
b200,NVIDIA B200,fc2,balanced,64,64,4096,6144,1536,1536,6144,bf16,77309411328.0,1.0231321716308595,3.6883442687988284,4.711476440429688,75.56150952107176,41.92093020274223,3.3582893120476336,1.8631524534552102,nvjet_tst_48x64_64x15_4x1_v_bz_TNN,"[64, 64, 64, 64, 64, 64, 64, 64, 64, 64, 64, 64, 64, 64, 64, 64, 64, 64, 64, 64, 64, 64, 64, 64, 64, 64, 64, 64, 64, 64, 64, 64, 64, 64, 64, 64, 64, 64, 64, 64, 64, 64, 64, 64, 64, 64, 64, 64, 64, 64, 64, 64, 64, 64, 64, 64, 64, 64, 64, 64, 64, 64, 64, 64]",2.4.90,OK
b200,NVIDIA B200,fc2,skewed,64,64,4096,6144,1536,1536,6144,bf16,77309411328.0,1.0247097778320313,3.6979443359374997,4.722654113769531,75.4451777473645,41.81210115938675,3.3531190109939777,1.8583156070838556,nvjet_tst_48x64_64x15_4x1_v_bz_TNN,"[128, 128, 128, 128, 128, 128, 128, 128, 128, 128, 128, 128, 128, 128, 128, 128, 42, 42, 42, 42, 42, 42, 42, 42, 42, 42, 42, 42, 42, 42, 42, 42, 42, 42, 42, 42, 42, 42, 42, 42, 42, 42, 42, 42, 42, 42, 42, 42, 42, 42, 42, 42, 42, 42, 42, 42, 42, 42, 42, 42, 42, 42, 42, 74]",2.4.90,OK
b200,NVIDIA B200,fc1,balanced,64,128,8192,1024,1280,1024,2560,bf16,42949672960.0,1.0231520080566405,3.3958964538574223,4.419048461914063,41.97780253745283,25.29504273383434,1.8656801127756815,1.1242241215037483,nvjet_tst_48x64_64x16_4x2_2cta_h_bz_TNN,"[128, 128, 128, 128, 128, 128, 128, 128, 128, 128, 128, 128, 128, 128, 128, 128, 128, 128, 128, 128, 128, 128, 128, 128, 128, 128, 128, 128, 128, 128, 128, 128, 128, 128, 128, 128, 128, 128, 128, 128, 128, 128, 128, 128, 128, 128, 128, 128, 128, 128, 128, 128, 128, 128, 128, 128, 128, 128, 128, 128, 128, 128, 128, 128]",2.4.90,OK
b200,NVIDIA B200,fc1,skewed,64,128,8192,1024,1280,1024,2560,bf16,42949672960.0,1.0219123077392578,3.39754997253418,4.419462280273438,42.02872656951957,25.28273214946387,1.8679434030897586,1.1236769844206165,nvjet_tst_64x32_64x16_2x1_2cta_v_bz_TNT,"[256, 256, 256, 256, 256, 256, 256, 256, 256, 256, 256, 256, 256, 256, 256, 256, 85, 85, 85, 85, 85, 85, 85, 85, 85, 85, 85, 85, 85, 85, 85, 85, 85, 85, 85, 85, 85, 85, 85, 85, 85, 85, 85, 85, 85, 85, 85, 85, 85, 85, 85, 85, 85, 85, 85, 85, 85, 85, 85, 85, 85, 85, 85, 101]",2.4.90,OK
b200,NVIDIA B200,fc2,balanced,64,128,8192,1024,1280,1280,1024,bf16,21474836480.0,1.0204761505126954,3.4216045379638675,4.442080688476563,21.043937645393154,12.5524947384944,0.935286117573029,0.5578886550441955,nvjet_tst_64x16_64x16_2x2_2cta_h_bz_TNT,"[128, 128, 128, 128, 128, 128, 128, 128, 128, 128, 128, 128, 128, 128, 128, 128, 128, 128, 128, 128, 128, 128, 128, 128, 128, 128, 128, 128, 128, 128, 128, 128, 128, 128, 128, 128, 128, 128, 128, 128, 128, 128, 128, 128, 128, 128, 128, 128, 128, 128, 128, 128, 128, 128, 128, 128, 128, 128, 128, 128, 128, 128, 128, 128]",2.4.90,OK
b200,NVIDIA B200,fc2,skewed,64,128,8192,1024,1280,1280,1024,bf16,21474836480.0,1.0267788696289062,3.4036096191406253,4.430388488769531,20.914762774346283,12.618859906396766,0.9295450121931681,0.5608382180620786,nvjet_tst_16x64_64x16_2x2_2cta_h_bz_TNN,"[256, 256, 256, 256, 256, 256, 256, 256, 256, 256, 256, 256, 256, 256, 256, 256, 85, 85, 85, 85, 85, 85, 85, 85, 85, 85, 85, 85, 85, 85, 85, 85, 85, 85, 85, 85, 85, 85, 85, 85, 85, 85, 85, 85, 85, 85, 85, 85, 85, 85, 85, 85, 85, 85, 85, 85, 85, 85, 85, 85, 85, 85, 85, 101]",2.4.90,OK
b200,NVIDIA B200,fc1,balanced,64,128,8192,2048,1280,2048,2560,bf16,85899345920.0,1.0242841339111328,4.728258590698243,5.752542724609375,83.86281020677475,36.33445348737361,3.727236009189989,1.614864599438827,nvjet_tst_48x64_64x16_4x2_2cta_h_bz_TNN,"[128, 128, 128, 128, 128, 128, 128, 128, 128, 128, 128, 128, 128, 128, 128, 128, 128, 128, 128, 128, 128, 128, 128, 128, 128, 128, 128, 128, 128, 128, 128, 128, 128, 128, 128, 128, 128, 128, 128, 128, 128, 128, 128, 128, 128, 128, 128, 128, 128, 128, 128, 128, 128, 128, 128, 128, 128, 128, 128, 128, 128, 128, 128, 128]",2.4.90,OK
b200,NVIDIA B200,fc1,skewed,64,128,8192,2048,1280,2048,2560,bf16,85899345920.0,1.3591897583007813,3.5207800292968754,4.879969787597656,63.19893553891166,48.79563347054925,2.808841579507185,2.1686948209133,nvjet_tst_64x32_64x16_2x1_2cta_v_bz_TNT,"[256, 256, 256, 256, 256, 256, 256, 256, 256, 256, 256, 256, 256, 256, 256, 256, 85, 85, 85, 85, 85, 85, 85, 85, 85, 85, 85, 85, 85, 85, 85, 85, 85, 85, 85, 85, 85, 85, 85, 85, 85, 85, 85, 85, 85, 85, 85, 85, 85, 85, 85, 85, 85, 85, 85, 85, 85, 85, 85, 85, 85, 85, 85, 101]",2.4.90,OK
b200,NVIDIA B200,fc2,balanced,64,128,8192,2048,1280,1280,2048,bf16,42949672960.0,1.017220458984375,3.3985626220703127,4.415783081054688,42.22258074014979,25.27519880380266,1.8765591440066571,1.123342169057896,nvjet_tst_64x32_64x16_2x2_2cta_h_bz_TNT,"[128, 128, 128, 128, 128, 128, 128, 128, 128, 128, 128, 128, 128, 128, 128, 128, 128, 128, 128, 128, 128, 128, 128, 128, 128, 128, 128, 128, 128, 128, 128, 128, 128, 128, 128, 128, 128, 128, 128, 128, 128, 128, 128, 128, 128, 128, 128, 128, 128, 128, 128, 128, 128, 128, 128, 128, 128, 128, 128, 128, 128, 128, 128, 128]",2.4.90,OK
b200,NVIDIA B200,fc2,skewed,64,128,8192,2048,1280,1280,2048,bf16,42949672960.0,1.0193663787841798,3.4519992828369137,4.4713656616210935,42.133695846656224,24.883940835991833,1.8726087042958324,1.1059529260440815,nvjet_tst_64x24_64x16_1x4_h_bz_TNT,"[256, 256, 256, 256, 256, 256, 256, 256, 256, 256, 256, 256, 256, 256, 256, 256, 85, 85, 85, 85, 85, 85, 85, 85, 85, 85, 85, 85, 85, 85, 85, 85, 85, 85, 85, 85, 85, 85, 85, 85, 85, 85, 85, 85, 85, 85, 85, 85, 85, 85, 85, 85, 85, 85, 85, 85, 85, 85, 85, 85, 85, 85, 85, 101]",2.4.90,OK
b200,NVIDIA B200,fc1,balanced,64,128,8192,2560,1600,2560,3200,bf16,134217728000.0,1.02617919921875,3.3941259765625,4.42030517578125,130.7936548530535,79.0882418194347,5.813051326802378,3.515032969752653,nvjet_tst_48x64_64x16_1x2_2cta_h_bz_TNN,"[128, 128, 128, 128, 128, 128, 128, 128, 128, 128, 128, 128, 128, 128, 128, 128, 128, 128, 128, 128, 128, 128, 128, 128, 128, 128, 128, 128, 128, 128, 128, 128, 128, 128, 128, 128, 128, 128, 128, 128, 128, 128, 128, 128, 128, 128, 128, 128, 128, 128, 128, 128, 128, 128, 128, 128, 128, 128, 128, 128, 128, 128, 128, 128]",2.4.90,OK
b200,NVIDIA B200,fc1,skewed,64,128,8192,2560,1600,2560,3200,bf16,134217728000.0,1.0304889678955078,3.4323665618896486,4.462855529785156,130.2466423042869,78.20710613502075,5.788739657968306,3.4758713837787,nvjet_tst_64x48_64x16_2x2_2cta_h_bz_TNT,"[256, 256, 256, 256, 256, 256, 256, 256, 256, 256, 256, 256, 256, 256, 256, 256, 85, 85, 85, 85, 85, 85, 85, 85, 85, 85, 85, 85, 85, 85, 85, 85, 85, 85, 85, 85, 85, 85, 85, 85, 85, 85, 85, 85, 85, 85, 85, 85, 85, 85, 85, 85, 85, 85, 85, 85, 85, 85, 85, 85, 85, 85, 85, 101]",2.4.90,OK
b200,NVIDIA B200,fc2,balanced,64,128,8192,2560,1600,1600,2560,bf16,67108864000.0,1.0157952117919922,3.4133057403564453,4.4291009521484375,66.06534783877491,39.32191787366341,2.9362376817233296,1.7476407943850405,nvjet_tst_48x64_64x16_4x2_2cta_h_bz_TNN,"[128, 128, 128, 128, 128, 128, 128, 128, 128, 128, 128, 128, 128, 128, 128, 128, 128, 128, 128, 128, 128, 128, 128, 128, 128, 128, 128, 128, 128, 128, 128, 128, 128, 128, 128, 128, 128, 128, 128, 128, 128, 128, 128, 128, 128, 128, 128, 128, 128, 128, 128, 128, 128, 128, 128, 128, 128, 128, 128, 128, 128, 128, 128, 128]",2.4.90,OK
b200,NVIDIA B200,fc2,skewed,64,128,8192,2560,1600,1600,2560,bf16,67108864000.0,1.023144989013672,3.4446330261230464,4.467778015136719,65.5907664315436,38.96430388437133,2.915145174735271,1.7317468393053925,nvjet_tst_64x32_64x16_2x1_2cta_v_bz_TNT,"[256, 256, 256, 256, 256, 256, 256, 256, 256, 256, 256, 256, 256, 256, 256, 256, 85, 85, 85, 85, 85, 85, 85, 85, 85, 85, 85, 85, 85, 85, 85, 85, 85, 85, 85, 85, 85, 85, 85, 85, 85, 85, 85, 85, 85, 85, 85, 85, 85, 85, 85, 85, 85, 85, 85, 85, 85, 85, 85, 85, 85, 85, 85, 101]",2.4.90,OK
b200,NVIDIA B200,fc1,balanced,64,128,8192,4096,1280,4096,2560,bf16,171798691840.0,1.019171829223633,3.437725448608398,4.456897277832031,168.56695496663193,99.94904736185065,7.491864665183641,4.442179882748918,nvjet_tst_64x64_64x16_2x2_2cta_h_bz_TNT,"[128, 128, 128, 128, 128, 128, 128, 128, 128, 128, 128, 128, 128, 128, 128, 128, 128, 128, 128, 128, 128, 128, 128, 128, 128, 128, 128, 128, 128, 128, 128, 128, 128, 128, 128, 128, 128, 128, 128, 128, 128, 128, 128, 128, 128, 128, 128, 128, 128, 128, 128, 128, 128, 128, 128, 128, 128, 128, 128, 128, 128, 128, 128, 128]",2.4.90,OK
b200,NVIDIA B200,fc1,skewed,64,128,8192,4096,1280,4096,2560,bf16,171798691840.0,1.0228832244873047,3.45277961730957,4.475662841796875,167.95533226787438,99.51326808043817,7.464681434127751,4.422811914686141,nvjet_tst_64x32_64x16_2x1_2cta_v_bz_TNT,"[256, 256, 256, 256, 256, 256, 256, 256, 256, 256, 256, 256, 256, 256, 256, 256, 85, 85, 85, 85, 85, 85, 85, 85, 85, 85, 85, 85, 85, 85, 85, 85, 85, 85, 85, 85, 85, 85, 85, 85, 85, 85, 85, 85, 85, 85, 85, 85, 85, 85, 85, 85, 85, 85, 85, 85, 85, 85, 85, 85, 85, 85, 85, 101]",2.4.90,OK
b200,NVIDIA B200,fc2,balanced,64,128,8192,4096,1280,1280,4096,bf16,85899345920.0,1.0151417541503907,3.4168748474121093,4.4320166015625,84.61807975960197,50.279480376671614,3.7608035448711985,2.2346435722965166,nvjet_tst_64x64_64x16_2x2_2cta_h_bz_TNT,"[128, 128, 128, 128, 128, 128, 128, 128, 128, 128, 128, 128, 128, 128, 128, 128, 128, 128, 128, 128, 128, 128, 128, 128, 128, 128, 128, 128, 128, 128, 128, 128, 128, 128, 128, 128, 128, 128, 128, 128, 128, 128, 128, 128, 128, 128, 128, 128, 128, 128, 128, 128, 128, 128, 128, 128, 128, 128, 128, 128, 128, 128, 128, 128]",2.4.90,OK
b200,NVIDIA B200,fc2,skewed,64,128,8192,4096,1280,1280,4096,bf16,85899345920.0,1.0220966339111328,3.410223922729492,4.432320556640625,84.04229411391312,50.37753993071953,3.735213071729472,2.2390017746986457,nvjet_tst_64x48_64x16_2x2_2cta_h_bz_TNT,"[256, 256, 256, 256, 256, 256, 256, 256, 256, 256, 256, 256, 256, 256, 256, 256, 85, 85, 85, 85, 85, 85, 85, 85, 85, 85, 85, 85, 85, 85, 85, 85, 85, 85, 85, 85, 85, 85, 85, 85, 85, 85, 85, 85, 85, 85, 85, 85, 85, 85, 85, 85, 85, 85, 85, 85, 85, 85, 85, 85, 85, 85, 85, 101]",2.4.90,OK
b200,NVIDIA B200,fc1,balanced,64,128,8192,6144,1536,6144,3072,bf16,309237645312.0,1.0210470581054687,3.4734143066406253,4.494461364746094,302.8632645842826,178.0597521699533,13.460589537079226,7.9137667631090345,nvjet_tst_64x64_64x16_2x2_2cta_h_bz_TNT,"[128, 128, 128, 128, 128, 128, 128, 128, 128, 128, 128, 128, 128, 128, 128, 128, 128, 128, 128, 128, 128, 128, 128, 128, 128, 128, 128, 128, 128, 128, 128, 128, 128, 128, 128, 128, 128, 128, 128, 128, 128, 128, 128, 128, 128, 128, 128, 128, 128, 128, 128, 128, 128, 128, 128, 128, 128, 128, 128, 128, 128, 128, 128, 128]",2.4.90,OK
b200,NVIDIA B200,fc1,skewed,64,128,8192,6144,1536,6144,3072,bf16,309237645312.0,1.0361798095703125,3.490447387695312,4.526627197265625,298.4401379527323,177.19083599548813,13.264006131232547,7.875148266466139,nvjet_tst_64x32_64x16_2x1_2cta_v_bz_TNT,"[256, 256, 256, 256, 256, 256, 256, 256, 256, 256, 256, 256, 256, 256, 256, 256, 85, 85, 85, 85, 85, 85, 85, 85, 85, 85, 85, 85, 85, 85, 85, 85, 85, 85, 85, 85, 85, 85, 85, 85, 85, 85, 85, 85, 85, 85, 85, 85, 85, 85, 85, 85, 85, 85, 85, 85, 85, 85, 85, 85, 85, 85, 85, 101]",2.4.90,OK
b200,NVIDIA B200,fc2,balanced,64,128,8192,6144,1536,1536,6144,bf16,154618822656.0,1.0286617279052734,3.6710361480712894,4.699697875976563,150.3106594340393,84.23715617032785,6.6804737526239695,3.743873607570127,nvjet_tst_96x64_64x15_2x2_2cta_h_bz_TNN,"[128, 128, 128, 128, 128, 128, 128, 128, 128, 128, 128, 128, 128, 128, 128, 128, 128, 128, 128, 128, 128, 128, 128, 128, 128, 128, 128, 128, 128, 128, 128, 128, 128, 128, 128, 128, 128, 128, 128, 128, 128, 128, 128, 128, 128, 128, 128, 128, 128, 128, 128, 128, 128, 128, 128, 128, 128, 128, 128, 128, 128, 128, 128, 128]",2.4.90,OK
b200,NVIDIA B200,fc2,skewed,64,128,8192,6144,1536,1536,6144,bf16,154618822656.0,1.0240767669677735,3.6173499298095697,4.641426696777343,150.9836250985525,85.48734607168055,6.710383337713444,3.7994376031858024,nvjet_tst_96x64_64x15_2x2_2cta_h_bz_TNN,"[256, 256, 256, 256, 256, 256, 256, 256, 256, 256, 256, 256, 256, 256, 256, 256, 85, 85, 85, 85, 85, 85, 85, 85, 85, 85, 85, 85, 85, 85, 85, 85, 85, 85, 85, 85, 85, 85, 85, 85, 85, 85, 85, 85, 85, 85, 85, 85, 85, 85, 85, 85, 85, 85, 85, 85, 85, 85, 85, 85, 85, 85, 85, 101]",2.4.90,OK
b200,NVIDIA B200,fc1,balanced,64,192,12288,1024,1280,1024,2560,bf16,64424509440.0,1.0471955108642579,3.401188583374023,4.448384094238281,61.520994667776975,37.88352680878992,2.7342664296789767,1.683712302612885,nvjet_tst_64x64_64x16_2x1_2cta_v_bz_TNT,"[192, 192, 192, 192, 192, 192, 192, 192, 192, 192, 192, 192, 192, 192, 192, 192, 192, 192, 192, 192, 192, 192, 192, 192, 192, 192, 192, 192, 192, 192, 192, 192, 192, 192, 192, 192, 192, 192, 192, 192, 192, 192, 192, 192, 192, 192, 192, 192, 192, 192, 192, 192, 192, 192, 192, 192, 192, 192, 192, 192, 192, 192, 192, 192]",2.4.90,OK
b200,NVIDIA B200,fc1,skewed,64,192,12288,1024,1280,1024,2560,bf16,64424509440.0,1.0203199768066407,3.4022618103027344,4.422581787109375,63.14147610990958,37.871576634643226,2.8062878271070923,1.683181183761921,nvjet_tst_48x64_64x16_4x2_2cta_h_bz_TNN,"[384, 384, 384, 384, 384, 384, 384, 384, 384, 384, 384, 384, 384, 384, 384, 384, 128, 128, 128, 128, 128, 128, 128, 128, 128, 128, 128, 128, 128, 128, 128, 128, 128, 128, 128, 128, 128, 128, 128, 128, 128, 128, 128, 128, 128, 128, 128, 128, 128, 128, 128, 128, 128, 128, 128, 128, 128, 128, 128, 128, 128, 128, 128, 128]",2.4.90,OK
b200,NVIDIA B200,fc2,balanced,64,192,12288,1024,1280,1280,1024,bf16,32212254720.0,1.0235801696777345,3.3979441833496096,4.421524353027344,31.47018247739379,18.959849239339743,1.3986747767730574,0.8426599661928774,nvjet_tst_64x24_64x16_1x4_h_bz_TNT,"[192, 192, 192, 192, 192, 192, 192, 192, 192, 192, 192, 192, 192, 192, 192, 192, 192, 192, 192, 192, 192, 192, 192, 192, 192, 192, 192, 192, 192, 192, 192, 192, 192, 192, 192, 192, 192, 192, 192, 192, 192, 192, 192, 192, 192, 192, 192, 192, 192, 192, 192, 192, 192, 192, 192, 192, 192, 192, 192, 192, 192, 192, 192, 192]",2.4.90,OK
b200,NVIDIA B200,fc2,skewed,64,192,12288,1024,1280,1280,1024,bf16,32212254720.0,1.0205689239501954,3.394260482788086,4.414829406738281,31.563037012061702,18.9804258590905,1.4028016449805203,0.8435744826262443,nvjet_tst_64x16_64x16_2x2_2cta_h_bz_TNT,"[384, 384, 384, 384, 384, 384, 384, 384, 384, 384, 384, 384, 384, 384, 384, 384, 128, 128, 128, 128, 128, 128, 128, 128, 128, 128, 128, 128, 128, 128, 128, 128, 128, 128, 128, 128, 128, 128, 128, 128, 128, 128, 128, 128, 128, 128, 128, 128, 128, 128, 128, 128, 128, 128, 128, 128, 128, 128, 128, 128, 128, 128, 128, 128]",2.4.90,OK
b200,NVIDIA B200,fc1,balanced,64,192,12288,2048,1280,2048,2560,bf16,128849018880.0,1.0159327697753906,3.423231964111328,4.439164733886718,126.82829288840327,75.27916321817193,5.636813017262368,3.345740587474308,nvjet_tst_64x64_64x16_2x1_2cta_v_bz_TNT,"[192, 192, 192, 192, 192, 192, 192, 192, 192, 192, 192, 192, 192, 192, 192, 192, 192, 192, 192, 192, 192, 192, 192, 192, 192, 192, 192, 192, 192, 192, 192, 192, 192, 192, 192, 192, 192, 192, 192, 192, 192, 192, 192, 192, 192, 192, 192, 192, 192, 192, 192, 192, 192, 192, 192, 192, 192, 192, 192, 192, 192, 192, 192, 192]",2.4.90,OK
b200,NVIDIA B200,fc1,skewed,64,192,12288,2048,1280,2048,2560,bf16,128849018880.0,1.0226860809326173,3.4112250518798826,4.4339111328125,125.99078180715907,75.54413263293371,5.5995903025404035,3.3575170059081647,nvjet_tst_48x64_64x16_4x2_2cta_h_bz_TNN,"[384, 384, 384, 384, 384, 384, 384, 384, 384, 384, 384, 384, 384, 384, 384, 384, 128, 128, 128, 128, 128, 128, 128, 128, 128, 128, 128, 128, 128, 128, 128, 128, 128, 128, 128, 128, 128, 128, 128, 128, 128, 128, 128, 128, 128, 128, 128, 128, 128, 128, 128, 128, 128, 128, 128, 128, 128, 128, 128, 128, 128, 128, 128, 128]",2.4.90,OK
b200,NVIDIA B200,fc2,balanced,64,192,12288,2048,1280,1280,2048,bf16,64424509440.0,1.0640460968017578,4.329843063354492,5.39388916015625,60.54672784726442,29.75835774984783,2.6909656821006407,1.3225936777710146,nvjet_tst_64x48_64x16_2x2_2cta_h_bz_TNT,"[192, 192, 192, 192, 192, 192, 192, 192, 192, 192, 192, 192, 192, 192, 192, 192, 192, 192, 192, 192, 192, 192, 192, 192, 192, 192, 192, 192, 192, 192, 192, 192, 192, 192, 192, 192, 192, 192, 192, 192, 192, 192, 192, 192, 192, 192, 192, 192, 192, 192, 192, 192, 192, 192, 192, 192, 192, 192, 192, 192, 192, 192, 192, 192]",2.4.90,OK
b200,NVIDIA B200,fc2,skewed,64,192,12288,2048,1280,1280,2048,bf16,64424509440.0,1.0326316833496094,3.4555418395996096,4.488173522949219,62.388662365096486,37.2876454289813,2.7728294384487326,1.6572286857325023,nvjet_tst_64x32_64x16_2x2_2cta_h_bz_TNT,"[384, 384, 384, 384, 384, 384, 384, 384, 384, 384, 384, 384, 384, 384, 384, 384, 128, 128, 128, 128, 128, 128, 128, 128, 128, 128, 128, 128, 128, 128, 128, 128, 128, 128, 128, 128, 128, 128, 128, 128, 128, 128, 128, 128, 128, 128, 128, 128, 128, 128, 128, 128, 128, 128, 128, 128, 128, 128, 128, 128, 128, 128, 128, 128]",2.4.90,OK
b200,NVIDIA B200,fc1,balanced,64,192,12288,2560,1600,2560,3200,bf16,201326592000.0,1.0266989135742188,3.452852478027344,4.479551391601563,196.09117077871178,116.61465022393328,8.715163145720524,5.182873343285923,nvjet_tst_64x96_64x15_2x2_2cta_h_bz_TNT,"[192, 192, 192, 192, 192, 192, 192, 192, 192, 192, 192, 192, 192, 192, 192, 192, 192, 192, 192, 192, 192, 192, 192, 192, 192, 192, 192, 192, 192, 192, 192, 192, 192, 192, 192, 192, 192, 192, 192, 192, 192, 192, 192, 192, 192, 192, 192, 192, 192, 192, 192, 192, 192, 192, 192, 192, 192, 192, 192, 192, 192, 192, 192, 192]",2.4.90,OK
b200,NVIDIA B200,fc1,skewed,64,192,12288,2560,1600,2560,3200,bf16,201326592000.0,1.02890625,3.5092895507812503,4.53819580078125,195.67049184510253,114.73923088231918,8.696466304226778,5.099521372547518,nvjet_tst_48x64_64x16_1x2_2cta_h_bz_TNN,"[384, 384, 384, 384, 384, 384, 384, 384, 384, 384, 384, 384, 384, 384, 384, 384, 128, 128, 128, 128, 128, 128, 128, 128, 128, 128, 128, 128, 128, 128, 128, 128, 128, 128, 128, 128, 128, 128, 128, 128, 128, 128, 128, 128, 128, 128, 128, 128, 128, 128, 128, 128, 128, 128, 128, 128, 128, 128, 128, 128, 128, 128, 128, 128]",2.4.90,OK
b200,NVIDIA B200,fc2,balanced,64,192,12288,2560,1600,1600,2560,bf16,100663296000.0,1.032297592163086,3.44271858215332,4.475016174316406,97.51383396048537,58.478957020668275,4.333948176021572,2.599064756474146,nvjet_tst_64x64_64x16_2x1_2cta_v_bz_TNT,"[192, 192, 192, 192, 192, 192, 192, 192, 192, 192, 192, 192, 192, 192, 192, 192, 192, 192, 192, 192, 192, 192, 192, 192, 192, 192, 192, 192, 192, 192, 192, 192, 192, 192, 192, 192, 192, 192, 192, 192, 192, 192, 192, 192, 192, 192, 192, 192, 192, 192, 192, 192, 192, 192, 192, 192, 192, 192, 192, 192, 192, 192, 192, 192]",2.4.90,OK
b200,NVIDIA B200,fc2,skewed,64,192,12288,2560,1600,1600,2560,bf16,100663296000.0,1.027589111328125,3.459863586425781,4.487452697753906,97.96064875570353,58.189170460324654,4.353806611364601,2.586185353792207,nvjet_tst_48x64_64x16_4x2_2cta_h_bz_TNN,"[384, 384, 384, 384, 384, 384, 384, 384, 384, 384, 384, 384, 384, 384, 384, 384, 128, 128, 128, 128, 128, 128, 128, 128, 128, 128, 128, 128, 128, 128, 128, 128, 128, 128, 128, 128, 128, 128, 128, 128, 128, 128, 128, 128, 128, 128, 128, 128, 128, 128, 128, 128, 128, 128, 128, 128, 128, 128, 128, 128, 128, 128, 128, 128]",2.4.90,OK
b200,NVIDIA B200,fc1,balanced,64,192,12288,4096,1280,4096,2560,bf16,257698037760.0,1.028431396484375,3.481523742675781,4.509955139160156,250.57387263839257,148.03750128209208,11.136616561706337,6.579444501426315,nvjet_tst_64x64_64x16_2x1_2cta_v_bz_TNT,"[192, 192, 192, 192, 192, 192, 192, 192, 192, 192, 192, 192, 192, 192, 192, 192, 192, 192, 192, 192, 192, 192, 192, 192, 192, 192, 192, 192, 192, 192, 192, 192, 192, 192, 192, 192, 192, 192, 192, 192, 192, 192, 192, 192, 192, 192, 192, 192, 192, 192, 192, 192, 192, 192, 192, 192, 192, 192, 192, 192, 192, 192, 192, 192]",2.4.90,OK
b200,NVIDIA B200,fc1,skewed,64,192,12288,4096,1280,4096,2560,bf16,257698037760.0,1.0266111755371095,3.458705291748047,4.485316467285156,251.01814971493542,149.01416340665332,11.156362209552686,6.622851706962369,nvjet_tst_64x64_64x16_2x2_2cta_h_bz_TNT,"[384, 384, 384, 384, 384, 384, 384, 384, 384, 384, 384, 384, 384, 384, 384, 384, 128, 128, 128, 128, 128, 128, 128, 128, 128, 128, 128, 128, 128, 128, 128, 128, 128, 128, 128, 128, 128, 128, 128, 128, 128, 128, 128, 128, 128, 128, 128, 128, 128, 128, 128, 128, 128, 128, 128, 128, 128, 128, 128, 128, 128, 128, 128, 128]",2.4.90,OK
b200,NVIDIA B200,fc2,balanced,64,192,12288,4096,1280,1280,4096,bf16,128849018880.0,1.0254176330566407,3.420047454833984,4.445465087890625,125.65516207861309,75.3492579162207,5.584673870160581,3.3488559073875863,nvjet_tst_64x96_64x15_2x2_2cta_h_bz_TNT,"[192, 192, 192, 192, 192, 192, 192, 192, 192, 192, 192, 192, 192, 192, 192, 192, 192, 192, 192, 192, 192, 192, 192, 192, 192, 192, 192, 192, 192, 192, 192, 192, 192, 192, 192, 192, 192, 192, 192, 192, 192, 192, 192, 192, 192, 192, 192, 192, 192, 192, 192, 192, 192, 192, 192, 192, 192, 192, 192, 192, 192, 192, 192, 192]",2.4.90,OK
b200,NVIDIA B200,fc2,skewed,64,192,12288,4096,1280,1280,4096,bf16,128849018880.0,1.0160237121582032,3.4305720520019527,4.446595764160156,126.81694072503807,75.11809513215648,5.636308476668358,3.3385820058736217,nvjet_tst_64x64_64x16_2x2_2cta_h_bz_TNT,"[384, 384, 384, 384, 384, 384, 384, 384, 384, 384, 384, 384, 384, 384, 384, 384, 128, 128, 128, 128, 128, 128, 128, 128, 128, 128, 128, 128, 128, 128, 128, 128, 128, 128, 128, 128, 128, 128, 128, 128, 128, 128, 128, 128, 128, 128, 128, 128, 128, 128, 128, 128, 128, 128, 128, 128, 128, 128, 128, 128, 128, 128, 128, 128]",2.4.90,OK
b200,NVIDIA B200,fc1,balanced,64,192,12288,6144,1536,6144,3072,bf16,463856467968.0,1.0253241729736329,3.4929286956787102,4.518252868652343,452.39981675525024,265.59744465546163,20.106658522455565,11.804330873576072,nvjet_tst_64x64_64x16_2x1_2cta_v_bz_TNT,"[192, 192, 192, 192, 192, 192, 192, 192, 192, 192, 192, 192, 192, 192, 192, 192, 192, 192, 192, 192, 192, 192, 192, 192, 192, 192, 192, 192, 192, 192, 192, 192, 192, 192, 192, 192, 192, 192, 192, 192, 192, 192, 192, 192, 192, 192, 192, 192, 192, 192, 192, 192, 192, 192, 192, 192, 192, 192, 192, 192, 192, 192, 192, 192]",2.4.90,OK
b200,NVIDIA B200,fc1,skewed,64,192,12288,6144,1536,6144,3072,bf16,463856467968.0,1.0311007690429688,3.5020114135742184,4.533112182617187,449.865310835269,264.9085986242286,19.994013814900843,11.77371549441016,nvjet_tst_64x64_64x16_2x2_2cta_h_bz_TNT,"[384, 384, 384, 384, 384, 384, 384, 384, 384, 384, 384, 384, 384, 384, 384, 384, 128, 128, 128, 128, 128, 128, 128, 128, 128, 128, 128, 128, 128, 128, 128, 128, 128, 128, 128, 128, 128, 128, 128, 128, 128, 128, 128, 128, 128, 128, 128, 128, 128, 128, 128, 128, 128, 128, 128, 128, 128, 128, 128, 128, 128, 128, 128, 128]",2.4.90,OK
b200,NVIDIA B200,fc2,balanced,64,192,12288,6144,1536,1536,6144,bf16,231928233984.0,1.0258258819580077,3.4626113128662106,4.488437194824218,226.0892789537689,133.96146031303704,10.048412397945285,5.953842680579424,nvjet_tst_128x64_64x10_2x1_2cta_v_bz_TNT,"[192, 192, 192, 192, 192, 192, 192, 192, 192, 192, 192, 192, 192, 192, 192, 192, 192, 192, 192, 192, 192, 192, 192, 192, 192, 192, 192, 192, 192, 192, 192, 192, 192, 192, 192, 192, 192, 192, 192, 192, 192, 192, 192, 192, 192, 192, 192, 192, 192, 192, 192, 192, 192, 192, 192, 192, 192, 192, 192, 192, 192, 192, 192, 192]",2.4.90,OK
b200,NVIDIA B200,fc2,skewed,64,192,12288,6144,1536,1536,6144,bf16,231928233984.0,1.0233830261230468,3.686230926513672,4.709613952636719,226.62896302143088,125.83489130636254,10.072398356508039,5.592661835838335,nvjet_tst_96x64_64x15_2x2_2cta_h_bz_TNN,"[384, 384, 384, 384, 384, 384, 384, 384, 384, 384, 384, 384, 384, 384, 384, 384, 128, 128, 128, 128, 128, 128, 128, 128, 128, 128, 128, 128, 128, 128, 128, 128, 128, 128, 128, 128, 128, 128, 128, 128, 128, 128, 128, 128, 128, 128, 128, 128, 128, 128, 128, 128, 128, 128, 128, 128, 128, 128, 128, 128, 128, 128, 128, 128]",2.4.90,OK
b200,NVIDIA B200,fc1,balanced,64,256,16384,1024,1280,1024,2560,bf16,85899345920.0,1.0212505340576172,3.4193433380126956,4.440593872070313,84.11192264321862,50.243182639813085,3.738307673031939,2.2330303395472484,nvjet_tst_80x64_64x16_2x2_2cta_h_bz_TNN,"[256, 256, 256, 256, 256, 256, 256, 256, 256, 256, 256, 256, 256, 256, 256, 256, 256, 256, 256, 256, 256, 256, 256, 256, 256, 256, 256, 256, 256, 256, 256, 256, 256, 256, 256, 256, 256, 256, 256, 256, 256, 256, 256, 256, 256, 256, 256, 256, 256, 256, 256, 256, 256, 256, 256, 256, 256, 256, 256, 256, 256, 256, 256, 256]",2.4.90,OK
b200,NVIDIA B200,fc1,skewed,64,256,16384,1024,1280,1024,2560,bf16,85899345920.0,1.0276467132568359,3.4236447906494147,4.45129150390625,83.58840135611031,50.180057320552905,3.7150400602715696,2.2302247698023514,nvjet_tst_64x64_64x16_2x1_2cta_v_bz_TNT,"[512, 512, 512, 512, 512, 512, 512, 512, 512, 512, 512, 512, 512, 512, 512, 512, 170, 170, 170, 170, 170, 170, 170, 170, 170, 170, 170, 170, 170, 170, 170, 170, 170, 170, 170, 170, 170, 170, 170, 170, 170, 170, 170, 170, 170, 170, 170, 170, 170, 170, 170, 170, 170, 170, 170, 170, 170, 170, 170, 170, 170, 170, 170, 202]",2.4.90,OK
b200,NVIDIA B200,fc2,balanced,64,256,16384,1024,1280,1280,1024,bf16,42949672960.0,1.0180544281005859,3.409745254516602,4.427799682617188,42.18799287591379,25.192306025271648,1.8750219055961688,1.1196580455676286,nvjet_tst_64x32_64x16_2x2_2cta_h_bz_TNT,"[256, 256, 256, 256, 256, 256, 256, 256, 256, 256, 256, 256, 256, 256, 256, 256, 256, 256, 256, 256, 256, 256, 256, 256, 256, 256, 256, 256, 256, 256, 256, 256, 256, 256, 256, 256, 256, 256, 256, 256, 256, 256, 256, 256, 256, 256, 256, 256, 256, 256, 256, 256, 256, 256, 256, 256, 256, 256, 256, 256, 256, 256, 256, 256]",2.4.90,OK
b200,NVIDIA B200,fc2,skewed,64,256,16384,1024,1280,1280,1024,bf16,42949672960.0,1.0177708435058594,3.429675445556641,4.4474462890625,42.19974784505873,25.045910985917914,1.8755443486692769,1.1131515993741294,nvjet_tst_64x24_64x16_1x4_h_bz_TNT,"[512, 512, 512, 512, 512, 512, 512, 512, 512, 512, 512, 512, 512, 512, 512, 512, 170, 170, 170, 170, 170, 170, 170, 170, 170, 170, 170, 170, 170, 170, 170, 170, 170, 170, 170, 170, 170, 170, 170, 170, 170, 170, 170, 170, 170, 170, 170, 170, 170, 170, 170, 170, 170, 170, 170, 170, 170, 170, 170, 170, 170, 170, 170, 202]",2.4.90,OK
b200,NVIDIA B200,fc1,balanced,64,256,16384,2048,1280,2048,2560,bf16,171798691840.0,1.016184310913086,3.4475385284423825,4.463722839355468,169.06253127017024,99.66455221466059,7.513890278674234,4.429535653984915,nvjet_tst_80x64_64x16_2x2_2cta_h_bz_TNN,"[256, 256, 256, 256, 256, 256, 256, 256, 256, 256, 256, 256, 256, 256, 256, 256, 256, 256, 256, 256, 256, 256, 256, 256, 256, 256, 256, 256, 256, 256, 256, 256, 256, 256, 256, 256, 256, 256, 256, 256, 256, 256, 256, 256, 256, 256, 256, 256, 256, 256, 256, 256, 256, 256, 256, 256, 256, 256, 256, 256, 256, 256, 256, 256]",2.4.90,OK
b200,NVIDIA B200,fc1,skewed,64,256,16384,2048,1280,2048,2560,bf16,171798691840.0,1.0243603515625,3.479143676757813,4.503504028320313,167.71314076921098,98.7591820295837,7.453917367520488,4.389296979092609,nvjet_tst_64x64_64x16_2x1_2cta_v_bz_TNT,"[512, 512, 512, 512, 512, 512, 512, 512, 512, 512, 512, 512, 512, 512, 512, 512, 170, 170, 170, 170, 170, 170, 170, 170, 170, 170, 170, 170, 170, 170, 170, 170, 170, 170, 170, 170, 170, 170, 170, 170, 170, 170, 170, 170, 170, 170, 170, 170, 170, 170, 170, 170, 170, 170, 170, 170, 170, 170, 170, 170, 170, 170, 170, 202]",2.4.90,OK
b200,NVIDIA B200,fc2,balanced,64,256,16384,2048,1280,1280,2048,bf16,85899345920.0,1.0199807739257813,3.434783935546875,4.454764709472657,84.21663242669166,50.01732134066441,3.742961441186296,2.222992059585085,nvjet_tst_64x64_64x16_2x2_2cta_h_bz_TNT,"[256, 256, 256, 256, 256, 256, 256, 256, 256, 256, 256, 256, 256, 256, 256, 256, 256, 256, 256, 256, 256, 256, 256, 256, 256, 256, 256, 256, 256, 256, 256, 256, 256, 256, 256, 256, 256, 256, 256, 256, 256, 256, 256, 256, 256, 256, 256, 256, 256, 256, 256, 256, 256, 256, 256, 256, 256, 256, 256, 256, 256, 256, 256, 256]",2.4.90,OK
b200,NVIDIA B200,fc2,skewed,64,256,16384,2048,1280,1280,2048,bf16,85899345920.0,1.0207430267333983,3.418921585083008,4.439664611816406,84.15374258778603,50.24938056186185,3.740166337234934,2.2333058027494155,nvjet_tst_64x48_64x16_2x2_2cta_h_bz_TNT,"[512, 512, 512, 512, 512, 512, 512, 512, 512, 512, 512, 512, 512, 512, 512, 512, 170, 170, 170, 170, 170, 170, 170, 170, 170, 170, 170, 170, 170, 170, 170, 170, 170, 170, 170, 170, 170, 170, 170, 170, 170, 170, 170, 170, 170, 170, 170, 170, 170, 170, 170, 170, 170, 170, 170, 170, 170, 170, 170, 170, 170, 170, 170, 202]",2.4.90,OK
b200,NVIDIA B200,fc1,balanced,64,256,16384,2560,1600,2560,3200,bf16,268435456000.0,1.018344955444336,3.4259571075439457,4.444302062988282,263.59973068543667,156.70683991279753,11.715543586019407,6.964748440568779,nvjet_tst_96x64_64x15_1x2_2cta_h_bz_TNN,"[256, 256, 256, 256, 256, 256, 256, 256, 256, 256, 256, 256, 256, 256, 256, 256, 256, 256, 256, 256, 256, 256, 256, 256, 256, 256, 256, 256, 256, 256, 256, 256, 256, 256, 256, 256, 256, 256, 256, 256, 256, 256, 256, 256, 256, 256, 256, 256, 256, 256, 256, 256, 256, 256, 256, 256, 256, 256, 256, 256, 256, 256, 256, 256]",2.4.90,OK
b200,NVIDIA B200,fc1,skewed,64,256,16384,2560,1600,2560,3200,bf16,268435456000.0,1.0264383697509765,3.45133903503418,4.477777404785156,261.5212602244448,155.5543823861637,11.623167121086436,6.91352810605172,nvjet_tst_64x96_64x15_2x2_2cta_h_bz_TNT,"[512, 512, 512, 512, 512, 512, 512, 512, 512, 512, 512, 512, 512, 512, 512, 512, 170, 170, 170, 170, 170, 170, 170, 170, 170, 170, 170, 170, 170, 170, 170, 170, 170, 170, 170, 170, 170, 170, 170, 170, 170, 170, 170, 170, 170, 170, 170, 170, 170, 170, 170, 170, 170, 170, 170, 170, 170, 170, 170, 170, 170, 170, 170, 202]",2.4.90,OK
b200,NVIDIA B200,fc2,balanced,64,256,16384,2560,1600,1600,2560,bf16,134217728000.0,1.0222367858886718,3.4804890441894534,4.502725830078125,131.29808069205717,77.12578680520285,5.835470252980318,3.4278127468979047,nvjet_tst_80x64_64x16_2x2_2cta_h_bz_TNN,"[256, 256, 256, 256, 256, 256, 256, 256, 256, 256, 256, 256, 256, 256, 256, 256, 256, 256, 256, 256, 256, 256, 256, 256, 256, 256, 256, 256, 256, 256, 256, 256, 256, 256, 256, 256, 256, 256, 256, 256, 256, 256, 256, 256, 256, 256, 256, 256, 256, 256, 256, 256, 256, 256, 256, 256, 256, 256, 256, 256, 256, 256, 256, 256]",2.4.90,OK
b200,NVIDIA B200,fc2,skewed,64,256,16384,2560,1600,1600,2560,bf16,134217728000.0,1.0266732788085937,3.4548690795898436,4.481542358398437,130.7307112889442,77.69772162592865,5.810253835064187,3.4532320722634955,nvjet_tst_64x64_64x16_2x1_2cta_v_bz_TNT,"[512, 512, 512, 512, 512, 512, 512, 512, 512, 512, 512, 512, 512, 512, 512, 512, 170, 170, 170, 170, 170, 170, 170, 170, 170, 170, 170, 170, 170, 170, 170, 170, 170, 170, 170, 170, 170, 170, 170, 170, 170, 170, 170, 170, 170, 170, 170, 170, 170, 170, 170, 170, 170, 170, 170, 170, 170, 170, 170, 170, 170, 170, 170, 202]",2.4.90,OK
b200,NVIDIA B200,fc1,balanced,64,256,16384,4096,1280,4096,2560,bf16,343597383680.0,1.0259283447265626,3.4603851318359373,4.4863134765625,334.91362768768994,198.58909953049152,14.885050119452886,8.826182201355179,nvjet_tst_80x64_64x16_2x2_2cta_h_bz_TNN,"[256, 256, 256, 256, 256, 256, 256, 256, 256, 256, 256, 256, 256, 256, 256, 256, 256, 256, 256, 256, 256, 256, 256, 256, 256, 256, 256, 256, 256, 256, 256, 256, 256, 256, 256, 256, 256, 256, 256, 256, 256, 256, 256, 256, 256, 256, 256, 256, 256, 256, 256, 256, 256, 256, 256, 256, 256, 256, 256, 256, 256, 256, 256, 256]",2.4.90,OK
b200,NVIDIA B200,fc1,skewed,64,256,16384,4096,1280,4096,2560,bf16,343597383680.0,1.0326246643066406,3.4469114685058595,4.4795361328125,332.74179433890407,199.3653662529023,14.788524192840182,8.860682944573437,nvjet_tst_64x64_64x16_2x1_2cta_v_bz_TNT,"[512, 512, 512, 512, 512, 512, 512, 512, 512, 512, 512, 512, 512, 512, 512, 512, 170, 170, 170, 170, 170, 170, 170, 170, 170, 170, 170, 170, 170, 170, 170, 170, 170, 170, 170, 170, 170, 170, 170, 170, 170, 170, 170, 170, 170, 170, 170, 170, 170, 170, 170, 170, 170, 170, 170, 170, 170, 170, 170, 170, 170, 170, 170, 202]",2.4.90,OK
b200,NVIDIA B200,fc2,balanced,64,256,16384,4096,1280,1280,4096,bf16,171798691840.0,1.0228959655761718,3.4196992492675777,4.44259521484375,167.95324023321385,100.47590698322105,7.464588454809504,4.465595865920935,nvjet_tst_112x64_64x14_1x2_2cta_h_bz_TNN,"[256, 256, 256, 256, 256, 256, 256, 256, 256, 256, 256, 256, 256, 256, 256, 256, 256, 256, 256, 256, 256, 256, 256, 256, 256, 256, 256, 256, 256, 256, 256, 256, 256, 256, 256, 256, 256, 256, 256, 256, 256, 256, 256, 256, 256, 256, 256, 256, 256, 256, 256, 256, 256, 256, 256, 256, 256, 256, 256, 256, 256, 256, 256, 256]",2.4.90,OK
b200,NVIDIA B200,fc2,skewed,64,256,16384,4096,1280,1280,4096,bf16,171798691840.0,1.0198611450195312,4.345730895996094,5.365592041015625,168.45302194222717,79.06549942992808,7.486800975210096,3.5140221968856924,nvjet_tst_64x96_64x15_2x2_2cta_h_bz_TNT,"[512, 512, 512, 512, 512, 512, 512, 512, 512, 512, 512, 512, 512, 512, 512, 512, 170, 170, 170, 170, 170, 170, 170, 170, 170, 170, 170, 170, 170, 170, 170, 170, 170, 170, 170, 170, 170, 170, 170, 170, 170, 170, 170, 170, 170, 170, 170, 170, 170, 170, 170, 170, 170, 170, 170, 170, 170, 170, 170, 170, 170, 170, 170, 202]",2.4.90,OK
b200,NVIDIA B200,fc1,balanced,64,256,16384,6144,1536,6144,3072,bf16,618475290624.0,1.4596409606933594,4.317545318603516,5.777186279296875,423.71741221225494,286.4939427313491,18.831884987211332,12.733064121393292,nvjet_tst_96x64_64x15_2x2_2cta_h_bz_TNN,"[256, 256, 256, 256, 256, 256, 256, 256, 256, 256, 256, 256, 256, 256, 256, 256, 256, 256, 256, 256, 256, 256, 256, 256, 256, 256, 256, 256, 256, 256, 256, 256, 256, 256, 256, 256, 256, 256, 256, 256, 256, 256, 256, 256, 256, 256, 256, 256, 256, 256, 256, 256, 256, 256, 256, 256, 256, 256, 256, 256, 256, 256, 256, 256]",2.4.90,OK
b200,NVIDIA B200,fc1,skewed,64,256,16384,6144,1536,6144,3072,bf16,618475290624.0,1.4791673278808595,3.0744242858886714,4.553591613769531,418.12395323121655,402.33567856118333,18.58328681027629,17.88158571383037,nvjet_tst_64x64_64x16_2x1_2cta_v_bz_TNT,"[512, 512, 512, 512, 512, 512, 512, 512, 512, 512, 512, 512, 512, 512, 512, 512, 170, 170, 170, 170, 170, 170, 170, 170, 170, 170, 170, 170, 170, 170, 170, 170, 170, 170, 170, 170, 170, 170, 170, 170, 170, 170, 170, 170, 170, 170, 170, 170, 170, 170, 170, 170, 170, 170, 170, 170, 170, 170, 170, 170, 170, 170, 170, 202]",2.4.90,OK
b200,NVIDIA B200,fc2,balanced,64,256,16384,6144,1536,1536,6144,bf16,309237645312.0,1.3915397644042968,4.32786148071289,5.719401245117187,222.2269555080816,142.9055188989376,9.87675357813696,6.351356395508338,nvjet_tst_96x128_64x9_2x2_2cta_h_bz_TNN,"[256, 256, 256, 256, 256, 256, 256, 256, 256, 256, 256, 256, 256, 256, 256, 256, 256, 256, 256, 256, 256, 256, 256, 256, 256, 256, 256, 256, 256, 256, 256, 256, 256, 256, 256, 256, 256, 256, 256, 256, 256, 256, 256, 256, 256, 256, 256, 256, 256, 256, 256, 256, 256, 256, 256, 256, 256, 256, 256, 256, 256, 256, 256, 256]",2.4.90,OK
b200,NVIDIA B200,fc2,skewed,64,256,16384,6144,1536,1536,6144,bf16,309237645312.0,1.5370144653320312,2.9755615234375,4.512575988769531,201.19371176197575,207.85162254333432,8.9419427449767,9.237849890814857,nvjet_tst_128x64_64x10_2x1_2cta_v_bz_TNT,"[512, 512, 512, 512, 512, 512, 512, 512, 512, 512, 512, 512, 512, 512, 512, 512, 170, 170, 170, 170, 170, 170, 170, 170, 170, 170, 170, 170, 170, 170, 170, 170, 170, 170, 170, 170, 170, 170, 170, 170, 170, 170, 170, 170, 170, 170, 170, 170, 170, 170, 170, 170, 170, 170, 170, 170, 170, 170, 170, 170, 170, 170, 170, 202]",2.4.90,OK
b200,NVIDIA B200,fc1,balanced,64,512,32768,1024,1280,1024,2560,bf16,171798691840.0,1.0243840026855469,3.444451141357422,4.468835144042969,167.7092685844458,99.75388518490986,7.453745270419812,4.433506008218217,nvjet_tst_80x128_64x10_2x2_2cta_h_bz_TNN,"[512, 512, 512, 512, 512, 512, 512, 512, 512, 512, 512, 512, 512, 512, 512, 512, 512, 512, 512, 512, 512, 512, 512, 512, 512, 512, 512, 512, 512, 512, 512, 512, 512, 512, 512, 512, 512, 512, 512, 512, 512, 512, 512, 512, 512, 512, 512, 512, 512, 512, 512, 512, 512, 512, 512, 512, 512, 512, 512, 512, 512, 512, 512, 512]",2.4.90,OK
b200,NVIDIA B200,fc1,skewed,64,512,32768,1024,1280,1024,2560,bf16,171798691840.0,1.0309677124023438,3.6352197265625,4.666187438964844,166.63828534423988,94.51901384924236,7.406146015299551,4.200845059966327,nvjet_tst_112x64_64x14_1x2_2cta_h_bz_TNN,"[1024, 1024, 1024, 1024, 1024, 1024, 1024, 1024, 1024, 1024, 1024, 1024, 1024, 1024, 1024, 1024, 341, 341, 341, 341, 341, 341, 341, 341, 341, 341, 341, 341, 341, 341, 341, 341, 341, 341, 341, 341, 341, 341, 341, 341, 341, 341, 341, 341, 341, 341, 341, 341, 341, 341, 341, 341, 341, 341, 341, 341, 341, 341, 341, 341, 341, 341, 341, 357]",2.4.90,OK
b200,NVIDIA B200,fc2,balanced,64,512,32768,1024,1280,1280,1024,bf16,85899345920.0,1.022598419189453,3.4365522766113283,4.459150695800782,84.00105486969831,49.991584009717165,3.733380216431036,2.2218481782096515,nvjet_tst_64x64_64x16_2x2_2cta_h_bz_TNT,"[512, 512, 512, 512, 512, 512, 512, 512, 512, 512, 512, 512, 512, 512, 512, 512, 512, 512, 512, 512, 512, 512, 512, 512, 512, 512, 512, 512, 512, 512, 512, 512, 512, 512, 512, 512, 512, 512, 512, 512, 512, 512, 512, 512, 512, 512, 512, 512, 512, 512, 512, 512, 512, 512, 512, 512, 512, 512, 512, 512, 512, 512, 512, 512]",2.4.90,OK
b200,NVIDIA B200,fc2,skewed,64,512,32768,1024,1280,1280,1024,bf16,85899345920.0,1.0297574615478515,3.4676512908935546,4.497408752441406,83.41706579225246,49.54324337373912,3.7074251463223313,2.2019219277217386,nvjet_tst_48x64_64x16_2x2_2cta_h_bz_TNN,"[1024, 1024, 1024, 1024, 1024, 1024, 1024, 1024, 1024, 1024, 1024, 1024, 1024, 1024, 1024, 1024, 341, 341, 341, 341, 341, 341, 341, 341, 341, 341, 341, 341, 341, 341, 341, 341, 341, 341, 341, 341, 341, 341, 341, 341, 341, 341, 341, 341, 341, 341, 341, 341, 341, 341, 341, 341, 341, 341, 341, 341, 341, 341, 341, 341, 341, 341, 341, 357]",2.4.90,OK
b200,NVIDIA B200,fc1,balanced,64,512,32768,2048,1280,2048,2560,bf16,343597383680.0,1.0272140502929688,3.4209375,4.448151550292969,334.4944352951593,200.87907696647486,14.866419346451524,8.927958976287771,nvjet_tst_80x128_64x10_2x2_2cta_h_bz_TNN,"[512, 512, 512, 512, 512, 512, 512, 512, 512, 512, 512, 512, 512, 512, 512, 512, 512, 512, 512, 512, 512, 512, 512, 512, 512, 512, 512, 512, 512, 512, 512, 512, 512, 512, 512, 512, 512, 512, 512, 512, 512, 512, 512, 512, 512, 512, 512, 512, 512, 512, 512, 512, 512, 512, 512, 512, 512, 512, 512, 512, 512, 512, 512, 512]",2.4.90,OK
b200,NVIDIA B200,fc1,skewed,64,512,32768,2048,1280,2048,2560,bf16,343597383680.0,1.0227085113525392,3.455582809448242,4.478291320800781,335.968049415752,198.86508448909822,14.931913307366754,8.838448199515478,nvjet_tst_112x64_64x14_1x2_2cta_h_bz_TNN,"[1024, 1024, 1024, 1024, 1024, 1024, 1024, 1024, 1024, 1024, 1024, 1024, 1024, 1024, 1024, 1024, 341, 341, 341, 341, 341, 341, 341, 341, 341, 341, 341, 341, 341, 341, 341, 341, 341, 341, 341, 341, 341, 341, 341, 341, 341, 341, 341, 341, 341, 341, 341, 341, 341, 341, 341, 341, 341, 341, 341, 341, 341, 341, 341, 341, 341, 341, 341, 357]",2.4.90,OK
b200,NVIDIA B200,fc2,balanced,64,512,32768,2048,1280,1280,2048,bf16,171798691840.0,1.0251744079589844,3.4119486999511714,4.437123107910156,167.57996542464744,100.70414707141325,7.447998463317664,4.475739869840589,nvjet_tst_128x64_64x10_2x2_2cta_h_bz_TNT,"[512, 512, 512, 512, 512, 512, 512, 512, 512, 512, 512, 512, 512, 512, 512, 512, 512, 512, 512, 512, 512, 512, 512, 512, 512, 512, 512, 512, 512, 512, 512, 512, 512, 512, 512, 512, 512, 512, 512, 512, 512, 512, 512, 512, 512, 512, 512, 512, 512, 512, 512, 512, 512, 512, 512, 512, 512, 512, 512, 512, 512, 512, 512, 512]",2.4.90,OK
b200,NVIDIA B200,fc2,skewed,64,512,32768,2048,1280,1280,2048,bf16,171798691840.0,1.0241158294677735,3.467627029418945,4.4917428588867185,167.75318464639173,99.08718001242917,7.455697095395188,4.403874667219075,nvjet_tst_96x64_64x15_2x2_2cta_h_bz_TNN,"[1024, 1024, 1024, 1024, 1024, 1024, 1024, 1024, 1024, 1024, 1024, 1024, 1024, 1024, 1024, 1024, 341, 341, 341, 341, 341, 341, 341, 341, 341, 341, 341, 341, 341, 341, 341, 341, 341, 341, 341, 341, 341, 341, 341, 341, 341, 341, 341, 341, 341, 341, 341, 341, 341, 341, 341, 341, 341, 341, 341, 341, 341, 341, 341, 341, 341, 341, 341, 357]",2.4.90,OK
b200,NVIDIA B200,fc1,balanced,64,512,32768,2560,1600,2560,3200,bf16,536870912000.0,1.0266297912597657,3.446591339111328,4.473221130371094,522.9449959183552,311.5373185719356,23.241999818593566,13.846103047641583,nvjet_tst_88x128_64x8_1x2_h_bz_TNN,"[512, 512, 512, 512, 512, 512, 512, 512, 512, 512, 512, 512, 512, 512, 512, 512, 512, 512, 512, 512, 512, 512, 512, 512, 512, 512, 512, 512, 512, 512, 512, 512, 512, 512, 512, 512, 512, 512, 512, 512, 512, 512, 512, 512, 512, 512, 512, 512, 512, 512, 512, 512, 512, 512, 512, 512, 512, 512, 512, 512, 512, 512, 512, 512]",2.4.90,OK
b200,NVIDIA B200,fc1,skewed,64,512,32768,2560,1600,2560,3200,bf16,536870912000.0,1.029024658203125,3.4626925659179686,4.491717224121094,521.7279369548635,310.08869645791043,23.187908309105044,13.781719842573798,nvjet_tst_80x128_64x8_4x1_v_bz_TNN,"[1024, 1024, 1024, 1024, 1024, 1024, 1024, 1024, 1024, 1024, 1024, 1024, 1024, 1024, 1024, 1024, 341, 341, 341, 341, 341, 341, 341, 341, 341, 341, 341, 341, 341, 341, 341, 341, 341, 341, 341, 341, 341, 341, 341, 341, 341, 341, 341, 341, 341, 341, 341, 341, 341, 341, 341, 341, 341, 341, 341, 341, 341, 341, 341, 341, 341, 341, 341, 357]",2.4.90,OK
b200,NVIDIA B200,fc2,balanced,64,512,32768,2560,1600,1600,2560,bf16,268435456000.0,1.0241094207763672,3.5430194854736325,4.56712890625,262.1159912741568,151.52920106738586,11.649599612184746,6.734631158550482,nvjet_tst_80x128_64x10_2x2_2cta_h_bz_TNN,"[512, 512, 512, 512, 512, 512, 512, 512, 512, 512, 512, 512, 512, 512, 512, 512, 512, 512, 512, 512, 512, 512, 512, 512, 512, 512, 512, 512, 512, 512, 512, 512, 512, 512, 512, 512, 512, 512, 512, 512, 512, 512, 512, 512, 512, 512, 512, 512, 512, 512, 512, 512, 512, 512, 512, 512, 512, 512, 512, 512, 512, 512, 512, 512]",2.4.90,OK
b200,NVIDIA B200,fc2,skewed,64,512,32768,2560,1600,1600,2560,bf16,268435456000.0,1.032517776489258,3.4595360565185542,4.492053833007812,259.98143771696385,155.18581197857813,11.554730565198394,6.897147199047917,nvjet_tst_112x64_64x14_1x2_2cta_h_bz_TNN,"[1024, 1024, 1024, 1024, 1024, 1024, 1024, 1024, 1024, 1024, 1024, 1024, 1024, 1024, 1024, 1024, 341, 341, 341, 341, 341, 341, 341, 341, 341, 341, 341, 341, 341, 341, 341, 341, 341, 341, 341, 341, 341, 341, 341, 341, 341, 341, 341, 341, 341, 341, 341, 341, 341, 341, 341, 341, 341, 341, 341, 341, 341, 341, 341, 341, 341, 341, 341, 357]",2.4.90,OK
b200,NVIDIA B200,fc1,balanced,64,512,32768,4096,1280,4096,2560,bf16,687194767360.0,1.0352057647705077,3.4751097869873044,4.510315551757812,663.8243243480608,395.4952847436532,29.503303304358255,17.57756821082903,nvjet_tst_80x128_64x10_2x2_2cta_h_bz_TNN,"[512, 512, 512, 512, 512, 512, 512, 512, 512, 512, 512, 512, 512, 512, 512, 512, 512, 512, 512, 512, 512, 512, 512, 512, 512, 512, 512, 512, 512, 512, 512, 512, 512, 512, 512, 512, 512, 512, 512, 512, 512, 512, 512, 512, 512, 512, 512, 512, 512, 512, 512, 512, 512, 512, 512, 512, 512, 512, 512, 512, 512, 512, 512, 512]",2.4.90,OK
b200,NVIDIA B200,fc1,skewed,64,512,32768,4096,1280,4096,2560,bf16,687194767360.0,1.0356658935546874,3.4885055541992185,4.524171447753906,663.529398463978,393.97659352028444,29.49019548728791,17.51007082312375,nvjet_tst_112x64_64x14_1x2_2cta_h_bz_TNN,"[1024, 1024, 1024, 1024, 1024, 1024, 1024, 1024, 1024, 1024, 1024, 1024, 1024, 1024, 1024, 1024, 341, 341, 341, 341, 341, 341, 341, 341, 341, 341, 341, 341, 341, 341, 341, 341, 341, 341, 341, 341, 341, 341, 341, 341, 341, 341, 341, 341, 341, 341, 341, 341, 341, 341, 341, 341, 341, 341, 341, 341, 341, 341, 341, 341, 341, 341, 341, 357]",2.4.90,OK
b200,NVIDIA B200,fc2,balanced,64,512,32768,4096,1280,1280,4096,bf16,343597383680.0,1.0250950622558594,3.4351173400878903,4.46021240234375,335.1858733217071,200.0498671007313,14.897149925409206,8.891105204476945,nvjet_tst_112x128_64x9_1x2_2cta_h_bz_TNN,"[512, 512, 512, 512, 512, 512, 512, 512, 512, 512, 512, 512, 512, 512, 512, 512, 512, 512, 512, 512, 512, 512, 512, 512, 512, 512, 512, 512, 512, 512, 512, 512, 512, 512, 512, 512, 512, 512, 512, 512, 512, 512, 512, 512, 512, 512, 512, 512, 512, 512, 512, 512, 512, 512, 512, 512, 512, 512, 512, 512, 512, 512, 512, 512]",2.4.90,OK
b200,NVIDIA B200,fc2,skewed,64,512,32768,4096,1280,1280,4096,bf16,343597383680.0,1.0405113220214843,3.443321075439453,4.4838323974609375,330.21974524262356,199.57324696254094,14.67643312189438,8.869922087224042,nvjet_tst_128x88_64x7_1x4_h_bz_TNT,"[1024, 1024, 1024, 1024, 1024, 1024, 1024, 1024, 1024, 1024, 1024, 1024, 1024, 1024, 1024, 1024, 341, 341, 341, 341, 341, 341, 341, 341, 341, 341, 341, 341, 341, 341, 341, 341, 341, 341, 341, 341, 341, 341, 341, 341, 341, 341, 341, 341, 341, 341, 341, 341, 341, 341, 341, 341, 341, 341, 341, 341, 341, 341, 341, 341, 341, 341, 341, 357]",2.4.90,OK
b200,NVIDIA B200,fc1,balanced,64,512,32768,6144,1536,6144,3072,bf16,1236950581248.0,1.1385587310791017,3.523798446655273,4.662357177734375,1086.4178961375533,702.0552395226189,48.285239828335705,31.202455089894176,nvjet_tst_96x128_64x9_2x2_2cta_h_bz_TNN,"[512, 512, 512, 512, 512, 512, 512, 512, 512, 512, 512, 512, 512, 512, 512, 512, 512, 512, 512, 512, 512, 512, 512, 512, 512, 512, 512, 512, 512, 512, 512, 512, 512, 512, 512, 512, 512, 512, 512, 512, 512, 512, 512, 512, 512, 512, 512, 512, 512, 512, 512, 512, 512, 512, 512, 512, 512, 512, 512, 512, 512, 512, 512, 512]",2.4.90,OK
b200,NVIDIA B200,fc1,skewed,64,512,32768,6144,1536,6144,3072,bf16,1236950581248.0,1.3565542602539062,3.853072204589844,5.20962646484375,911.8327349592931,642.0593830421989,40.52589933152414,28.535972579653283,nvjet_tst_128x64_64x8_1x2_h_bz_TNT,"[1024, 1024, 1024, 1024, 1024, 1024, 1024, 1024, 1024, 1024, 1024, 1024, 1024, 1024, 1024, 1024, 341, 341, 341, 341, 341, 341, 341, 341, 341, 341, 341, 341, 341, 341, 341, 341, 341, 341, 341, 341, 341, 341, 341, 341, 341, 341, 341, 341, 341, 341, 341, 341, 341, 341, 341, 341, 341, 341, 341, 341, 341, 341, 341, 341, 341, 341, 341, 357]",2.4.90,OK
b200,NVIDIA B200,fc2,balanced,64,512,32768,6144,1536,1536,6144,bf16,618475290624.0,1.0355078125,3.48249267578125,4.51800048828125,597.2676238249047,355.19115082431773,26.54522772555132,15.786273369969678,nvjet_tst_176x128_64x8_1x2_2cta_h_bz_TNN,"[512, 512, 512, 512, 512, 512, 512, 512, 512, 512, 512, 512, 512, 512, 512, 512, 512, 512, 512, 512, 512, 512, 512, 512, 512, 512, 512, 512, 512, 512, 512, 512, 512, 512, 512, 512, 512, 512, 512, 512, 512, 512, 512, 512, 512, 512, 512, 512, 512, 512, 512, 512, 512, 512, 512, 512, 512, 512, 512, 512, 512, 512, 512, 512]",2.4.90,OK
b200,NVIDIA B200,fc2,skewed,64,512,32768,6144,1536,1536,6144,bf16,618475290624.0,1.044541473388672,3.5055525207519533,4.550093994140625,592.1021868261104,352.8546709614466,26.315652747827126,15.682429820508736,nvjet_tst_128x120_64x6_2x1_v_bz_TNT,"[1024, 1024, 1024, 1024, 1024, 1024, 1024, 1024, 1024, 1024, 1024, 1024, 1024, 1024, 1024, 1024, 341, 341, 341, 341, 341, 341, 341, 341, 341, 341, 341, 341, 341, 341, 341, 341, 341, 341, 341, 341, 341, 341, 341, 341, 341, 341, 341, 341, 341, 341, 341, 341, 341, 341, 341, 341, 341, 341, 341, 341, 341, 341, 341, 341, 341, 341, 341, 357]",2.4.90,OK
b200,NVIDIA B200,fc1,balanced,64,1024,65536,1024,1280,1024,2560,bf16,343597383680.0,1.0248902130126953,3.4413863372802735,4.466276550292969,335.25286837307704,199.68544650615712,14.90012748324787,8.874908733606985,nvjet_tst_144x128_64x8_1x2_2cta_h_bz_TNN,"[1024, 1024, 1024, 1024, 1024, 1024, 1024, 1024, 1024, 1024, 1024, 1024, 1024, 1024, 1024, 1024, 1024, 1024, 1024, 1024, 1024, 1024, 1024, 1024, 1024, 1024, 1024, 1024, 1024, 1024, 1024, 1024, 1024, 1024, 1024, 1024, 1024, 1024, 1024, 1024, 1024, 1024, 1024, 1024, 1024, 1024, 1024, 1024, 1024, 1024, 1024, 1024, 1024, 1024, 1024, 1024, 1024, 1024, 1024, 1024, 1024, 1024, 1024, 1024]",2.4.90,OK
b200,NVIDIA B200,fc1,skewed,64,1024,65536,1024,1280,1024,2560,bf16,343597383680.0,1.044814682006836,3.4470075225830077,4.491822204589844,328.8596433388863,199.35981075116774,14.615984148394947,8.860436033385234,nvjet_tst_128x120_64x6_4x2_h_bz_TNT,"[2048, 2048, 2048, 2048, 2048, 2048, 2048, 2048, 2048, 2048, 2048, 2048, 2048, 2048, 2048, 2048, 682, 682, 682, 682, 682, 682, 682, 682, 682, 682, 682, 682, 682, 682, 682, 682, 682, 682, 682, 682, 682, 682, 682, 682, 682, 682, 682, 682, 682, 682, 682, 682, 682, 682, 682, 682, 682, 682, 682, 682, 682, 682, 682, 682, 682, 682, 682, 714]",2.4.90,OK
b200,NVIDIA B200,fc2,balanced,64,1024,65536,1024,1280,1280,1024,bf16,171798691840.0,1.023656997680664,3.4323845672607423,4.4560415649414065,167.8283763304021,100.10457072827717,7.459038948017871,4.449092032367875,nvjet_tst_128x64_64x10_2x2_2cta_h_bz_TNT,"[1024, 1024, 1024, 1024, 1024, 1024, 1024, 1024, 1024, 1024, 1024, 1024, 1024, 1024, 1024, 1024, 1024, 1024, 1024, 1024, 1024, 1024, 1024, 1024, 1024, 1024, 1024, 1024, 1024, 1024, 1024, 1024, 1024, 1024, 1024, 1024, 1024, 1024, 1024, 1024, 1024, 1024, 1024, 1024, 1024, 1024, 1024, 1024, 1024, 1024, 1024, 1024, 1024, 1024, 1024, 1024, 1024, 1024, 1024, 1024, 1024, 1024, 1024, 1024]",2.4.90,OK
b200,NVIDIA B200,fc2,skewed,64,1024,65536,1024,1280,1280,1024,bf16,171798691840.0,1.0286573028564454,3.4422905731201165,4.470947875976562,167.01256226241503,99.81649613285286,7.422780544996223,4.436288717015683,nvjet_tst_64x80_64x16_2x1_2cta_v_bz_TNT,"[2048, 2048, 2048, 2048, 2048, 2048, 2048, 2048, 2048, 2048, 2048, 2048, 2048, 2048, 2048, 2048, 682, 682, 682, 682, 682, 682, 682, 682, 682, 682, 682, 682, 682, 682, 682, 682, 682, 682, 682, 682, 682, 682, 682, 682, 682, 682, 682, 682, 682, 682, 682, 682, 682, 682, 682, 682, 682, 682, 682, 682, 682, 682, 682, 682, 682, 682, 682, 714]",2.4.90,OK
b200,NVIDIA B200,fc1,balanced,64,1024,65536,2048,1280,2048,2560,bf16,687194767360.0,1.0276416015625,3.4326394653320307,4.460281066894531,668.7105371319532,400.38854898705733,29.720468316975698,17.795046621646993,nvjet_tst_144x128_64x8_1x2_2cta_h_bz_TNN,"[1024, 1024, 1024, 1024, 1024, 1024, 1024, 1024, 1024, 1024, 1024, 1024, 1024, 1024, 1024, 1024, 1024, 1024, 1024, 1024, 1024, 1024, 1024, 1024, 1024, 1024, 1024, 1024, 1024, 1024, 1024, 1024, 1024, 1024, 1024, 1024, 1024, 1024, 1024, 1024, 1024, 1024, 1024, 1024, 1024, 1024, 1024, 1024, 1024, 1024, 1024, 1024, 1024, 1024, 1024, 1024, 1024, 1024, 1024, 1024, 1024, 1024, 1024, 1024]",2.4.90,OK
b200,NVIDIA B200,fc1,skewed,64,1024,65536,2048,1280,2048,2560,bf16,687194767360.0,1.028765411376953,3.4412385559082033,4.470003967285156,667.9800465299692,399.3880436915175,29.688002067998628,17.750579719623,nvjet_tst_128x120_64x6_4x2_h_bz_TNT,"[2048, 2048, 2048, 2048, 2048, 2048, 2048, 2048, 2048, 2048, 2048, 2048, 2048, 2048, 2048, 2048, 682, 682, 682, 682, 682, 682, 682, 682, 682, 682, 682, 682, 682, 682, 682, 682, 682, 682, 682, 682, 682, 682, 682, 682, 682, 682, 682, 682, 682, 682, 682, 682, 682, 682, 682, 682, 682, 682, 682, 682, 682, 682, 682, 682, 682, 682, 682, 714]",2.4.90,OK
b200,NVIDIA B200,fc2,balanced,64,1024,65536,2048,1280,1280,2048,bf16,343597383680.0,1.023454055786133,3.4342739105224602,4.457727966308593,335.72331042850465,200.09899771083087,14.92103601904465,8.89328878714804,nvjet_tst_128x128_64x8_2x2_2cta_h_bz_TNT,"[1024, 1024, 1024, 1024, 1024, 1024, 1024, 1024, 1024, 1024, 1024, 1024, 1024, 1024, 1024, 1024, 1024, 1024, 1024, 1024, 1024, 1024, 1024, 1024, 1024, 1024, 1024, 1024, 1024, 1024, 1024, 1024, 1024, 1024, 1024, 1024, 1024, 1024, 1024, 1024, 1024, 1024, 1024, 1024, 1024, 1024, 1024, 1024, 1024, 1024, 1024, 1024, 1024, 1024, 1024, 1024, 1024, 1024, 1024, 1024, 1024, 1024, 1024, 1024]",2.4.90,OK
b200,NVIDIA B200,fc2,skewed,64,1024,65536,2048,1280,1280,2048,bf16,343597383680.0,1.044302749633789,3.4137337493896487,4.458036499023438,329.02085511169156,201.30297727022958,14.623149116075181,8.94679898978798,nvjet_tst_128x88_64x7_1x4_h_bz_TNT,"[2048, 2048, 2048, 2048, 2048, 2048, 2048, 2048, 2048, 2048, 2048, 2048, 2048, 2048, 2048, 2048, 682, 682, 682, 682, 682, 682, 682, 682, 682, 682, 682, 682, 682, 682, 682, 682, 682, 682, 682, 682, 682, 682, 682, 682, 682, 682, 682, 682, 682, 682, 682, 682, 682, 682, 682, 682, 682, 682, 682, 682, 682, 682, 682, 682, 682, 682, 682, 714]",2.4.90,OK
b200,NVIDIA B200,fc1,balanced,64,1024,65536,2560,1600,2560,3200,bf16,1073741824000.0,1.0314771270751952,3.4930681610107417,4.524545288085937,1040.9749240340873,614.7843526129797,46.26555217929277,27.323749005021316,nvjet_tst_192x128_64x6_2x1_2cta_v_bz_TNT,"[1024, 1024, 1024, 1024, 1024, 1024, 1024, 1024, 1024, 1024, 1024, 1024, 1024, 1024, 1024, 1024, 1024, 1024, 1024, 1024, 1024, 1024, 1024, 1024, 1024, 1024, 1024, 1024, 1024, 1024, 1024, 1024, 1024, 1024, 1024, 1024, 1024, 1024, 1024, 1024, 1024, 1024, 1024, 1024, 1024, 1024, 1024, 1024, 1024, 1024, 1024, 1024, 1024, 1024, 1024, 1024, 1024, 1024, 1024, 1024, 1024, 1024, 1024, 1024]",2.4.90,OK
b200,NVIDIA B200,fc1,skewed,64,1024,65536,2560,1600,2560,3200,bf16,1073741824000.0,1.0396940612792969,4.3071711730957025,5.346865234375,1032.747866885773,498.58330716318727,45.89990519492324,22.159258096141656,nvjet_tst_144x128_64x8_1x2_2cta_h_bz_TNN,"[2048, 2048, 2048, 2048, 2048, 2048, 2048, 2048, 2048, 2048, 2048, 2048, 2048, 2048, 2048, 2048, 682, 682, 682, 682, 682, 682, 682, 682, 682, 682, 682, 682, 682, 682, 682, 682, 682, 682, 682, 682, 682, 682, 682, 682, 682, 682, 682, 682, 682, 682, 682, 682, 682, 682, 682, 682, 682, 682, 682, 682, 682, 682, 682, 682, 682, 682, 682, 714]",2.4.90,OK
b200,NVIDIA B200,fc2,balanced,64,1024,65536,2560,1600,1600,2560,bf16,536870912000.0,1.4451239013671875,4.201778564453125,5.646902465820313,371.5051086568306,255.54460034705585,16.511338162525806,11.357537793202482,nvjet_tst_144x128_64x8_1x2_2cta_h_bz_TNN,"[1024, 1024, 1024, 1024, 1024, 1024, 1024, 1024, 1024, 1024, 1024, 1024, 1024, 1024, 1024, 1024, 1024, 1024, 1024, 1024, 1024, 1024, 1024, 1024, 1024, 1024, 1024, 1024, 1024, 1024, 1024, 1024, 1024, 1024, 1024, 1024, 1024, 1024, 1024, 1024, 1024, 1024, 1024, 1024, 1024, 1024, 1024, 1024, 1024, 1024, 1024, 1024, 1024, 1024, 1024, 1024, 1024, 1024, 1024, 1024, 1024, 1024, 1024, 1024]",2.4.90,OK
b200,NVIDIA B200,fc2,skewed,64,1024,65536,2560,1600,1600,2560,bf16,536870912000.0,1.032385940551758,3.527903976440429,4.560289916992187,520.0292748204898,304.3568734213055,23.112412214243992,13.526972152058024,nvjet_tst_128x120_64x6_4x2_h_bz_TNT,"[2048, 2048, 2048, 2048, 2048, 2048, 2048, 2048, 2048, 2048, 2048, 2048, 2048, 2048, 2048, 2048, 682, 682, 682, 682, 682, 682, 682, 682, 682, 682, 682, 682, 682, 682, 682, 682, 682, 682, 682, 682, 682, 682, 682, 682, 682, 682, 682, 682, 682, 682, 682, 682, 682, 682, 682, 682, 682, 682, 682, 682, 682, 682, 682, 682, 682, 682, 682, 714]",2.4.90,OK
b200,NVIDIA B200,fc1,balanced,64,1024,65536,4096,1280,4096,2560,bf16,1374389534720.0,1.7683116149902345,4.157807159423828,5.926118774414062,777.2326568853024,661.1126885021081,34.54367363934677,29.382786155649246,nvjet_tst_144x128_64x8_1x2_2cta_h_bz_TNN,"[1024, 1024, 1024, 1024, 1024, 1024, 1024, 1024, 1024, 1024, 1024, 1024, 1024, 1024, 1024, 1024, 1024, 1024, 1024, 1024, 1024, 1024, 1024, 1024, 1024, 1024, 1024, 1024, 1024, 1024, 1024, 1024, 1024, 1024, 1024, 1024, 1024, 1024, 1024, 1024, 1024, 1024, 1024, 1024, 1024, 1024, 1024, 1024, 1024, 1024, 1024, 1024, 1024, 1024, 1024, 1024, 1024, 1024, 1024, 1024, 1024, 1024, 1024, 1024]",2.4.90,OK
b200,NVIDIA B200,fc1,skewed,64,1024,65536,4096,1280,4096,2560,bf16,1374389534720.0,1.5972998046875,2.881376037597656,4.478675842285156,860.4455661276996,953.9813733343153,38.24202516123109,42.39917214819179,nvjet_tst_128x120_64x6_4x2_h_bz_TNT,"[2048, 2048, 2048, 2048, 2048, 2048, 2048, 2048, 2048, 2048, 2048, 2048, 2048, 2048, 2048, 2048, 682, 682, 682, 682, 682, 682, 682, 682, 682, 682, 682, 682, 682, 682, 682, 682, 682, 682, 682, 682, 682, 682, 682, 682, 682, 682, 682, 682, 682, 682, 682, 682, 682, 682, 682, 682, 682, 682, 682, 682, 682, 682, 682, 682, 682, 682, 682, 714]",2.4.90,OK
b200,NVIDIA B200,fc2,balanced,64,1024,65536,4096,1280,1280,4096,bf16,687194767360.0,1.0207730865478515,3.4166655731201168,4.4374386596679685,673.2101153685597,402.26048037382265,29.92044957193599,17.878243572169897,nvjet_tst_128x256_64x6_2x2_2cta_h_bz_TNT,"[1024, 1024, 1024, 1024, 1024, 1024, 1024, 1024, 1024, 1024, 1024, 1024, 1024, 1024, 1024, 1024, 1024, 1024, 1024, 1024, 1024, 1024, 1024, 1024, 1024, 1024, 1024, 1024, 1024, 1024, 1024, 1024, 1024, 1024, 1024, 1024, 1024, 1024, 1024, 1024, 1024, 1024, 1024, 1024, 1024, 1024, 1024, 1024, 1024, 1024, 1024, 1024, 1024, 1024, 1024, 1024, 1024, 1024, 1024, 1024, 1024, 1024, 1024, 1024]",2.4.90,OK
b200,NVIDIA B200,fc2,skewed,64,1024,65536,4096,1280,1280,4096,bf16,687194767360.0,1.0337222290039063,4.285166320800781,5.318888549804687,664.7770049621358,320.73189972779494,29.545644664983815,14.25475109901311,nvjet_tst_128x176_64x7_2x2_2cta_h_bz_TNT,"[2048, 2048, 2048, 2048, 2048, 2048, 2048, 2048, 2048, 2048, 2048, 2048, 2048, 2048, 2048, 2048, 682, 682, 682, 682, 682, 682, 682, 682, 682, 682, 682, 682, 682, 682, 682, 682, 682, 682, 682, 682, 682, 682, 682, 682, 682, 682, 682, 682, 682, 682, 682, 682, 682, 682, 682, 682, 682, 682, 682, 682, 682, 682, 682, 682, 682, 682, 682, 714]",2.4.90,OK
b200,NVIDIA B200,fc1,balanced,64,1024,65536,6144,1536,6144,3072,bf16,2473901162496.0,2.2222866821289062,5.054267272949218,7.276553955078125,1113.2232319036589,978.9356315747239,49.47658808460706,43.508250292209944,nvjet_tst_192x128_64x6_2x2_2cta_h_bz_TNT,"[1024, 1024, 1024, 1024, 1024, 1024, 1024, 1024, 1024, 1024, 1024, 1024, 1024, 1024, 1024, 1024, 1024, 1024, 1024, 1024, 1024, 1024, 1024, 1024, 1024, 1024, 1024, 1024, 1024, 1024, 1024, 1024, 1024, 1024, 1024, 1024, 1024, 1024, 1024, 1024, 1024, 1024, 1024, 1024, 1024, 1024, 1024, 1024, 1024, 1024, 1024, 1024, 1024, 1024, 1024, 1024, 1024, 1024, 1024, 1024, 1024, 1024, 1024, 1024]",2.4.90,OK
b200,NVIDIA B200,fc1,skewed,64,1024,65536,6144,1536,6144,3072,bf16,2473901162496.0,2.264769287109375,4.957991943359374,7.22276123046875,1092.3413597035967,997.9448094140165,48.54850487571541,44.35310264062296,nvjet_tst_144x128_64x8_2x2_2cta_h_bz_TNN,"[2048, 2048, 2048, 2048, 2048, 2048, 2048, 2048, 2048, 2048, 2048, 2048, 2048, 2048, 2048, 2048, 682, 682, 682, 682, 682, 682, 682, 682, 682, 682, 682, 682, 682, 682, 682, 682, 682, 682, 682, 682, 682, 682, 682, 682, 682, 682, 682, 682, 682, 682, 682, 682, 682, 682, 682, 682, 682, 682, 682, 682, 682, 682, 682, 682, 682, 682, 682, 714]",2.4.90,OK
b200,NVIDIA B200,fc2,balanced,64,1024,65536,6144,1536,1536,6144,bf16,1236950581248.0,1.0447686767578126,3.5261056518554685,4.570874328613281,1183.9468475323913,701.5958699916467,52.6198598903285,31.182038666295412,nvjet_tst_176x128_64x8_1x2_2cta_h_bz_TNN,"[1024, 1024, 1024, 1024, 1024, 1024, 1024, 1024, 1024, 1024, 1024, 1024, 1024, 1024, 1024, 1024, 1024, 1024, 1024, 1024, 1024, 1024, 1024, 1024, 1024, 1024, 1024, 1024, 1024, 1024, 1024, 1024, 1024, 1024, 1024, 1024, 1024, 1024, 1024, 1024, 1024, 1024, 1024, 1024, 1024, 1024, 1024, 1024, 1024, 1024, 1024, 1024, 1024, 1024, 1024, 1024, 1024, 1024, 1024, 1024, 1024, 1024, 1024, 1024]",2.4.90,OK
b200,NVIDIA B200,fc2,skewed,64,1024,65536,6144,1536,1536,6144,bf16,1236950581248.0,1.0604627227783203,3.524384689331055,4.584847412109375,1166.425329885521,701.9384603459841,51.84112577268982,31.197264904265964,nvjet_tst_192x176_64x6_2x2_2cta_h_bz_TNT,"[2048, 2048, 2048, 2048, 2048, 2048, 2048, 2048, 2048, 2048, 2048, 2048, 2048, 2048, 2048, 2048, 682, 682, 682, 682, 682, 682, 682, 682, 682, 682, 682, 682, 682, 682, 682, 682, 682, 682, 682, 682, 682, 682, 682, 682, 682, 682, 682, 682, 682, 682, 682, 682, 682, 682, 682, 682, 682, 682, 682, 682, 682, 682, 682, 682, 682, 682, 682, 714]",2.4.90,OK
b200,NVIDIA B200,fc1,balanced,64,2048,131072,1024,1280,1024,2560,bf16,687194767360.0,1.0359212493896484,3.461797256469726,4.497718505859375,663.3658376685355,397.0161834727363,29.48292611860158,17.645163709899393,nvjet_tst_144x128_64x8_1x2_2cta_h_bz_TNN,"[2048, 2048, 2048, 2048, 2048, 2048, 2048, 2048, 2048, 2048, 2048, 2048, 2048, 2048, 2048, 2048, 2048, 2048, 2048, 2048, 2048, 2048, 2048, 2048, 2048, 2048, 2048, 2048, 2048, 2048, 2048, 2048, 2048, 2048, 2048, 2048, 2048, 2048, 2048, 2048, 2048, 2048, 2048, 2048, 2048, 2048, 2048, 2048, 2048, 2048, 2048, 2048, 2048, 2048, 2048, 2048, 2048, 2048, 2048, 2048, 2048, 2048, 2048, 2048]",2.4.90,OK
b200,NVIDIA B200,fc1,skewed,64,2048,131072,1024,1280,1024,2560,bf16,687194767360.0,1.0371916961669922,3.4335334014892576,4.47072509765625,662.5532868220714,400.2843059933169,29.446812747647616,17.790413599702973,nvjet_tst_128x200_64x5_2x1_v_bz_TNT,"[4096, 4096, 4096, 4096, 4096, 4096, 4096, 4096, 4096, 4096, 4096, 4096, 4096, 4096, 4096, 4096, 1365, 1365, 1365, 1365, 1365, 1365, 1365, 1365, 1365, 1365, 1365, 1365, 1365, 1365, 1365, 1365, 1365, 1365, 1365, 1365, 1365, 1365, 1365, 1365, 1365, 1365, 1365, 1365, 1365, 1365, 1365, 1365, 1365, 1365, 1365, 1365, 1365, 1365, 1365, 1365, 1365, 1365, 1365, 1365, 1365, 1365, 1365, 1381]",2.4.90,OK
b200,NVIDIA B200,fc2,balanced,64,2048,131072,1024,1280,1280,1024,bf16,343597383680.0,1.043592987060547,3.3932884216308596,4.436881408691407,329.2446269189669,202.51587309213315,14.633094529731862,9.000705470761474,nvjet_tst_128x128_64x8_2x2_2cta_h_bz_TNT,"[2048, 2048, 2048, 2048, 2048, 2048, 2048, 2048, 2048, 2048, 2048, 2048, 2048, 2048, 2048, 2048, 2048, 2048, 2048, 2048, 2048, 2048, 2048, 2048, 2048, 2048, 2048, 2048, 2048, 2048, 2048, 2048, 2048, 2048, 2048, 2048, 2048, 2048, 2048, 2048, 2048, 2048, 2048, 2048, 2048, 2048, 2048, 2048, 2048, 2048, 2048, 2048, 2048, 2048, 2048, 2048, 2048, 2048, 2048, 2048, 2048, 2048, 2048, 2048]",2.4.90,OK
b200,NVIDIA B200,fc2,skewed,64,2048,131072,1024,1280,1280,1024,bf16,343597383680.0,1.0311577606201172,3.417912368774414,4.449070129394531,333.21514592817255,201.0568713341274,14.809562041252114,8.93586094818344,nvjet_tst_128x80_64x8_1x2_h_bz_TNT,"[4096, 4096, 4096, 4096, 4096, 4096, 4096, 4096, 4096, 4096, 4096, 4096, 4096, 4096, 4096, 4096, 1365, 1365, 1365, 1365, 1365, 1365, 1365, 1365, 1365, 1365, 1365, 1365, 1365, 1365, 1365, 1365, 1365, 1365, 1365, 1365, 1365, 1365, 1365, 1365, 1365, 1365, 1365, 1365, 1365, 1365, 1365, 1365, 1365, 1365, 1365, 1365, 1365, 1365, 1365, 1365, 1365, 1365, 1365, 1365, 1365, 1365, 1365, 1381]",2.4.90,OK
b200,NVIDIA B200,fc1,balanced,64,2048,131072,2048,1280,2048,2560,bf16,1374389534720.0,1.1075456237792969,3.3533924865722655,4.460938110351562,1240.9326579524075,819.7009686300446,55.15256257566256,36.43115416133532,nvjet_tst_144x128_64x8_1x2_2cta_h_bz_TNN,"[2048, 2048, 2048, 2048, 2048, 2048, 2048, 2048, 2048, 2048, 2048, 2048, 2048, 2048, 2048, 2048, 2048, 2048, 2048, 2048, 2048, 2048, 2048, 2048, 2048, 2048, 2048, 2048, 2048, 2048, 2048, 2048, 2048, 2048, 2048, 2048, 2048, 2048, 2048, 2048, 2048, 2048, 2048, 2048, 2048, 2048, 2048, 2048, 2048, 2048, 2048, 2048, 2048, 2048, 2048, 2048, 2048, 2048, 2048, 2048, 2048, 2048, 2048, 2048]",2.4.90,OK
b200,NVIDIA B200,fc1,skewed,64,2048,131072,2048,1280,2048,2560,bf16,1374389534720.0,1.073420181274414,3.3518675994873046,4.425287780761718,1280.3835428995394,820.0738805615257,56.905935239979534,36.447728024956696,nvjet_tst_128x200_64x5_2x1_v_bz_TNT,"[4096, 4096, 4096, 4096, 4096, 4096, 4096, 4096, 4096, 4096, 4096, 4096, 4096, 4096, 4096, 4096, 1365, 1365, 1365, 1365, 1365, 1365, 1365, 1365, 1365, 1365, 1365, 1365, 1365, 1365, 1365, 1365, 1365, 1365, 1365, 1365, 1365, 1365, 1365, 1365, 1365, 1365, 1365, 1365, 1365, 1365, 1365, 1365, 1365, 1365, 1365, 1365, 1365, 1365, 1365, 1365, 1365, 1365, 1365, 1365, 1365, 1365, 1365, 1381]",2.4.90,OK
b200,NVIDIA B200,fc2,balanced,64,2048,131072,2048,1280,1280,2048,bf16,687194767360.0,1.0346304321289062,3.417745971679688,4.452376403808594,664.1934607954595,402.13332006197686,29.519709368687092,17.872592002754526,nvjet_tst_128x256_64x6_2x2_2cta_h_bz_TNT,"[2048, 2048, 2048, 2048, 2048, 2048, 2048, 2048, 2048, 2048, 2048, 2048, 2048, 2048, 2048, 2048, 2048, 2048, 2048, 2048, 2048, 2048, 2048, 2048, 2048, 2048, 2048, 2048, 2048, 2048, 2048, 2048, 2048, 2048, 2048, 2048, 2048, 2048, 2048, 2048, 2048, 2048, 2048, 2048, 2048, 2048, 2048, 2048, 2048, 2048, 2048, 2048, 2048, 2048, 2048, 2048, 2048, 2048, 2048, 2048, 2048, 2048, 2048, 2048]",2.4.90,OK
b200,NVIDIA B200,fc2,skewed,64,2048,131072,2048,1280,1280,2048,bf16,687194767360.0,1.0273785400390625,3.4353912353515628,4.462769775390625,668.8817612774662,400.0678352372146,29.728078278998503,17.780792677209536,nvjet_tst_128x152_64x6_2x1_v_bz_TNT,"[4096, 4096, 4096, 4096, 4096, 4096, 4096, 4096, 4096, 4096, 4096, 4096, 4096, 4096, 4096, 4096, 1365, 1365, 1365, 1365, 1365, 1365, 1365, 1365, 1365, 1365, 1365, 1365, 1365, 1365, 1365, 1365, 1365, 1365, 1365, 1365, 1365, 1365, 1365, 1365, 1365, 1365, 1365, 1365, 1365, 1365, 1365, 1365, 1365, 1365, 1365, 1365, 1365, 1365, 1365, 1365, 1365, 1365, 1365, 1365, 1365, 1365, 1365, 1381]",2.4.90,OK
b200,NVIDIA B200,fc1,balanced,64,2048,131072,2560,1600,2560,3200,bf16,2147483648000.0,1.6791693115234374,4.869414672851563,6.548583984375,1278.8964360310285,882.0294808626019,56.83984160137905,39.201310260560085,nvjet_tst_128x192_64x7_2x1_2cta_v_bz_TNT,"[2048, 2048, 2048, 2048, 2048, 2048, 2048, 2048, 2048, 2048, 2048, 2048, 2048, 2048, 2048, 2048, 2048, 2048, 2048, 2048, 2048, 2048, 2048, 2048, 2048, 2048, 2048, 2048, 2048, 2048, 2048, 2048, 2048, 2048, 2048, 2048, 2048, 2048, 2048, 2048, 2048, 2048, 2048, 2048, 2048, 2048, 2048, 2048, 2048, 2048, 2048, 2048, 2048, 2048, 2048, 2048, 2048, 2048, 2048, 2048, 2048, 2048, 2048, 2048]",2.4.90,OK
b200,NVIDIA B200,fc1,skewed,64,2048,131072,2560,1600,2560,3200,bf16,2147483648000.0,1.6191917419433595,4.548001251220702,6.167192993164062,1326.2688984706547,944.3637014935325,58.94528437647354,41.97172006637923,nvjet_tst_192x176_64x6_2x1_2cta_v_bz_TNT,"[4096, 4096, 4096, 4096, 4096, 4096, 4096, 4096, 4096, 4096, 4096, 4096, 4096, 4096, 4096, 4096, 1365, 1365, 1365, 1365, 1365, 1365, 1365, 1365, 1365, 1365, 1365, 1365, 1365, 1365, 1365, 1365, 1365, 1365, 1365, 1365, 1365, 1365, 1365, 1365, 1365, 1365, 1365, 1365, 1365, 1365, 1365, 1365, 1365, 1365, 1365, 1365, 1365, 1365, 1365, 1365, 1365, 1365, 1365, 1365, 1365, 1365, 1365, 1381]",2.4.90,OK
b200,NVIDIA B200,fc2,balanced,64,2048,131072,2560,1600,1600,2560,bf16,1073741824000.0,1.024122848510742,3.452297134399414,4.476419982910156,1048.4502182149463,622.0448485160856,46.597787476219835,27.646437711826028,nvjet_tst_144x128_64x8_1x2_2cta_h_bz_TNN,"[2048, 2048, 2048, 2048, 2048, 2048, 2048, 2048, 2048, 2048, 2048, 2048, 2048, 2048, 2048, 2048, 2048, 2048, 2048, 2048, 2048, 2048, 2048, 2048, 2048, 2048, 2048, 2048, 2048, 2048, 2048, 2048, 2048, 2048, 2048, 2048, 2048, 2048, 2048, 2048, 2048, 2048, 2048, 2048, 2048, 2048, 2048, 2048, 2048, 2048, 2048, 2048, 2048, 2048, 2048, 2048, 2048, 2048, 2048, 2048, 2048, 2048, 2048, 2048]",2.4.90,OK
b200,NVIDIA B200,fc2,skewed,64,2048,131072,2560,1600,1600,2560,bf16,1073741824000.0,1.0302259063720702,3.430389633178711,4.460615539550782,1042.239199537479,626.0174142405134,46.321742201665735,27.82299618846726,nvjet_tst_128x200_64x5_2x1_v_bz_TNT,"[4096, 4096, 4096, 4096, 4096, 4096, 4096, 4096, 4096, 4096, 4096, 4096, 4096, 4096, 4096, 4096, 1365, 1365, 1365, 1365, 1365, 1365, 1365, 1365, 1365, 1365, 1365, 1365, 1365, 1365, 1365, 1365, 1365, 1365, 1365, 1365, 1365, 1365, 1365, 1365, 1365, 1365, 1365, 1365, 1365, 1365, 1365, 1365, 1365, 1365, 1365, 1365, 1365, 1365, 1365, 1365, 1365, 1365, 1365, 1365, 1365, 1365, 1365, 1381]",2.4.90,OK
b200,NVIDIA B200,fc1,balanced,64,2048,131072,4096,1280,4096,2560,bf16,2748779069440.0,2.184466552734375,5.2075262451171875,7.391992797851563,1258.3296668009198,1055.6947541137713,55.92576296892977,46.919766849500945,nvjet_tst_144x128_64x8_1x2_2cta_h_bz_TNN,"[2048, 2048, 2048, 2048, 2048, 2048, 2048, 2048, 2048, 2048, 2048, 2048, 2048, 2048, 2048, 2048, 2048, 2048, 2048, 2048, 2048, 2048, 2048, 2048, 2048, 2048, 2048, 2048, 2048, 2048, 2048, 2048, 2048, 2048, 2048, 2048, 2048, 2048, 2048, 2048, 2048, 2048, 2048, 2048, 2048, 2048, 2048, 2048, 2048, 2048, 2048, 2048, 2048, 2048, 2048, 2048, 2048, 2048, 2048, 2048, 2048, 2048, 2048, 2048]",2.4.90,OK
b200,NVIDIA B200,fc1,skewed,64,2048,131072,4096,1280,4096,2560,bf16,2748779069440.0,2.15376708984375,5.227898559570313,7.381665649414063,1276.265703196076,1051.5808744636106,56.72292014204782,46.73692775393825,nvjet_tst_128x200_64x5_2x1_v_bz_TNT,"[4096, 4096, 4096, 4096, 4096, 4096, 4096, 4096, 4096, 4096, 4096, 4096, 4096, 4096, 4096, 4096, 1365, 1365, 1365, 1365, 1365, 1365, 1365, 1365, 1365, 1365, 1365, 1365, 1365, 1365, 1365, 1365, 1365, 1365, 1365, 1365, 1365, 1365, 1365, 1365, 1365, 1365, 1365, 1365, 1365, 1365, 1365, 1365, 1365, 1365, 1365, 1365, 1365, 1365, 1365, 1365, 1365, 1365, 1365, 1365, 1365, 1365, 1365, 1381]",2.4.90,OK
b200,NVIDIA B200,fc2,balanced,64,2048,131072,4096,1280,1280,4096,bf16,1374389534720.0,1.502395477294922,4.416314239501953,5.918709716796875,914.7987700246556,622.4147378040725,40.65772311220691,27.662877235736556,nvjet_tst_128x256_64x6_2x2_2cta_h_bz_TNT,"[2048, 2048, 2048, 2048, 2048, 2048, 2048, 2048, 2048, 2048, 2048, 2048, 2048, 2048, 2048, 2048, 2048, 2048, 2048, 2048, 2048, 2048, 2048, 2048, 2048, 2048, 2048, 2048, 2048, 2048, 2048, 2048, 2048, 2048, 2048, 2048, 2048, 2048, 2048, 2048, 2048, 2048, 2048, 2048, 2048, 2048, 2048, 2048, 2048, 2048, 2048, 2048, 2048, 2048, 2048, 2048, 2048, 2048, 2048, 2048, 2048, 2048, 2048, 2048]",2.4.90,OK
b200,NVIDIA B200,fc2,skewed,64,2048,131072,4096,1280,1280,4096,bf16,1374389534720.0,1.1210892486572266,4.541371688842773,5.6624609375,1225.9412320349707,605.2750705680382,54.486276979332025,26.901114247468364,nvjet_tst_128x160_64x8_2x1_2cta_v_bz_TNT,"[4096, 4096, 4096, 4096, 4096, 4096, 4096, 4096, 4096, 4096, 4096, 4096, 4096, 4096, 4096, 4096, 1365, 1365, 1365, 1365, 1365, 1365, 1365, 1365, 1365, 1365, 1365, 1365, 1365, 1365, 1365, 1365, 1365, 1365, 1365, 1365, 1365, 1365, 1365, 1365, 1365, 1365, 1365, 1365, 1365, 1365, 1365, 1365, 1365, 1365, 1365, 1365, 1365, 1365, 1365, 1365, 1365, 1365, 1365, 1365, 1365, 1365, 1365, 1381]",2.4.90,OK
b200,NVIDIA B200,fc1,balanced,64,2048,131072,6144,1536,6144,3072,bf16,4947802324992.0,3.9780044555664062,7.929396667480468,11.907401123046874,1243.7900410263642,1247.9643868198973,55.27955737894952,55.465083858662105,nvjet_tst_192x128_64x6_2x2_2cta_h_bz_TNT,"[2048, 2048, 2048, 2048, 2048, 2048, 2048, 2048, 2048, 2048, 2048, 2048, 2048, 2048, 2048, 2048, 2048, 2048, 2048, 2048, 2048, 2048, 2048, 2048, 2048, 2048, 2048, 2048, 2048, 2048, 2048, 2048, 2048, 2048, 2048, 2048, 2048, 2048, 2048, 2048, 2048, 2048, 2048, 2048, 2048, 2048, 2048, 2048, 2048, 2048, 2048, 2048, 2048, 2048, 2048, 2048, 2048, 2048, 2048, 2048, 2048, 2048, 2048, 2048]",2.4.90,OK
b200,NVIDIA B200,fc1,skewed,64,2048,131072,6144,1536,6144,3072,bf16,4947802324992.0,4.027496337890625,7.780955810546875,11.8084521484375,1228.5057290910854,1271.7723748759472,54.60025462627046,56.52321666115321,nvjet_tst_192x176_64x6_2x2_2cta_h_bz_TNT,"[4096, 4096, 4096, 4096, 4096, 4096, 4096, 4096, 4096, 4096, 4096, 4096, 4096, 4096, 4096, 4096, 1365, 1365, 1365, 1365, 1365, 1365, 1365, 1365, 1365, 1365, 1365, 1365, 1365, 1365, 1365, 1365, 1365, 1365, 1365, 1365, 1365, 1365, 1365, 1365, 1365, 1365, 1365, 1365, 1365, 1365, 1365, 1365, 1365, 1365, 1365, 1365, 1365, 1365, 1365, 1365, 1365, 1365, 1365, 1365, 1365, 1365, 1365, 1381]",2.4.90,OK
b200,NVIDIA B200,fc2,balanced,64,2048,131072,6144,1536,1536,6144,bf16,2473901162496.0,2.2924729919433595,4.93665542602539,7.22912841796875,1079.1408104654886,1002.2579860258921,47.96181379846616,44.54479937892854,nvjet_tst_128x256_64x6_2x2_2cta_h_bz_TNT,"[2048, 2048, 2048, 2048, 2048, 2048, 2048, 2048, 2048, 2048, 2048, 2048, 2048, 2048, 2048, 2048, 2048, 2048, 2048, 2048, 2048, 2048, 2048, 2048, 2048, 2048, 2048, 2048, 2048, 2048, 2048, 2048, 2048, 2048, 2048, 2048, 2048, 2048, 2048, 2048, 2048, 2048, 2048, 2048, 2048, 2048, 2048, 2048, 2048, 2048, 2048, 2048, 2048, 2048, 2048, 2048, 2048, 2048, 2048, 2048, 2048, 2048, 2048, 2048]",2.4.90,OK
b200,NVIDIA B200,fc2,skewed,64,2048,131072,6144,1536,1536,6144,bf16,2473901162496.0,2.0313868713378906,5.510529632568359,7.54191650390625,1217.8385109216863,897.8814478647342,54.126156040963835,39.90584212732152,nvjet_tst_128x232_64x4_2x1_v_bz_TNT,"[4096, 4096, 4096, 4096, 4096, 4096, 4096, 4096, 4096, 4096, 4096, 4096, 4096, 4096, 4096, 4096, 1365, 1365, 1365, 1365, 1365, 1365, 1365, 1365, 1365, 1365, 1365, 1365, 1365, 1365, 1365, 1365, 1365, 1365, 1365, 1365, 1365, 1365, 1365, 1365, 1365, 1365, 1365, 1365, 1365, 1365, 1365, 1365, 1365, 1365, 1365, 1365, 1365, 1365, 1365, 1365, 1365, 1365, 1365, 1365, 1365, 1365, 1365, 1381]",2.4.90,OK
b200,NVIDIA B200,fc1,balanced,64,4096,262144,1024,1280,1024,2560,bf16,1374389534720.0,1.1252134704589845,4.097456817626953,5.222670288085937,1221.447814839414,670.850039862521,54.2865695484184,29.81555732722316,nvjet_tst_128x192_64x7_2x1_2cta_v_bz_TNT,"[4096, 4096, 4096, 4096, 4096, 4096, 4096, 4096, 4096, 4096, 4096, 4096, 4096, 4096, 4096, 4096, 4096, 4096, 4096, 4096, 4096, 4096, 4096, 4096, 4096, 4096, 4096, 4096, 4096, 4096, 4096, 4096, 4096, 4096, 4096, 4096, 4096, 4096, 4096, 4096, 4096, 4096, 4096, 4096, 4096, 4096, 4096, 4096, 4096, 4096, 4096, 4096, 4096, 4096, 4096, 4096, 4096, 4096, 4096, 4096, 4096, 4096, 4096, 4096]",2.4.90,OK
b200,NVIDIA B200,fc1,skewed,64,4096,262144,1024,1280,1024,2560,bf16,1374389534720.0,1.1890016174316407,4.026109466552734,5.215111083984375,1155.9189782170486,682.738284260706,51.374176809646606,30.343923744920264,nvjet_tst_256x96_64x5_2x1_2cta_v_bz_TNT,"[8192, 8192, 8192, 8192, 8192, 8192, 8192, 8192, 8192, 8192, 8192, 8192, 8192, 8192, 8192, 8192, 2730, 2730, 2730, 2730, 2730, 2730, 2730, 2730, 2730, 2730, 2730, 2730, 2730, 2730, 2730, 2730, 2730, 2730, 2730, 2730, 2730, 2730, 2730, 2730, 2730, 2730, 2730, 2730, 2730, 2730, 2730, 2730, 2730, 2730, 2730, 2730, 2730, 2730, 2730, 2730, 2730, 2730, 2730, 2730, 2730, 2730, 2730, 2762]",2.4.90,OK
b200,NVIDIA B200,fc2,balanced,64,4096,262144,1024,1280,1280,1024,bf16,687194767360.0,1.2219538879394531,4.925804901123048,6.1477587890625,562.3737312369434,279.0182644884391,24.994388054975264,12.400811755041738,nvjet_tst_128x256_64x6_2x2_2cta_h_bz_TNT,"[4096, 4096, 4096, 4096, 4096, 4096, 4096, 4096, 4096, 4096, 4096, 4096, 4096, 4096, 4096, 4096, 4096, 4096, 4096, 4096, 4096, 4096, 4096, 4096, 4096, 4096, 4096, 4096, 4096, 4096, 4096, 4096, 4096, 4096, 4096, 4096, 4096, 4096, 4096, 4096, 4096, 4096, 4096, 4096, 4096, 4096, 4096, 4096, 4096, 4096, 4096, 4096, 4096, 4096, 4096, 4096, 4096, 4096, 4096, 4096, 4096, 4096, 4096, 4096]",2.4.90,OK
b200,NVIDIA B200,fc2,skewed,64,4096,262144,1024,1280,1280,1024,bf16,687194767360.0,1.0328985595703124,3.4545370483398443,4.4874356079101565,665.307121394258,397.8505702755436,29.569205395300354,17.682247567801937,nvjet_tst_128x152_64x6_2x1_v_bz_TNT,"[8192, 8192, 8192, 8192, 8192, 8192, 8192, 8192, 8192, 8192, 8192, 8192, 8192, 8192, 8192, 8192, 2730, 2730, 2730, 2730, 2730, 2730, 2730, 2730, 2730, 2730, 2730, 2730, 2730, 2730, 2730, 2730, 2730, 2730, 2730, 2730, 2730, 2730, 2730, 2730, 2730, 2730, 2730, 2730, 2730, 2730, 2730, 2730, 2730, 2730, 2730, 2730, 2730, 2730, 2730, 2730, 2730, 2730, 2730, 2730, 2730, 2730, 2730, 2762]",2.4.90,OK
b200,NVIDIA B200,fc1,balanced,64,4096,262144,2048,1280,2048,2560,bf16,2748779069440.0,2.099569854736328,5.254021453857423,7.35359130859375,1309.21058103361,1046.3524344469085,58.18713693482711,46.504552642084825,nvjet_tst_128x192_64x7_2x1_2cta_v_bz_TNT,"[4096, 4096, 4096, 4096, 4096, 4096, 4096, 4096, 4096, 4096, 4096, 4096, 4096, 4096, 4096, 4096, 4096, 4096, 4096, 4096, 4096, 4096, 4096, 4096, 4096, 4096, 4096, 4096, 4096, 4096, 4096, 4096, 4096, 4096, 4096, 4096, 4096, 4096, 4096, 4096, 4096, 4096, 4096, 4096, 4096, 4096, 4096, 4096, 4096, 4096, 4096, 4096, 4096, 4096, 4096, 4096, 4096, 4096, 4096, 4096, 4096, 4096, 4096, 4096]",2.4.90,OK
b200,NVIDIA B200,fc1,skewed,64,4096,262144,2048,1280,2048,2560,bf16,2748779069440.0,2.2723039245605468,5.452698516845704,7.72500244140625,1209.6881230232445,1008.2270497618207,53.76391657881087,44.81009110052536,nvjet_tst_256x96_64x5_2x1_2cta_v_bz_TNT,"[8192, 8192, 8192, 8192, 8192, 8192, 8192, 8192, 8192, 8192, 8192, 8192, 8192, 8192, 8192, 8192, 2730, 2730, 2730, 2730, 2730, 2730, 2730, 2730, 2730, 2730, 2730, 2730, 2730, 2730, 2730, 2730, 2730, 2730, 2730, 2730, 2730, 2730, 2730, 2730, 2730, 2730, 2730, 2730, 2730, 2730, 2730, 2730, 2730, 2730, 2730, 2730, 2730, 2730, 2730, 2730, 2730, 2730, 2730, 2730, 2730, 2730, 2730, 2762]",2.4.90,OK
b200,NVIDIA B200,fc2,balanced,64,4096,262144,2048,1280,1280,2048,bf16,1374389534720.0,1.1573664093017577,3.239462509155274,4.3968289184570315,1187.5146225724425,848.529366112891,52.778427669886334,37.71241627168404,nvjet_tst_160x192_64x6_1x2_2cta_h_bz_TNN,"[4096, 4096, 4096, 4096, 4096, 4096, 4096, 4096, 4096, 4096, 4096, 4096, 4096, 4096, 4096, 4096, 4096, 4096, 4096, 4096, 4096, 4096, 4096, 4096, 4096, 4096, 4096, 4096, 4096, 4096, 4096, 4096, 4096, 4096, 4096, 4096, 4096, 4096, 4096, 4096, 4096, 4096, 4096, 4096, 4096, 4096, 4096, 4096, 4096, 4096, 4096, 4096, 4096, 4096, 4096, 4096, 4096, 4096, 4096, 4096, 4096, 4096, 4096, 4096]",2.4.90,OK
b200,NVIDIA B200,fc2,skewed,64,4096,262144,2048,1280,1280,2048,bf16,1374389534720.0,1.1387315368652344,3.2595790100097655,4.398310546875,1206.9478101076384,843.2926647885627,53.642124893672815,37.479673990602784,nvjet_tst_128x160_64x8_2x1_2cta_v_bz_TNT,"[8192, 8192, 8192, 8192, 8192, 8192, 8192, 8192, 8192, 8192, 8192, 8192, 8192, 8192, 8192, 8192, 2730, 2730, 2730, 2730, 2730, 2730, 2730, 2730, 2730, 2730, 2730, 2730, 2730, 2730, 2730, 2730, 2730, 2730, 2730, 2730, 2730, 2730, 2730, 2730, 2730, 2730, 2730, 2730, 2730, 2730, 2730, 2730, 2730, 2730, 2730, 2730, 2730, 2730, 2730, 2730, 2730, 2730, 2730, 2730, 2730, 2730, 2730, 2762]",2.4.90,OK
b200,NVIDIA B200,fc1,balanced,64,4096,262144,2560,1600,2560,3200,bf16,4294967296000.0,3.2369952392578125,7.342704467773437,10.57969970703125,1326.8376931517398,1169.859774378849,58.97056414007733,51.99376775017107,nvjet_tst_128x256_64x6_2x1_2cta_v_bz_TNT,"[4096, 4096, 4096, 4096, 4096, 4096, 4096, 4096, 4096, 4096, 4096, 4096, 4096, 4096, 4096, 4096, 4096, 4096, 4096, 4096, 4096, 4096, 4096, 4096, 4096, 4096, 4096, 4096, 4096, 4096, 4096, 4096, 4096, 4096, 4096, 4096, 4096, 4096, 4096, 4096, 4096, 4096, 4096, 4096, 4096, 4096, 4096, 4096, 4096, 4096, 4096, 4096, 4096, 4096, 4096, 4096, 4096, 4096, 4096, 4096, 4096, 4096, 4096, 4096]",2.4.90,OK
b200,NVIDIA B200,fc1,skewed,64,4096,262144,2560,1600,2560,3200,bf16,4294967296000.0,3.3304998779296877,7.616494750976562,10.94699462890625,1289.5863844528487,1127.8068025844339,57.31495042012661,50.1247467815304,nvjet_tst_128x256_64x6_2x1_2cta_v_bz_TNT,"[8192, 8192, 8192, 8192, 8192, 8192, 8192, 8192, 8192, 8192, 8192, 8192, 8192, 8192, 8192, 8192, 2730, 2730, 2730, 2730, 2730, 2730, 2730, 2730, 2730, 2730, 2730, 2730, 2730, 2730, 2730, 2730, 2730, 2730, 2730, 2730, 2730, 2730, 2730, 2730, 2730, 2730, 2730, 2730, 2730, 2730, 2730, 2730, 2730, 2730, 2730, 2730, 2730, 2730, 2730, 2730, 2730, 2730, 2730, 2730, 2730, 2730, 2730, 2762]",2.4.90,OK
b200,NVIDIA B200,fc2,balanced,64,4096,262144,2560,1600,1600,2560,bf16,2147483648000.0,1.6298118591308595,5.027174835205079,6.656986694335938,1317.6267162181548,854.3500945943907,58.561187387473545,37.97111531530625,nvjet_tst_128x192_64x7_2x1_2cta_v_bz_TNT,"[4096, 4096, 4096, 4096, 4096, 4096, 4096, 4096, 4096, 4096, 4096, 4096, 4096, 4096, 4096, 4096, 4096, 4096, 4096, 4096, 4096, 4096, 4096, 4096, 4096, 4096, 4096, 4096, 4096, 4096, 4096, 4096, 4096, 4096, 4096, 4096, 4096, 4096, 4096, 4096, 4096, 4096, 4096, 4096, 4096, 4096, 4096, 4096, 4096, 4096, 4096, 4096, 4096, 4096, 4096, 4096, 4096, 4096, 4096, 4096, 4096, 4096, 4096, 4096]",2.4.90,OK
b200,NVIDIA B200,fc2,skewed,64,4096,262144,2560,1600,1600,2560,bf16,2147483648000.0,1.770642547607422,4.902840728759766,6.673483276367188,1212.8273156554292,876.0160759059504,53.9034362513524,38.93404781804224,nvjet_tst_256x96_64x5_2x1_2cta_v_bz_TNT,"[8192, 8192, 8192, 8192, 8192, 8192, 8192, 8192, 8192, 8192, 8192, 8192, 8192, 8192, 8192, 8192, 2730, 2730, 2730, 2730, 2730, 2730, 2730, 2730, 2730, 2730, 2730, 2730, 2730, 2730, 2730, 2730, 2730, 2730, 2730, 2730, 2730, 2730, 2730, 2730, 2730, 2730, 2730, 2730, 2730, 2730, 2730, 2730, 2730, 2730, 2730, 2730, 2730, 2730, 2730, 2730, 2730, 2730, 2730, 2730, 2730, 2730, 2730, 2762]",2.4.90,OK
b200,NVIDIA B200,fc1,balanced,64,4096,262144,4096,1280,4096,2560,bf16,5497558138880.0,4.248345642089844,8.726991271972658,12.9753369140625,1294.0468130497131,1259.897705303268,57.513191691098356,55.995453569034126,nvjet_tst_128x192_64x7_2x1_2cta_v_bz_TNT,"[4096, 4096, 4096, 4096, 4096, 4096, 4096, 4096, 4096, 4096, 4096, 4096, 4096, 4096, 4096, 4096, 4096, 4096, 4096, 4096, 4096, 4096, 4096, 4096, 4096, 4096, 4096, 4096, 4096, 4096, 4096, 4096, 4096, 4096, 4096, 4096, 4096, 4096, 4096, 4096, 4096, 4096, 4096, 4096, 4096, 4096, 4096, 4096, 4096, 4096, 4096, 4096, 4096, 4096, 4096, 4096, 4096, 4096, 4096, 4096, 4096, 4096, 4096, 4096]",2.4.90,OK
b200,NVIDIA B200,fc1,skewed,64,4096,262144,4096,1280,4096,2560,bf16,5497558138880.0,4.367150573730469,9.307945861816407,13.675096435546875,1258.8432768838388,1181.2613052322106,55.948590083726174,52.50050245476491,nvjet_tst_256x208_64x4_2x1_2cta_v_bz_TNT,"[8192, 8192, 8192, 8192, 8192, 8192, 8192, 8192, 8192, 8192, 8192, 8192, 8192, 8192, 8192, 8192, 2730, 2730, 2730, 2730, 2730, 2730, 2730, 2730, 2730, 2730, 2730, 2730, 2730, 2730, 2730, 2730, 2730, 2730, 2730, 2730, 2730, 2730, 2730, 2730, 2730, 2730, 2730, 2730, 2730, 2730, 2730, 2730, 2730, 2730, 2730, 2730, 2730, 2730, 2730, 2730, 2730, 2730, 2730, 2730, 2730, 2730, 2730, 2762]",2.4.90,OK
b200,NVIDIA B200,fc2,balanced,64,4096,262144,4096,1280,1280,4096,bf16,2748779069440.0,2.1039520263671876,5.941190795898438,8.045142822265625,1306.4837196816745,925.3293367846891,58.065943096963316,41.125748301541734,nvjet_tst_128x256_64x6_2x2_2cta_h_bz_TNT,"[4096, 4096, 4096, 4096, 4096, 4096, 4096, 4096, 4096, 4096, 4096, 4096, 4096, 4096, 4096, 4096, 4096, 4096, 4096, 4096, 4096, 4096, 4096, 4096, 4096, 4096, 4096, 4096, 4096, 4096, 4096, 4096, 4096, 4096, 4096, 4096, 4096, 4096, 4096, 4096, 4096, 4096, 4096, 4096, 4096, 4096, 4096, 4096, 4096, 4096, 4096, 4096, 4096, 4096, 4096, 4096, 4096, 4096, 4096, 4096, 4096, 4096, 4096, 4096]",2.4.90,OK
b200,NVIDIA B200,fc2,skewed,64,4096,262144,4096,1280,1280,4096,bf16,2748779069440.0,2.2976133728027346,5.890792999267578,8.188406372070313,1196.3627571016932,933.2458532431083,53.17167809340858,41.47759347747148,nvjet_tst_176x128_64x8_2x2_2cta_h_bz_TNN,"[8192, 8192, 8192, 8192, 8192, 8192, 8192, 8192, 8192, 8192, 8192, 8192, 8192, 8192, 8192, 8192, 2730, 2730, 2730, 2730, 2730, 2730, 2730, 2730, 2730, 2730, 2730, 2730, 2730, 2730, 2730, 2730, 2730, 2730, 2730, 2730, 2730, 2730, 2730, 2730, 2730, 2730, 2730, 2730, 2730, 2730, 2730, 2730, 2730, 2730, 2730, 2730, 2730, 2730, 2730, 2730, 2730, 2730, 2730, 2730, 2730, 2730, 2730, 2762]",2.4.90,OK
b200,NVIDIA B200,fc1,balanced,64,4096,262144,6144,1536,6144,3072,bf16,9895604649984.0,7.74063232421875,13.1889453125,20.92957763671875,1278.3974532704276,1500.5907471017122,56.817664589796784,66.69292209340942,nvjet_tst_128x256_64x6_2x2_2cta_h_bz_TNT,"[4096, 4096, 4096, 4096, 4096, 4096, 4096, 4096, 4096, 4096, 4096, 4096, 4096, 4096, 4096, 4096, 4096, 4096, 4096, 4096, 4096, 4096, 4096, 4096, 4096, 4096, 4096, 4096, 4096, 4096, 4096, 4096, 4096, 4096, 4096, 4096, 4096, 4096, 4096, 4096, 4096, 4096, 4096, 4096, 4096, 4096, 4096, 4096, 4096, 4096, 4096, 4096, 4096, 4096, 4096, 4096, 4096, 4096, 4096, 4096, 4096, 4096, 4096, 4096]",2.4.90,OK
b200,NVIDIA B200,fc1,skewed,64,4096,262144,6144,1536,6144,3072,bf16,9895604649984.0,7.894337768554688,13.56505676269531,21.45939453125,1253.5066195673699,1458.9846283868835,55.71140531410533,64.84376126163926,nvjet_tst_256x128_64x5_2x2_2cta_h_bz_TNT,"[8192, 8192, 8192, 8192, 8192, 8192, 8192, 8192, 8192, 8192, 8192, 8192, 8192, 8192, 8192, 8192, 2730, 2730, 2730, 2730, 2730, 2730, 2730, 2730, 2730, 2730, 2730, 2730, 2730, 2730, 2730, 2730, 2730, 2730, 2730, 2730, 2730, 2730, 2730, 2730, 2730, 2730, 2730, 2730, 2730, 2730, 2730, 2730, 2730, 2730, 2730, 2730, 2730, 2730, 2730, 2730, 2730, 2730, 2730, 2730, 2730, 2730, 2730, 2762]",2.4.90,OK
b200,NVIDIA B200,fc2,balanced,64,4096,262144,6144,1536,1536,6144,bf16,4947802324992.0,3.8524871826171876,9.140333862304688,12.992821044921875,1284.3137667834392,1082.6305470956697,57.080611857041745,48.116913204251986,nvjet_tst_128x256_64x6_2x2_2cta_h_bz_TNT,"[4096, 4096, 4096, 4096, 4096, 4096, 4096, 4096, 4096, 4096, 4096, 4096, 4096, 4096, 4096, 4096, 4096, 4096, 4096, 4096, 4096, 4096, 4096, 4096, 4096, 4096, 4096, 4096, 4096, 4096, 4096, 4096, 4096, 4096, 4096, 4096, 4096, 4096, 4096, 4096, 4096, 4096, 4096, 4096, 4096, 4096, 4096, 4096, 4096, 4096, 4096, 4096, 4096, 4096, 4096, 4096, 4096, 4096, 4096, 4096, 4096, 4096, 4096, 4096]",2.4.90,OK
b200,NVIDIA B200,fc2,skewed,64,4096,262144,6144,1536,1536,6144,bf16,4947802324992.0,3.9165805053710936,9.084859924316406,13.0014404296875,1263.2964695112782,1089.2413017285567,56.14650975605681,48.41072452126919,nvjet_tst_256x128_64x5_2x2_2cta_h_bz_TNT,"[8192, 8192, 8192, 8192, 8192, 8192, 8192, 8192, 8192, 8192, 8192, 8192, 8192, 8192, 8192, 8192, 2730, 2730, 2730, 2730, 2730, 2730, 2730, 2730, 2730, 2730, 2730, 2730, 2730, 2730, 2730, 2730, 2730, 2730, 2730, 2730, 2730, 2730, 2730, 2730, 2730, 2730, 2730, 2730, 2730, 2730, 2730, 2730, 2730, 2730, 2730, 2730, 2730, 2730, 2730, 2730, 2730, 2730, 2730, 2730, 2730, 2730, 2730, 2762]",2.4.90,OK
b200,NVIDIA B200,fc1,balanced,128,64,8192,1024,1280,1024,2560,bf16,42949672960.0,1.9602470397949219,6.357081451416015,8.317328491210937,21.91033685452898,13.51238718215043,0.9737927490901768,0.6005505414289081,nvjet_tst_24x64_64x16_4x1_v_bz_TNN,"[64, 64, 64, 64, 64, 64, 64, 64, 64, 64, 64, 64, 64, 64, 64, 64, 64, 64, 64, 64, 64, 64, 64, 64, 64, 64, 64, 64, 64, 64, 64, 64, 64, 64, 64, 64, 64, 64, 64, 64, 64, 64, 64, 64, 64, 64, 64, 64, 64, 64, 64, 64, 64, 64, 64, 64, 64, 64, 64, 64, 64, 64, 64, 64, 64, 64, 64, 64, 64, 64, 64, 64, 64, 64, 64, 64, 64, 64, 64, 64, 64, 64, 64, 64, 64, 64, 64, 64, 64, 64, 64, 64, 64, 64, 64, 64, 64, 64, 64, 64, 64, 64, 64, 64, 64, 64, 64, 64, 64, 64, 64, 64, 64, 64, 64, 64, 64, 64, 64, 64, 64, 64, 64, 64, 64, 64, 64, 64]",2.4.90,OK
b200,NVIDIA B200,fc1,skewed,128,64,8192,1024,1280,1024,2560,bf16,42949672960.0,1.9754118347167968,6.393080596923829,8.368492431640625,21.742136097993683,13.436299545688875,0.9663171599108304,0.5971688686972834,nvjet_tst_64x16_64x16_2x1_2cta_v_bz_TNT,"[128, 128, 128, 128, 128, 128, 128, 128, 128, 128, 128, 128, 128, 128, 128, 128, 128, 128, 128, 128, 128, 128, 128, 128, 128, 128, 128, 128, 128, 128, 128, 128, 42, 42, 42, 42, 42, 42, 42, 42, 42, 42, 42, 42, 42, 42, 42, 42, 42, 42, 42, 42, 42, 42, 42, 42, 42, 42, 42, 42, 42, 42, 42, 42, 42, 42, 42, 42, 42, 42, 42, 42, 42, 42, 42, 42, 42, 42, 42, 42, 42, 42, 42, 42, 42, 42, 42, 42, 42, 42, 42, 42, 42, 42, 42, 42, 42, 42, 42, 42, 42, 42, 42, 42, 42, 42, 42, 42, 42, 42, 42, 42, 42, 42, 42, 42, 42, 42, 42, 42, 42, 42, 42, 42, 42, 42, 42, 106]",2.4.90,OK
b200,NVIDIA B200,fc2,balanced,128,64,8192,1024,1280,1280,1024,bf16,21474836480.0,1.9668684387207032,6.3784190368652345,8.345287475585938,10.91828820740432,6.733592244687052,0.4852572536624143,0.29927076643053563,nvjet_tst_64x8_64x16_1x4_h_bz_TNT,"[64, 64, 64, 64, 64, 64, 64, 64, 64, 64, 64, 64, 64, 64, 64, 64, 64, 64, 64, 64, 64, 64, 64, 64, 64, 64, 64, 64, 64, 64, 64, 64, 64, 64, 64, 64, 64, 64, 64, 64, 64, 64, 64, 64, 64, 64, 64, 64, 64, 64, 64, 64, 64, 64, 64, 64, 64, 64, 64, 64, 64, 64, 64, 64, 64, 64, 64, 64, 64, 64, 64, 64, 64, 64, 64, 64, 64, 64, 64, 64, 64, 64, 64, 64, 64, 64, 64, 64, 64, 64, 64, 64, 64, 64, 64, 64, 64, 64, 64, 64, 64, 64, 64, 64, 64, 64, 64, 64, 64, 64, 64, 64, 64, 64, 64, 64, 64, 64, 64, 64, 64, 64, 64, 64, 64, 64, 64, 64]",2.4.90,OK
b200,NVIDIA B200,fc2,skewed,128,64,8192,1024,1280,1280,1024,bf16,21474836480.0,1.983502655029297,6.426651153564452,8.41015380859375,10.82672434319621,6.683056530332842,0.48118774858649827,0.2970247346814597,nvjet_tst_8x64_64x16_4x1_v_bz_TNN,"[128, 128, 128, 128, 128, 128, 128, 128, 128, 128, 128, 128, 128, 128, 128, 128, 128, 128, 128, 128, 128, 128, 128, 128, 128, 128, 128, 128, 128, 128, 128, 128, 42, 42, 42, 42, 42, 42, 42, 42, 42, 42, 42, 42, 42, 42, 42, 42, 42, 42, 42, 42, 42, 42, 42, 42, 42, 42, 42, 42, 42, 42, 42, 42, 42, 42, 42, 42, 42, 42, 42, 42, 42, 42, 42, 42, 42, 42, 42, 42, 42, 42, 42, 42, 42, 42, 42, 42, 42, 42, 42, 42, 42, 42, 42, 42, 42, 42, 42, 42, 42, 42, 42, 42, 42, 42, 42, 42, 42, 42, 42, 42, 42, 42, 42, 42, 42, 42, 42, 42, 42, 42, 42, 42, 42, 42, 42, 106]",2.4.90,OK
b200,NVIDIA B200,fc1,balanced,128,64,8192,2048,1280,2048,2560,bf16,85899345920.0,1.981196746826172,6.414778594970703,8.395975341796875,43.35730212438953,26.78170248536608,1.9269912055284233,1.1902978882384923,nvjet_tst_64x32_64x16_2x2_2cta_h_bz_TNT,"[64, 64, 64, 64, 64, 64, 64, 64, 64, 64, 64, 64, 64, 64, 64, 64, 64, 64, 64, 64, 64, 64, 64, 64, 64, 64, 64, 64, 64, 64, 64, 64, 64, 64, 64, 64, 64, 64, 64, 64, 64, 64, 64, 64, 64, 64, 64, 64, 64, 64, 64, 64, 64, 64, 64, 64, 64, 64, 64, 64, 64, 64, 64, 64, 64, 64, 64, 64, 64, 64, 64, 64, 64, 64, 64, 64, 64, 64, 64, 64, 64, 64, 64, 64, 64, 64, 64, 64, 64, 64, 64, 64, 64, 64, 64, 64, 64, 64, 64, 64, 64, 64, 64, 64, 64, 64, 64, 64, 64, 64, 64, 64, 64, 64, 64, 64, 64, 64, 64, 64, 64, 64, 64, 64, 64, 64, 64, 64]",2.4.90,OK
b200,NVIDIA B200,fc1,skewed,128,64,8192,2048,1280,2048,2560,bf16,85899345920.0,2.002549743652344,6.430527648925782,8.433077392578125,42.89498734914457,26.71611121502587,1.9064438821842034,1.1873827206678162,nvjet_tst_64x16_64x16_2x1_2cta_v_bz_TNT,"[128, 128, 128, 128, 128, 128, 128, 128, 128, 128, 128, 128, 128, 128, 128, 128, 128, 128, 128, 128, 128, 128, 128, 128, 128, 128, 128, 128, 128, 128, 128, 128, 42, 42, 42, 42, 42, 42, 42, 42, 42, 42, 42, 42, 42, 42, 42, 42, 42, 42, 42, 42, 42, 42, 42, 42, 42, 42, 42, 42, 42, 42, 42, 42, 42, 42, 42, 42, 42, 42, 42, 42, 42, 42, 42, 42, 42, 42, 42, 42, 42, 42, 42, 42, 42, 42, 42, 42, 42, 42, 42, 42, 42, 42, 42, 42, 42, 42, 42, 42, 42, 42, 42, 42, 42, 42, 42, 42, 42, 42, 42, 42, 42, 42, 42, 42, 42, 42, 42, 42, 42, 42, 42, 42, 42, 42, 42, 106]",2.4.90,OK
b200,NVIDIA B200,fc2,balanced,128,64,8192,2048,1280,1280,2048,bf16,42949672960.0,1.9827558898925781,6.432442474365233,8.415198364257812,21.661604022433107,13.3540791483684,0.9627379565525825,0.5935146288163734,nvjet_tst_64x16_64x16_2x2_2cta_h_bz_TNT,"[64, 64, 64, 64, 64, 64, 64, 64, 64, 64, 64, 64, 64, 64, 64, 64, 64, 64, 64, 64, 64, 64, 64, 64, 64, 64, 64, 64, 64, 64, 64, 64, 64, 64, 64, 64, 64, 64, 64, 64, 64, 64, 64, 64, 64, 64, 64, 64, 64, 64, 64, 64, 64, 64, 64, 64, 64, 64, 64, 64, 64, 64, 64, 64, 64, 64, 64, 64, 64, 64, 64, 64, 64, 64, 64, 64, 64, 64, 64, 64, 64, 64, 64, 64, 64, 64, 64, 64, 64, 64, 64, 64, 64, 64, 64, 64, 64, 64, 64, 64, 64, 64, 64, 64, 64, 64, 64, 64, 64, 64, 64, 64, 64, 64, 64, 64, 64, 64, 64, 64, 64, 64, 64, 64, 64, 64, 64, 64]",2.4.90,OK
b200,NVIDIA B200,fc2,skewed,128,64,8192,2048,1280,1280,2048,bf16,42949672960.0,1.9772032165527345,6.431126861572265,8.408330078125,21.722437329878016,13.356810986465218,0.9654416591056896,0.5936360438428986,nvjet_tst_16x64_64x16_4x1_v_bz_TNN,"[128, 128, 128, 128, 128, 128, 128, 128, 128, 128, 128, 128, 128, 128, 128, 128, 128, 128, 128, 128, 128, 128, 128, 128, 128, 128, 128, 128, 128, 128, 128, 128, 42, 42, 42, 42, 42, 42, 42, 42, 42, 42, 42, 42, 42, 42, 42, 42, 42, 42, 42, 42, 42, 42, 42, 42, 42, 42, 42, 42, 42, 42, 42, 42, 42, 42, 42, 42, 42, 42, 42, 42, 42, 42, 42, 42, 42, 42, 42, 42, 42, 42, 42, 42, 42, 42, 42, 42, 42, 42, 42, 42, 42, 42, 42, 42, 42, 42, 42, 42, 42, 42, 42, 42, 42, 42, 42, 42, 42, 42, 42, 42, 42, 42, 42, 42, 42, 42, 42, 42, 42, 42, 42, 42, 42, 42, 42, 106]",2.4.90,OK
b200,NVIDIA B200,fc1,balanced,128,64,8192,2560,1600,2560,3200,bf16,134217728000.0,1.9776197814941405,6.483780364990234,8.461400146484374,67.86831789202432,41.401071734237306,3.01636968408997,1.840047632632769,nvjet_tst_64x32_64x16_2x2_2cta_h_bz_TNT,"[64, 64, 64, 64, 64, 64, 64, 64, 64, 64, 64, 64, 64, 64, 64, 64, 64, 64, 64, 64, 64, 64, 64, 64, 64, 64, 64, 64, 64, 64, 64, 64, 64, 64, 64, 64, 64, 64, 64, 64, 64, 64, 64, 64, 64, 64, 64, 64, 64, 64, 64, 64, 64, 64, 64, 64, 64, 64, 64, 64, 64, 64, 64, 64, 64, 64, 64, 64, 64, 64, 64, 64, 64, 64, 64, 64, 64, 64, 64, 64, 64, 64, 64, 64, 64, 64, 64, 64, 64, 64, 64, 64, 64, 64, 64, 64, 64, 64, 64, 64, 64, 64, 64, 64, 64, 64, 64, 64, 64, 64, 64, 64, 64, 64, 64, 64, 64, 64, 64, 64, 64, 64, 64, 64, 64, 64, 64, 64]",2.4.90,OK
b200,NVIDIA B200,fc1,skewed,128,64,8192,2560,1600,2560,3200,bf16,134217728000.0,1.9813536071777345,6.4638008117675785,8.445154418945313,67.74042125230815,41.529042094135036,3.0106853889914733,1.8457352041837796,nvjet_tst_64x24_64x16_4x2_h_bz_TNT,"[128, 128, 128, 128, 128, 128, 128, 128, 128, 128, 128, 128, 128, 128, 128, 128, 128, 128, 128, 128, 128, 128, 128, 128, 128, 128, 128, 128, 128, 128, 128, 128, 42, 42, 42, 42, 42, 42, 42, 42, 42, 42, 42, 42, 42, 42, 42, 42, 42, 42, 42, 42, 42, 42, 42, 42, 42, 42, 42, 42, 42, 42, 42, 42, 42, 42, 42, 42, 42, 42, 42, 42, 42, 42, 42, 42, 42, 42, 42, 42, 42, 42, 42, 42, 42, 42, 42, 42, 42, 42, 42, 42, 42, 42, 42, 42, 42, 42, 42, 42, 42, 42, 42, 42, 42, 42, 42, 42, 42, 42, 42, 42, 42, 42, 42, 42, 42, 42, 42, 42, 42, 42, 42, 42, 42, 42, 42, 106]",2.4.90,OK
b200,NVIDIA B200,fc2,balanced,128,64,8192,2560,1600,1600,2560,bf16,67108864000.0,1.9709977722167968,6.418142242431641,8.389140014648438,34.048168367294565,20.912239543813683,1.513251927435314,0.9294328686139416,nvjet_tst_24x64_64x16_4x1_v_bz_TNN,"[64, 64, 64, 64, 64, 64, 64, 64, 64, 64, 64, 64, 64, 64, 64, 64, 64, 64, 64, 64, 64, 64, 64, 64, 64, 64, 64, 64, 64, 64, 64, 64, 64, 64, 64, 64, 64, 64, 64, 64, 64, 64, 64, 64, 64, 64, 64, 64, 64, 64, 64, 64, 64, 64, 64, 64, 64, 64, 64, 64, 64, 64, 64, 64, 64, 64, 64, 64, 64, 64, 64, 64, 64, 64, 64, 64, 64, 64, 64, 64, 64, 64, 64, 64, 64, 64, 64, 64, 64, 64, 64, 64, 64, 64, 64, 64, 64, 64, 64, 64, 64, 64, 64, 64, 64, 64, 64, 64, 64, 64, 64, 64, 64, 64, 64, 64, 64, 64, 64, 64, 64, 64, 64, 64, 64, 64, 64, 64]",2.4.90,OK
b200,NVIDIA B200,fc2,skewed,128,64,8192,2560,1600,1600,2560,bf16,67108864000.0,1.9776109313964845,6.4412086486816404,8.418819580078125,33.93431080632794,20.83735139172539,1.5081915913923531,0.9261045062989063,nvjet_tst_64x16_64x16_2x1_2cta_v_bz_TNT,"[128, 128, 128, 128, 128, 128, 128, 128, 128, 128, 128, 128, 128, 128, 128, 128, 128, 128, 128, 128, 128, 128, 128, 128, 128, 128, 128, 128, 128, 128, 128, 128, 42, 42, 42, 42, 42, 42, 42, 42, 42, 42, 42, 42, 42, 42, 42, 42, 42, 42, 42, 42, 42, 42, 42, 42, 42, 42, 42, 42, 42, 42, 42, 42, 42, 42, 42, 42, 42, 42, 42, 42, 42, 42, 42, 42, 42, 42, 42, 42, 42, 42, 42, 42, 42, 42, 42, 42, 42, 42, 42, 42, 42, 42, 42, 42, 42, 42, 42, 42, 42, 42, 42, 42, 42, 42, 42, 42, 42, 42, 42, 42, 42, 42, 42, 42, 42, 42, 42, 42, 42, 42, 42, 42, 42, 42, 42, 106]",2.4.90,OK
b200,NVIDIA B200,fc1,balanced,128,64,8192,4096,1280,4096,2560,bf16,171798691840.0,1.9910995483398437,6.476211242675782,8.467310791015626,86.2833262069914,53.055308235751056,3.834814498088507,2.3580136993667136,nvjet_tst_64x32_64x16_2x2_2cta_h_bz_TNT,"[64, 64, 64, 64, 64, 64, 64, 64, 64, 64, 64, 64, 64, 64, 64, 64, 64, 64, 64, 64, 64, 64, 64, 64, 64, 64, 64, 64, 64, 64, 64, 64, 64, 64, 64, 64, 64, 64, 64, 64, 64, 64, 64, 64, 64, 64, 64, 64, 64, 64, 64, 64, 64, 64, 64, 64, 64, 64, 64, 64, 64, 64, 64, 64, 64, 64, 64, 64, 64, 64, 64, 64, 64, 64, 64, 64, 64, 64, 64, 64, 64, 64, 64, 64, 64, 64, 64, 64, 64, 64, 64, 64, 64, 64, 64, 64, 64, 64, 64, 64, 64, 64, 64, 64, 64, 64, 64, 64, 64, 64, 64, 64, 64, 64, 64, 64, 64, 64, 64, 64, 64, 64, 64, 64, 64, 64, 64, 64]",2.4.90,OK
b200,NVIDIA B200,fc1,skewed,128,64,8192,4096,1280,4096,2560,bf16,171798691840.0,1.984952392578125,6.472661132812501,8.457613525390625,86.55053515760241,53.08440788567901,3.8466904514489957,2.3593070171412895,nvjet_tst_64x16_64x16_2x1_2cta_v_bz_TNT,"[128, 128, 128, 128, 128, 128, 128, 128, 128, 128, 128, 128, 128, 128, 128, 128, 128, 128, 128, 128, 128, 128, 128, 128, 128, 128, 128, 128, 128, 128, 128, 128, 42, 42, 42, 42, 42, 42, 42, 42, 42, 42, 42, 42, 42, 42, 42, 42, 42, 42, 42, 42, 42, 42, 42, 42, 42, 42, 42, 42, 42, 42, 42, 42, 42, 42, 42, 42, 42, 42, 42, 42, 42, 42, 42, 42, 42, 42, 42, 42, 42, 42, 42, 42, 42, 42, 42, 42, 42, 42, 42, 42, 42, 42, 42, 42, 42, 42, 42, 42, 42, 42, 42, 42, 42, 42, 42, 42, 42, 42, 42, 42, 42, 42, 42, 42, 42, 42, 42, 42, 42, 42, 42, 42, 42, 42, 42, 106]",2.4.90,OK
b200,NVIDIA B200,fc2,balanced,128,64,8192,4096,1280,1280,4096,bf16,85899345920.0,2.3595033264160157,8.766495208740233,11.12599853515625,36.40568968829445,19.59719223581118,1.6180306528130868,0.8709863215916079,nvjet_tst_64x32_64x16_2x2_2cta_h_bz_TNT,"[64, 64, 64, 64, 64, 64, 64, 64, 64, 64, 64, 64, 64, 64, 64, 64, 64, 64, 64, 64, 64, 64, 64, 64, 64, 64, 64, 64, 64, 64, 64, 64, 64, 64, 64, 64, 64, 64, 64, 64, 64, 64, 64, 64, 64, 64, 64, 64, 64, 64, 64, 64, 64, 64, 64, 64, 64, 64, 64, 64, 64, 64, 64, 64, 64, 64, 64, 64, 64, 64, 64, 64, 64, 64, 64, 64, 64, 64, 64, 64, 64, 64, 64, 64, 64, 64, 64, 64, 64, 64, 64, 64, 64, 64, 64, 64, 64, 64, 64, 64, 64, 64, 64, 64, 64, 64, 64, 64, 64, 64, 64, 64, 64, 64, 64, 64, 64, 64, 64, 64, 64, 64, 64, 64, 64, 64, 64, 64]",2.4.90,OK
b200,NVIDIA B200,fc2,skewed,128,64,8192,4096,1280,1280,4096,bf16,85899345920.0,2.4889485168457033,6.752662811279297,9.241611328125,34.51230322307431,25.441621570832233,1.5338801432477474,1.1307387364814325,nvjet_tst_64x24_64x16_2x2_h_bz_TNT,"[128, 128, 128, 128, 128, 128, 128, 128, 128, 128, 128, 128, 128, 128, 128, 128, 128, 128, 128, 128, 128, 128, 128, 128, 128, 128, 128, 128, 128, 128, 128, 128, 42, 42, 42, 42, 42, 42, 42, 42, 42, 42, 42, 42, 42, 42, 42, 42, 42, 42, 42, 42, 42, 42, 42, 42, 42, 42, 42, 42, 42, 42, 42, 42, 42, 42, 42, 42, 42, 42, 42, 42, 42, 42, 42, 42, 42, 42, 42, 42, 42, 42, 42, 42, 42, 42, 42, 42, 42, 42, 42, 42, 42, 42, 42, 42, 42, 42, 42, 42, 42, 42, 42, 42, 42, 42, 42, 42, 42, 42, 42, 42, 42, 42, 42, 42, 42, 42, 42, 42, 42, 42, 42, 42, 42, 42, 42, 106]",2.4.90,OK
b200,NVIDIA B200,fc1,balanced,128,64,8192,6144,1536,6144,3072,bf16,309237645312.0,2.8632928466796876,8.721460571289063,11.58475341796875,108.00070473776236,70.91418754560593,4.800031321678327,3.151741668693597,nvjet_tst_64x32_64x16_2x1_2cta_v_bz_splitK_TNT,"[64, 64, 64, 64, 64, 64, 64, 64, 64, 64, 64, 64, 64, 64, 64, 64, 64, 64, 64, 64, 64, 64, 64, 64, 64, 64, 64, 64, 64, 64, 64, 64, 64, 64, 64, 64, 64, 64, 64, 64, 64, 64, 64, 64, 64, 64, 64, 64, 64, 64, 64, 64, 64, 64, 64, 64, 64, 64, 64, 64, 64, 64, 64, 64, 64, 64, 64, 64, 64, 64, 64, 64, 64, 64, 64, 64, 64, 64, 64, 64, 64, 64, 64, 64, 64, 64, 64, 64, 64, 64, 64, 64, 64, 64, 64, 64, 64, 64, 64, 64, 64, 64, 64, 64, 64, 64, 64, 64, 64, 64, 64, 64, 64, 64, 64, 64, 64, 64, 64, 64, 64, 64, 64, 64, 64, 64, 64, 64]",2.4.90,OK
b200,NVIDIA B200,fc1,skewed,128,64,8192,6144,1536,6144,3072,bf16,309237645312.0,2.005315246582031,9.642797546386719,11.64811279296875,154.208993243871,64.1385746873583,6.853733033060933,2.850603319438147,nvjet_tst_64x16_64x16_2x1_2cta_v_bz_TNT,"[128, 128, 128, 128, 128, 128, 128, 128, 128, 128, 128, 128, 128, 128, 128, 128, 128, 128, 128, 128, 128, 128, 128, 128, 128, 128, 128, 128, 128, 128, 128, 128, 42, 42, 42, 42, 42, 42, 42, 42, 42, 42, 42, 42, 42, 42, 42, 42, 42, 42, 42, 42, 42, 42, 42, 42, 42, 42, 42, 42, 42, 42, 42, 42, 42, 42, 42, 42, 42, 42, 42, 42, 42, 42, 42, 42, 42, 42, 42, 42, 42, 42, 42, 42, 42, 42, 42, 42, 42, 42, 42, 42, 42, 42, 42, 42, 42, 42, 42, 42, 42, 42, 42, 42, 42, 42, 42, 42, 42, 42, 42, 42, 42, 42, 42, 42, 42, 42, 42, 42, 42, 42, 42, 42, 42, 42, 42, 106]",2.4.90,OK
b200,NVIDIA B200,fc2,balanced,128,64,8192,6144,1536,1536,6144,bf16,154618822656.0,2.0787277221679688,6.874118957519531,8.9528466796875,74.38146949555437,44.98578613826983,3.3058430886913057,1.9993682728119926,nvjet_tst_48x64_64x15_4x1_v_bz_TNN,"[64, 64, 64, 64, 64, 64, 64, 64, 64, 64, 64, 64, 64, 64, 64, 64, 64, 64, 64, 64, 64, 64, 64, 64, 64, 64, 64, 64, 64, 64, 64, 64, 64, 64, 64, 64, 64, 64, 64, 64, 64, 64, 64, 64, 64, 64, 64, 64, 64, 64, 64, 64, 64, 64, 64, 64, 64, 64, 64, 64, 64, 64, 64, 64, 64, 64, 64, 64, 64, 64, 64, 64, 64, 64, 64, 64, 64, 64, 64, 64, 64, 64, 64, 64, 64, 64, 64, 64, 64, 64, 64, 64, 64, 64, 64, 64, 64, 64, 64, 64, 64, 64, 64, 64, 64, 64, 64, 64, 64, 64, 64, 64, 64, 64, 64, 64, 64, 64, 64, 64, 64, 64, 64, 64, 64, 64, 64, 64]",2.4.90,OK
b200,NVIDIA B200,fc2,skewed,128,64,8192,6144,1536,1536,6144,bf16,154618822656.0,1.9937913513183594,7.007676544189453,9.001467895507812,77.55015215296277,44.128413085562606,3.446673429020567,1.9612628038027824,nvjet_tst_48x64_64x15_4x1_v_bz_TNN,"[128, 128, 128, 128, 128, 128, 128, 128, 128, 128, 128, 128, 128, 128, 128, 128, 128, 128, 128, 128, 128, 128, 128, 128, 128, 128, 128, 128, 128, 128, 128, 128, 42, 42, 42, 42, 42, 42, 42, 42, 42, 42, 42, 42, 42, 42, 42, 42, 42, 42, 42, 42, 42, 42, 42, 42, 42, 42, 42, 42, 42, 42, 42, 42, 42, 42, 42, 42, 42, 42, 42, 42, 42, 42, 42, 42, 42, 42, 42, 42, 42, 42, 42, 42, 42, 42, 42, 42, 42, 42, 42, 42, 42, 42, 42, 42, 42, 42, 42, 42, 42, 42, 42, 42, 42, 42, 42, 42, 42, 42, 42, 42, 42, 42, 42, 42, 42, 42, 42, 42, 42, 42, 42, 42, 42, 42, 42, 106]",2.4.90,OK
b200,NVIDIA B200,fc1,balanced,128,128,16384,1024,1280,1024,2560,bf16,85899345920.0,1.9893939208984375,6.4122204589843745,8.401614379882812,43.17865105429029,26.792386964688205,1.9190511579684575,1.1907727539861424,nvjet_tst_48x64_64x16_4x2_2cta_h_bz_TNN,"[128, 128, 128, 128, 128, 128, 128, 128, 128, 128, 128, 128, 128, 128, 128, 128, 128, 128, 128, 128, 128, 128, 128, 128, 128, 128, 128, 128, 128, 128, 128, 128, 128, 128, 128, 128, 128, 128, 128, 128, 128, 128, 128, 128, 128, 128, 128, 128, 128, 128, 128, 128, 128, 128, 128, 128, 128, 128, 128, 128, 128, 128, 128, 128, 128, 128, 128, 128, 128, 128, 128, 128, 128, 128, 128, 128, 128, 128, 128, 128, 128, 128, 128, 128, 128, 128, 128, 128, 128, 128, 128, 128, 128, 128, 128, 128, 128, 128, 128, 128, 128, 128, 128, 128, 128, 128, 128, 128, 128, 128, 128, 128, 128, 128, 128, 128, 128, 128, 128, 128, 128, 128, 128, 128, 128, 128, 128, 128]",2.4.90,OK
b200,NVIDIA B200,fc1,skewed,128,128,16384,1024,1280,1024,2560,bf16,85899345920.0,1.9846438598632812,6.4382199096679695,8.42286376953125,43.28199515147139,26.684191321582233,1.923644228954284,1.1859640587369882,nvjet_tst_64x32_64x16_2x1_2cta_v_bz_TNT,"[256, 256, 256, 256, 256, 256, 256, 256, 256, 256, 256, 256, 256, 256, 256, 256, 256, 256, 256, 256, 256, 256, 256, 256, 256, 256, 256, 256, 256, 256, 256, 256, 85, 85, 85, 85, 85, 85, 85, 85, 85, 85, 85, 85, 85, 85, 85, 85, 85, 85, 85, 85, 85, 85, 85, 85, 85, 85, 85, 85, 85, 85, 85, 85, 85, 85, 85, 85, 85, 85, 85, 85, 85, 85, 85, 85, 85, 85, 85, 85, 85, 85, 85, 85, 85, 85, 85, 85, 85, 85, 85, 85, 85, 85, 85, 85, 85, 85, 85, 85, 85, 85, 85, 85, 85, 85, 85, 85, 85, 85, 85, 85, 85, 85, 85, 85, 85, 85, 85, 85, 85, 85, 85, 85, 85, 85, 85, 117]",2.4.90,OK
b200,NVIDIA B200,fc2,balanced,128,128,16384,1024,1280,1280,1024,bf16,42949672960.0,1.97491455078125,6.392058105468751,8.36697265625,21.747610772835554,13.43844885366553,0.9665604787926914,0.5972643934962457,nvjet_tst_64x16_64x16_2x2_2cta_h_bz_TNT,"[128, 128, 128, 128, 128, 128, 128, 128, 128, 128, 128, 128, 128, 128, 128, 128, 128, 128, 128, 128, 128, 128, 128, 128, 128, 128, 128, 128, 128, 128, 128, 128, 128, 128, 128, 128, 128, 128, 128, 128, 128, 128, 128, 128, 128, 128, 128, 128, 128, 128, 128, 128, 128, 128, 128, 128, 128, 128, 128, 128, 128, 128, 128, 128, 128, 128, 128, 128, 128, 128, 128, 128, 128, 128, 128, 128, 128, 128, 128, 128, 128, 128, 128, 128, 128, 128, 128, 128, 128, 128, 128, 128, 128, 128, 128, 128, 128, 128, 128, 128, 128, 128, 128, 128, 128, 128, 128, 128, 128, 128, 128, 128, 128, 128, 128, 128, 128, 128, 128, 128, 128, 128, 128, 128, 128, 128, 128, 128]",2.4.90,OK
b200,NVIDIA B200,fc2,skewed,128,128,16384,1024,1280,1280,1024,bf16,42949672960.0,1.9908256530761719,7.33552505493164,9.326350708007812,21.573799239343376,11.710047375852156,0.9588355217485944,0.5204465500378735,nvjet_tst_16x64_64x16_2x2_2cta_h_bz_TNN,"[256, 256, 256, 256, 256, 256, 256, 256, 256, 256, 256, 256, 256, 256, 256, 256, 256, 256, 256, 256, 256, 256, 256, 256, 256, 256, 256, 256, 256, 256, 256, 256, 85, 85, 85, 85, 85, 85, 85, 85, 85, 85, 85, 85, 85, 85, 85, 85, 85, 85, 85, 85, 85, 85, 85, 85, 85, 85, 85, 85, 85, 85, 85, 85, 85, 85, 85, 85, 85, 85, 85, 85, 85, 85, 85, 85, 85, 85, 85, 85, 85, 85, 85, 85, 85, 85, 85, 85, 85, 85, 85, 85, 85, 85, 85, 85, 85, 85, 85, 85, 85, 85, 85, 85, 85, 85, 85, 85, 85, 85, 85, 85, 85, 85, 85, 85, 85, 85, 85, 85, 85, 85, 85, 85, 85, 85, 85, 117]",2.4.90,OK
b200,NVIDIA B200,fc1,balanced,128,128,16384,2048,1280,2048,2560,bf16,171798691840.0,2.6841607666015626,6.528135375976563,9.212296142578126,64.00462072825678,52.63331164124339,2.8446498101447455,2.3392582951663727,nvjet_tst_48x64_64x16_4x2_2cta_h_bz_TNN,"[128, 128, 128, 128, 128, 128, 128, 128, 128, 128, 128, 128, 128, 128, 128, 128, 128, 128, 128, 128, 128, 128, 128, 128, 128, 128, 128, 128, 128, 128, 128, 128, 128, 128, 128, 128, 128, 128, 128, 128, 128, 128, 128, 128, 128, 128, 128, 128, 128, 128, 128, 128, 128, 128, 128, 128, 128, 128, 128, 128, 128, 128, 128, 128, 128, 128, 128, 128, 128, 128, 128, 128, 128, 128, 128, 128, 128, 128, 128, 128, 128, 128, 128, 128, 128, 128, 128, 128, 128, 128, 128, 128, 128, 128, 128, 128, 128, 128, 128, 128, 128, 128, 128, 128, 128, 128, 128, 128, 128, 128, 128, 128, 128, 128, 128, 128, 128, 128, 128, 128, 128, 128, 128, 128, 128, 128, 128, 128]",2.4.90,OK
b200,NVIDIA B200,fc1,skewed,128,128,16384,2048,1280,2048,2560,bf16,171798691840.0,2.391490631103516,9.08952133178711,11.481011962890625,71.83749315410287,37.80148273357367,3.1927774735156835,1.6800658992699409,nvjet_tst_64x32_64x16_2x1_2cta_v_bz_TNT,"[256, 256, 256, 256, 256, 256, 256, 256, 256, 256, 256, 256, 256, 256, 256, 256, 256, 256, 256, 256, 256, 256, 256, 256, 256, 256, 256, 256, 256, 256, 256, 256, 85, 85, 85, 85, 85, 85, 85, 85, 85, 85, 85, 85, 85, 85, 85, 85, 85, 85, 85, 85, 85, 85, 85, 85, 85, 85, 85, 85, 85, 85, 85, 85, 85, 85, 85, 85, 85, 85, 85, 85, 85, 85, 85, 85, 85, 85, 85, 85, 85, 85, 85, 85, 85, 85, 85, 85, 85, 85, 85, 85, 85, 85, 85, 85, 85, 85, 85, 85, 85, 85, 85, 85, 85, 85, 85, 85, 85, 85, 85, 85, 85, 85, 85, 85, 85, 85, 85, 85, 85, 85, 85, 85, 85, 85, 85, 117]",2.4.90,OK
b200,NVIDIA B200,fc2,balanced,128,128,16384,2048,1280,1280,2048,bf16,85899345920.0,2.1191456604003904,6.402195892333985,8.521341552734375,40.534894568677366,26.834338519024765,1.801550869718994,1.1926372675122117,nvjet_tst_64x32_64x16_2x2_2cta_h_bz_TNT,"[128, 128, 128, 128, 128, 128, 128, 128, 128, 128, 128, 128, 128, 128, 128, 128, 128, 128, 128, 128, 128, 128, 128, 128, 128, 128, 128, 128, 128, 128, 128, 128, 128, 128, 128, 128, 128, 128, 128, 128, 128, 128, 128, 128, 128, 128, 128, 128, 128, 128, 128, 128, 128, 128, 128, 128, 128, 128, 128, 128, 128, 128, 128, 128, 128, 128, 128, 128, 128, 128, 128, 128, 128, 128, 128, 128, 128, 128, 128, 128, 128, 128, 128, 128, 128, 128, 128, 128, 128, 128, 128, 128, 128, 128, 128, 128, 128, 128, 128, 128, 128, 128, 128, 128, 128, 128, 128, 128, 128, 128, 128, 128, 128, 128, 128, 128, 128, 128, 128, 128, 128, 128, 128, 128, 128, 128, 128, 128]",2.4.90,OK
b200,NVIDIA B200,fc2,skewed,128,128,16384,2048,1280,1280,2048,bf16,85899345920.0,2.122742462158203,8.097597503662108,10.220339965820312,40.46621172907885,21.21600780506869,1.7984982990701712,0.942933680225275,nvjet_tst_64x24_64x16_1x4_h_bz_TNT,"[256, 256, 256, 256, 256, 256, 256, 256, 256, 256, 256, 256, 256, 256, 256, 256, 256, 256, 256, 256, 256, 256, 256, 256, 256, 256, 256, 256, 256, 256, 256, 256, 85, 85, 85, 85, 85, 85, 85, 85, 85, 85, 85, 85, 85, 85, 85, 85, 85, 85, 85, 85, 85, 85, 85, 85, 85, 85, 85, 85, 85, 85, 85, 85, 85, 85, 85, 85, 85, 85, 85, 85, 85, 85, 85, 85, 85, 85, 85, 85, 85, 85, 85, 85, 85, 85, 85, 85, 85, 85, 85, 85, 85, 85, 85, 85, 85, 85, 85, 85, 85, 85, 85, 85, 85, 85, 85, 85, 85, 85, 85, 85, 85, 85, 85, 85, 85, 85, 85, 85, 85, 85, 85, 85, 85, 85, 85, 117]",2.4.90,OK
b200,NVIDIA B200,fc1,balanced,128,128,16384,2560,1600,2560,3200,bf16,268435456000.0,2.005274200439453,6.606016693115235,8.611290893554688,133.86471333505054,81.26999021354652,5.949542814891135,3.6119995650465118,nvjet_tst_48x64_64x16_1x2_2cta_h_bz_TNN,"[128, 128, 128, 128, 128, 128, 128, 128, 128, 128, 128, 128, 128, 128, 128, 128, 128, 128, 128, 128, 128, 128, 128, 128, 128, 128, 128, 128, 128, 128, 128, 128, 128, 128, 128, 128, 128, 128, 128, 128, 128, 128, 128, 128, 128, 128, 128, 128, 128, 128, 128, 128, 128, 128, 128, 128, 128, 128, 128, 128, 128, 128, 128, 128, 128, 128, 128, 128, 128, 128, 128, 128, 128, 128, 128, 128, 128, 128, 128, 128, 128, 128, 128, 128, 128, 128, 128, 128, 128, 128, 128, 128, 128, 128, 128, 128, 128, 128, 128, 128, 128, 128, 128, 128, 128, 128, 128, 128, 128, 128, 128, 128, 128, 128, 128, 128, 128, 128, 128, 128, 128, 128, 128, 128, 128, 128, 128, 128]",2.4.90,OK
b200,NVIDIA B200,fc1,skewed,128,128,16384,2560,1600,2560,3200,bf16,268435456000.0,2.432314910888672,6.594098663330079,9.02641357421875,110.36213065927564,81.4168758173957,4.904983584856695,3.618527814106476,nvjet_tst_64x48_64x16_2x2_2cta_h_bz_TNT,"[256, 256, 256, 256, 256, 256, 256, 256, 256, 256, 256, 256, 256, 256, 256, 256, 256, 256, 256, 256, 256, 256, 256, 256, 256, 256, 256, 256, 256, 256, 256, 256, 85, 85, 85, 85, 85, 85, 85, 85, 85, 85, 85, 85, 85, 85, 85, 85, 85, 85, 85, 85, 85, 85, 85, 85, 85, 85, 85, 85, 85, 85, 85, 85, 85, 85, 85, 85, 85, 85, 85, 85, 85, 85, 85, 85, 85, 85, 85, 85, 85, 85, 85, 85, 85, 85, 85, 85, 85, 85, 85, 85, 85, 85, 85, 85, 85, 85, 85, 85, 85, 85, 85, 85, 85, 85, 85, 85, 85, 85, 85, 85, 85, 85, 85, 85, 85, 85, 85, 85, 85, 85, 85, 85, 85, 85, 85, 117]",2.4.90,OK
b200,NVIDIA B200,fc2,balanced,128,128,16384,2560,1600,1600,2560,bf16,134217728000.0,1.973566131591797,6.465601959228515,8.439168090820312,68.00771752793788,41.51747319008022,3.0225652234639058,1.845221030670232,nvjet_tst_48x64_64x16_4x2_2cta_h_bz_TNN,"[128, 128, 128, 128, 128, 128, 128, 128, 128, 128, 128, 128, 128, 128, 128, 128, 128, 128, 128, 128, 128, 128, 128, 128, 128, 128, 128, 128, 128, 128, 128, 128, 128, 128, 128, 128, 128, 128, 128, 128, 128, 128, 128, 128, 128, 128, 128, 128, 128, 128, 128, 128, 128, 128, 128, 128, 128, 128, 128, 128, 128, 128, 128, 128, 128, 128, 128, 128, 128, 128, 128, 128, 128, 128, 128, 128, 128, 128, 128, 128, 128, 128, 128, 128, 128, 128, 128, 128, 128, 128, 128, 128, 128, 128, 128, 128, 128, 128, 128, 128, 128, 128, 128, 128, 128, 128, 128, 128, 128, 128, 128, 128, 128, 128, 128, 128, 128, 128, 128, 128, 128, 128, 128, 128, 128, 128, 128, 128]",2.4.90,OK
b200,NVIDIA B200,fc2,skewed,128,128,16384,2560,1600,1600,2560,bf16,134217728000.0,1.9842630004882813,6.519747619628905,8.504010620117187,67.6410979628064,41.17267594712186,3.0062710205691734,1.8298967087609717,nvjet_tst_64x32_64x16_2x1_2cta_v_bz_TNT,"[256, 256, 256, 256, 256, 256, 256, 256, 256, 256, 256, 256, 256, 256, 256, 256, 256, 256, 256, 256, 256, 256, 256, 256, 256, 256, 256, 256, 256, 256, 256, 256, 85, 85, 85, 85, 85, 85, 85, 85, 85, 85, 85, 85, 85, 85, 85, 85, 85, 85, 85, 85, 85, 85, 85, 85, 85, 85, 85, 85, 85, 85, 85, 85, 85, 85, 85, 85, 85, 85, 85, 85, 85, 85, 85, 85, 85, 85, 85, 85, 85, 85, 85, 85, 85, 85, 85, 85, 85, 85, 85, 85, 85, 85, 85, 85, 85, 85, 85, 85, 85, 85, 85, 85, 85, 85, 85, 85, 85, 85, 85, 85, 85, 85, 85, 85, 85, 85, 85, 85, 85, 85, 85, 85, 85, 85, 85, 117]",2.4.90,OK
b200,NVIDIA B200,fc1,balanced,128,128,16384,4096,1280,4096,2560,bf16,343597383680.0,1.9753305053710937,6.548895568847657,8.52422607421875,173.94425021318162,104.9329249696554,7.730855565030295,4.663685554206906,nvjet_tst_64x64_64x16_2x2_2cta_h_bz_TNT,"[128, 128, 128, 128, 128, 128, 128, 128, 128, 128, 128, 128, 128, 128, 128, 128, 128, 128, 128, 128, 128, 128, 128, 128, 128, 128, 128, 128, 128, 128, 128, 128, 128, 128, 128, 128, 128, 128, 128, 128, 128, 128, 128, 128, 128, 128, 128, 128, 128, 128, 128, 128, 128, 128, 128, 128, 128, 128, 128, 128, 128, 128, 128, 128, 128, 128, 128, 128, 128, 128, 128, 128, 128, 128, 128, 128, 128, 128, 128, 128, 128, 128, 128, 128, 128, 128, 128, 128, 128, 128, 128, 128, 128, 128, 128, 128, 128, 128, 128, 128, 128, 128, 128, 128, 128, 128, 128, 128, 128, 128, 128, 128, 128, 128, 128, 128, 128, 128, 128, 128, 128, 128, 128, 128, 128, 128, 128, 128]",2.4.90,OK
b200,NVIDIA B200,fc1,skewed,128,128,16384,4096,1280,4096,2560,bf16,343597383680.0,1.9891226196289062,6.544901428222657,8.534024047851563,172.73816118188938,104.99696212332653,7.677251608083973,4.6665316499256235,nvjet_tst_64x32_64x16_2x1_2cta_v_bz_TNT,"[256, 256, 256, 256, 256, 256, 256, 256, 256, 256, 256, 256, 256, 256, 256, 256, 256, 256, 256, 256, 256, 256, 256, 256, 256, 256, 256, 256, 256, 256, 256, 256, 85, 85, 85, 85, 85, 85, 85, 85, 85, 85, 85, 85, 85, 85, 85, 85, 85, 85, 85, 85, 85, 85, 85, 85, 85, 85, 85, 85, 85, 85, 85, 85, 85, 85, 85, 85, 85, 85, 85, 85, 85, 85, 85, 85, 85, 85, 85, 85, 85, 85, 85, 85, 85, 85, 85, 85, 85, 85, 85, 85, 85, 85, 85, 85, 85, 85, 85, 85, 85, 85, 85, 85, 85, 85, 85, 85, 85, 85, 85, 85, 85, 85, 85, 85, 85, 85, 85, 85, 85, 85, 85, 85, 85, 85, 85, 117]",2.4.90,OK
b200,NVIDIA B200,fc2,balanced,128,128,16384,4096,1280,1280,4096,bf16,171798691840.0,2.811434326171875,7.648739013671875,10.46017333984375,61.107133195576274,44.922095402370346,2.7158725864700566,1.9965375734386819,nvjet_tst_64x64_64x16_2x2_2cta_h_bz_TNT,"[128, 128, 128, 128, 128, 128, 128, 128, 128, 128, 128, 128, 128, 128, 128, 128, 128, 128, 128, 128, 128, 128, 128, 128, 128, 128, 128, 128, 128, 128, 128, 128, 128, 128, 128, 128, 128, 128, 128, 128, 128, 128, 128, 128, 128, 128, 128, 128, 128, 128, 128, 128, 128, 128, 128, 128, 128, 128, 128, 128, 128, 128, 128, 128, 128, 128, 128, 128, 128, 128, 128, 128, 128, 128, 128, 128, 128, 128, 128, 128, 128, 128, 128, 128, 128, 128, 128, 128, 128, 128, 128, 128, 128, 128, 128, 128, 128, 128, 128, 128, 128, 128, 128, 128, 128, 128, 128, 128, 128, 128, 128, 128, 128, 128, 128, 128, 128, 128, 128, 128, 128, 128, 128, 128, 128, 128, 128, 128]",2.4.90,OK
b200,NVIDIA B200,fc2,skewed,128,128,16384,4096,1280,1280,4096,bf16,171798691840.0,1.9865945434570313,8.228592224121094,10.215186767578125,86.47899109852551,41.756520960266684,3.8435107154900225,1.8558453760118525,nvjet_tst_64x48_64x16_2x2_2cta_h_bz_TNT,"[256, 256, 256, 256, 256, 256, 256, 256, 256, 256, 256, 256, 256, 256, 256, 256, 256, 256, 256, 256, 256, 256, 256, 256, 256, 256, 256, 256, 256, 256, 256, 256, 85, 85, 85, 85, 85, 85, 85, 85, 85, 85, 85, 85, 85, 85, 85, 85, 85, 85, 85, 85, 85, 85, 85, 85, 85, 85, 85, 85, 85, 85, 85, 85, 85, 85, 85, 85, 85, 85, 85, 85, 85, 85, 85, 85, 85, 85, 85, 85, 85, 85, 85, 85, 85, 85, 85, 85, 85, 85, 85, 85, 85, 85, 85, 85, 85, 85, 85, 85, 85, 85, 85, 85, 85, 85, 85, 85, 85, 85, 85, 85, 85, 85, 85, 85, 85, 85, 85, 85, 85, 85, 85, 85, 85, 85, 85, 117]",2.4.90,OK
b200,NVIDIA B200,fc1,balanced,128,128,16384,6144,1536,6144,3072,bf16,618475290624.0,2.6726727294921875,5.82125244140625,8.493925170898438,231.407042021756,212.48873738057438,10.284757423189157,9.443943883581083,nvjet_tst_64x64_64x16_2x2_2cta_h_bz_TNT,"[128, 128, 128, 128, 128, 128, 128, 128, 128, 128, 128, 128, 128, 128, 128, 128, 128, 128, 128, 128, 128, 128, 128, 128, 128, 128, 128, 128, 128, 128, 128, 128, 128, 128, 128, 128, 128, 128, 128, 128, 128, 128, 128, 128, 128, 128, 128, 128, 128, 128, 128, 128, 128, 128, 128, 128, 128, 128, 128, 128, 128, 128, 128, 128, 128, 128, 128, 128, 128, 128, 128, 128, 128, 128, 128, 128, 128, 128, 128, 128, 128, 128, 128, 128, 128, 128, 128, 128, 128, 128, 128, 128, 128, 128, 128, 128, 128, 128, 128, 128, 128, 128, 128, 128, 128, 128, 128, 128, 128, 128, 128, 128, 128, 128, 128, 128, 128, 128, 128, 128, 128, 128, 128, 128, 128, 128, 128, 128]",2.4.90,OK
b200,NVIDIA B200,fc1,skewed,128,128,16384,6144,1536,6144,3072,bf16,618475290624.0,1.9942041015625,7.804255981445312,9.798460083007813,310.13640486418205,158.4969258041844,13.783840216185869,7.044307813519306,nvjet_tst_64x32_64x16_2x1_2cta_v_bz_TNT,"[256, 256, 256, 256, 256, 256, 256, 256, 256, 256, 256, 256, 256, 256, 256, 256, 256, 256, 256, 256, 256, 256, 256, 256, 256, 256, 256, 256, 256, 256, 256, 256, 85, 85, 85, 85, 85, 85, 85, 85, 85, 85, 85, 85, 85, 85, 85, 85, 85, 85, 85, 85, 85, 85, 85, 85, 85, 85, 85, 85, 85, 85, 85, 85, 85, 85, 85, 85, 85, 85, 85, 85, 85, 85, 85, 85, 85, 85, 85, 85, 85, 85, 85, 85, 85, 85, 85, 85, 85, 85, 85, 85, 85, 85, 85, 85, 85, 85, 85, 85, 85, 85, 85, 85, 85, 85, 85, 85, 85, 85, 85, 85, 85, 85, 85, 85, 85, 85, 85, 85, 85, 85, 85, 85, 85, 85, 85, 117]",2.4.90,OK
b200,NVIDIA B200,fc2,balanced,128,128,16384,6144,1536,1536,6144,bf16,309237645312.0,2.97109619140625,6.949360961914062,9.920457153320312,104.08200387670205,88.99743357893637,4.625866838964535,3.9554414923971715,nvjet_tst_96x64_64x15_2x2_2cta_h_bz_TNN,"[128, 128, 128, 128, 128, 128, 128, 128, 128, 128, 128, 128, 128, 128, 128, 128, 128, 128, 128, 128, 128, 128, 128, 128, 128, 128, 128, 128, 128, 128, 128, 128, 128, 128, 128, 128, 128, 128, 128, 128, 128, 128, 128, 128, 128, 128, 128, 128, 128, 128, 128, 128, 128, 128, 128, 128, 128, 128, 128, 128, 128, 128, 128, 128, 128, 128, 128, 128, 128, 128, 128, 128, 128, 128, 128, 128, 128, 128, 128, 128, 128, 128, 128, 128, 128, 128, 128, 128, 128, 128, 128, 128, 128, 128, 128, 128, 128, 128, 128, 128, 128, 128, 128, 128, 128, 128, 128, 128, 128, 128, 128, 128, 128, 128, 128, 128, 128, 128, 128, 128, 128, 128, 128, 128, 128, 128, 128, 128]",2.4.90,OK
b200,NVIDIA B200,fc2,skewed,128,128,16384,6144,1536,1536,6144,bf16,309237645312.0,2.7344549560546874,7.735955200195313,10.47041015625,113.0893177184285,79.94814791693533,5.026191898596823,3.553251018530459,nvjet_tst_96x64_64x15_2x2_2cta_h_bz_TNN,"[256, 256, 256, 256, 256, 256, 256, 256, 256, 256, 256, 256, 256, 256, 256, 256, 256, 256, 256, 256, 256, 256, 256, 256, 256, 256, 256, 256, 256, 256, 256, 256, 85, 85, 85, 85, 85, 85, 85, 85, 85, 85, 85, 85, 85, 85, 85, 85, 85, 85, 85, 85, 85, 85, 85, 85, 85, 85, 85, 85, 85, 85, 85, 85, 85, 85, 85, 85, 85, 85, 85, 85, 85, 85, 85, 85, 85, 85, 85, 85, 85, 85, 85, 85, 85, 85, 85, 85, 85, 85, 85, 85, 85, 85, 85, 85, 85, 85, 85, 85, 85, 85, 85, 85, 85, 85, 85, 85, 85, 85, 85, 85, 85, 85, 85, 85, 85, 85, 85, 85, 85, 85, 85, 85, 85, 85, 85, 117]",2.4.90,OK
b200,NVIDIA B200,fc1,balanced,128,192,24576,1024,1280,1024,2560,bf16,128849018880.0,2.8977349853515624,5.564317626953125,8.462052612304687,44.465425420664424,46.312603815377216,1.9762411298073077,2.0583379473500982,nvjet_tst_64x64_64x16_2x1_2cta_v_bz_TNT,"[192, 192, 192, 192, 192, 192, 192, 192, 192, 192, 192, 192, 192, 192, 192, 192, 192, 192, 192, 192, 192, 192, 192, 192, 192, 192, 192, 192, 192, 192, 192, 192, 192, 192, 192, 192, 192, 192, 192, 192, 192, 192, 192, 192, 192, 192, 192, 192, 192, 192, 192, 192, 192, 192, 192, 192, 192, 192, 192, 192, 192, 192, 192, 192, 192, 192, 192, 192, 192, 192, 192, 192, 192, 192, 192, 192, 192, 192, 192, 192, 192, 192, 192, 192, 192, 192, 192, 192, 192, 192, 192, 192, 192, 192, 192, 192, 192, 192, 192, 192, 192, 192, 192, 192, 192, 192, 192, 192, 192, 192, 192, 192, 192, 192, 192, 192, 192, 192, 192, 192, 192, 192, 192, 192, 192, 192, 192, 192]",2.4.90,OK
b200,NVIDIA B200,fc1,skewed,128,192,24576,1024,1280,1024,2560,bf16,128849018880.0,2.378336639404297,8.593751983642578,10.972088623046876,54.17610642044049,29.986673835887355,2.4078269520195774,1.3327410593727713,nvjet_tst_48x64_64x16_4x2_2cta_h_bz_TNN,"[384, 384, 384, 384, 384, 384, 384, 384, 384, 384, 384, 384, 384, 384, 384, 384, 384, 384, 384, 384, 384, 384, 384, 384, 384, 384, 384, 384, 384, 384, 384, 384, 128, 128, 128, 128, 128, 128, 128, 128, 128, 128, 128, 128, 128, 128, 128, 128, 128, 128, 128, 128, 128, 128, 128, 128, 128, 128, 128, 128, 128, 128, 128, 128, 128, 128, 128, 128, 128, 128, 128, 128, 128, 128, 128, 128, 128, 128, 128, 128, 128, 128, 128, 128, 128, 128, 128, 128, 128, 128, 128, 128, 128, 128, 128, 128, 128, 128, 128, 128, 128, 128, 128, 128, 128, 128, 128, 128, 128, 128, 128, 128, 128, 128, 128, 128, 128, 128, 128, 128, 128, 128, 128, 128, 128, 128, 128, 128]",2.4.90,OK
b200,NVIDIA B200,fc2,balanced,128,192,24576,1024,1280,1280,1024,bf16,64424509440.0,1.9739071655273437,8.676756896972657,10.6506640625,32.63806452761345,14.849905374778421,1.450580645671709,0.6599957944345964,nvjet_tst_64x24_64x16_1x4_h_bz_TNT,"[192, 192, 192, 192, 192, 192, 192, 192, 192, 192, 192, 192, 192, 192, 192, 192, 192, 192, 192, 192, 192, 192, 192, 192, 192, 192, 192, 192, 192, 192, 192, 192, 192, 192, 192, 192, 192, 192, 192, 192, 192, 192, 192, 192, 192, 192, 192, 192, 192, 192, 192, 192, 192, 192, 192, 192, 192, 192, 192, 192, 192, 192, 192, 192, 192, 192, 192, 192, 192, 192, 192, 192, 192, 192, 192, 192, 192, 192, 192, 192, 192, 192, 192, 192, 192, 192, 192, 192, 192, 192, 192, 192, 192, 192, 192, 192, 192, 192, 192, 192, 192, 192, 192, 192, 192, 192, 192, 192, 192, 192, 192, 192, 192, 192, 192, 192, 192, 192, 192, 192, 192, 192, 192, 192, 192, 192, 192, 192]",2.4.90,OK
b200,NVIDIA B200,fc2,skewed,128,192,24576,1024,1280,1280,1024,bf16,64424509440.0,1.9802656555175782,6.481512298583984,8.461777954101562,32.533266059781,19.87946839322509,1.4459229359902666,0.8835319285877817,nvjet_tst_64x16_64x16_2x2_2cta_h_bz_TNT,"[384, 384, 384, 384, 384, 384, 384, 384, 384, 384, 384, 384, 384, 384, 384, 384, 384, 384, 384, 384, 384, 384, 384, 384, 384, 384, 384, 384, 384, 384, 384, 384, 128, 128, 128, 128, 128, 128, 128, 128, 128, 128, 128, 128, 128, 128, 128, 128, 128, 128, 128, 128, 128, 128, 128, 128, 128, 128, 128, 128, 128, 128, 128, 128, 128, 128, 128, 128, 128, 128, 128, 128, 128, 128, 128, 128, 128, 128, 128, 128, 128, 128, 128, 128, 128, 128, 128, 128, 128, 128, 128, 128, 128, 128, 128, 128, 128, 128, 128, 128, 128, 128, 128, 128, 128, 128, 128, 128, 128, 128, 128, 128, 128, 128, 128, 128, 128, 128, 128, 128, 128, 128, 128, 128, 128, 128, 128, 128]",2.4.90,OK
b200,NVIDIA B200,fc1,balanced,128,192,24576,2048,1280,2048,2560,bf16,257698037760.0,1.990579833984375,7.127373657226562,9.117953491210937,129.45878048216113,72.31220086201478,5.753723576984939,3.2138755938673236,nvjet_tst_64x64_64x16_2x1_2cta_v_bz_TNT,"[192, 192, 192, 192, 192, 192, 192, 192, 192, 192, 192, 192, 192, 192, 192, 192, 192, 192, 192, 192, 192, 192, 192, 192, 192, 192, 192, 192, 192, 192, 192, 192, 192, 192, 192, 192, 192, 192, 192, 192, 192, 192, 192, 192, 192, 192, 192, 192, 192, 192, 192, 192, 192, 192, 192, 192, 192, 192, 192, 192, 192, 192, 192, 192, 192, 192, 192, 192, 192, 192, 192, 192, 192, 192, 192, 192, 192, 192, 192, 192, 192, 192, 192, 192, 192, 192, 192, 192, 192, 192, 192, 192, 192, 192, 192, 192, 192, 192, 192, 192, 192, 192, 192, 192, 192, 192, 192, 192, 192, 192, 192, 192, 192, 192, 192, 192, 192, 192, 192, 192, 192, 192, 192, 192, 192, 192, 192, 192]",2.4.90,OK
b200,NVIDIA B200,fc1,skewed,128,192,24576,2048,1280,2048,2560,bf16,257698037760.0,2.873340759277344,5.979371643066406,8.85271240234375,89.68586024054176,86.19569183622262,3.986038232912967,3.8309196371654495,nvjet_tst_48x64_64x16_4x2_2cta_h_bz_TNN,"[384, 384, 384, 384, 384, 384, 384, 384, 384, 384, 384, 384, 384, 384, 384, 384, 384, 384, 384, 384, 384, 384, 384, 384, 384, 384, 384, 384, 384, 384, 384, 384, 128, 128, 128, 128, 128, 128, 128, 128, 128, 128, 128, 128, 128, 128, 128, 128, 128, 128, 128, 128, 128, 128, 128, 128, 128, 128, 128, 128, 128, 128, 128, 128, 128, 128, 128, 128, 128, 128, 128, 128, 128, 128, 128, 128, 128, 128, 128, 128, 128, 128, 128, 128, 128, 128, 128, 128, 128, 128, 128, 128, 128, 128, 128, 128, 128, 128, 128, 128, 128, 128, 128, 128, 128, 128, 128, 128, 128, 128, 128, 128, 128, 128, 128, 128, 128, 128, 128, 128, 128, 128, 128, 128, 128, 128, 128, 128]",2.4.90,OK
b200,NVIDIA B200,fc2,balanced,128,192,24576,2048,1280,1280,2048,bf16,128849018880.0,2.365528259277344,7.174519348144532,9.540047607421876,54.46944815589,35.91850899763001,2.4208643624839996,1.596378177672445,nvjet_tst_64x48_64x16_2x2_2cta_h_bz_TNT,"[192, 192, 192, 192, 192, 192, 192, 192, 192, 192, 192, 192, 192, 192, 192, 192, 192, 192, 192, 192, 192, 192, 192, 192, 192, 192, 192, 192, 192, 192, 192, 192, 192, 192, 192, 192, 192, 192, 192, 192, 192, 192, 192, 192, 192, 192, 192, 192, 192, 192, 192, 192, 192, 192, 192, 192, 192, 192, 192, 192, 192, 192, 192, 192, 192, 192, 192, 192, 192, 192, 192, 192, 192, 192, 192, 192, 192, 192, 192, 192, 192, 192, 192, 192, 192, 192, 192, 192, 192, 192, 192, 192, 192, 192, 192, 192, 192, 192, 192, 192, 192, 192, 192, 192, 192, 192, 192, 192, 192, 192, 192, 192, 192, 192, 192, 192, 192, 192, 192, 192, 192, 192, 192, 192, 192, 192, 192, 192]",2.4.90,OK
b200,NVIDIA B200,fc2,skewed,128,192,24576,2048,1280,1280,2048,bf16,128849018880.0,3.403468017578125,6.416734008789063,9.820202026367188,37.85815474525532,40.160311679902655,1.6825846553446808,1.784902741329007,nvjet_tst_64x32_64x16_2x2_2cta_h_bz_TNT,"[384, 384, 384, 384, 384, 384, 384, 384, 384, 384, 384, 384, 384, 384, 384, 384, 384, 384, 384, 384, 384, 384, 384, 384, 384, 384, 384, 384, 384, 384, 384, 384, 128, 128, 128, 128, 128, 128, 128, 128, 128, 128, 128, 128, 128, 128, 128, 128, 128, 128, 128, 128, 128, 128, 128, 128, 128, 128, 128, 128, 128, 128, 128, 128, 128, 128, 128, 128, 128, 128, 128, 128, 128, 128, 128, 128, 128, 128, 128, 128, 128, 128, 128, 128, 128, 128, 128, 128, 128, 128, 128, 128, 128, 128, 128, 128, 128, 128, 128, 128, 128, 128, 128, 128, 128, 128, 128, 128, 128, 128, 128, 128, 128, 128, 128, 128, 128, 128, 128, 128, 128, 128, 128, 128, 128, 128, 128, 128]",2.4.90,OK
b200,NVIDIA B200,fc1,balanced,128,192,24576,2560,1600,2560,3200,bf16,402653184000.0,1.996995849609375,6.435903930664063,8.432899780273438,201.6294546024027,125.1271579992195,8.96130909344012,5.561207022187534,nvjet_tst_64x96_64x15_2x2_2cta_h_bz_TNT,"[192, 192, 192, 192, 192, 192, 192, 192, 192, 192, 192, 192, 192, 192, 192, 192, 192, 192, 192, 192, 192, 192, 192, 192, 192, 192, 192, 192, 192, 192, 192, 192, 192, 192, 192, 192, 192, 192, 192, 192, 192, 192, 192, 192, 192, 192, 192, 192, 192, 192, 192, 192, 192, 192, 192, 192, 192, 192, 192, 192, 192, 192, 192, 192, 192, 192, 192, 192, 192, 192, 192, 192, 192, 192, 192, 192, 192, 192, 192, 192, 192, 192, 192, 192, 192, 192, 192, 192, 192, 192, 192, 192, 192, 192, 192, 192, 192, 192, 192, 192, 192, 192, 192, 192, 192, 192, 192, 192, 192, 192, 192, 192, 192, 192, 192, 192, 192, 192, 192, 192, 192, 192, 192, 192, 192, 192, 192, 192]",2.4.90,OK
b200,NVIDIA B200,fc1,skewed,128,192,24576,2560,1600,2560,3200,bf16,402653184000.0,1.9838496398925782,6.451128387451171,8.43497802734375,202.96557556741192,124.83186190597192,9.020692247440529,5.54808275137653,nvjet_tst_48x64_64x16_1x2_2cta_h_bz_TNN,"[384, 384, 384, 384, 384, 384, 384, 384, 384, 384, 384, 384, 384, 384, 384, 384, 384, 384, 384, 384, 384, 384, 384, 384, 384, 384, 384, 384, 384, 384, 384, 384, 128, 128, 128, 128, 128, 128, 128, 128, 128, 128, 128, 128, 128, 128, 128, 128, 128, 128, 128, 128, 128, 128, 128, 128, 128, 128, 128, 128, 128, 128, 128, 128, 128, 128, 128, 128, 128, 128, 128, 128, 128, 128, 128, 128, 128, 128, 128, 128, 128, 128, 128, 128, 128, 128, 128, 128, 128, 128, 128, 128, 128, 128, 128, 128, 128, 128, 128, 128, 128, 128, 128, 128, 128, 128, 128, 128, 128, 128, 128, 128, 128, 128, 128, 128, 128, 128, 128, 128, 128, 128, 128, 128, 128, 128, 128, 128]",2.4.90,OK
b200,NVIDIA B200,fc2,balanced,128,192,24576,2560,1600,1600,2560,bf16,201326592000.0,1.987247314453125,6.4202856445312495,8.407532958984374,101.30927868703824,62.715774078210515,4.50263460831281,2.7873677368093563,nvjet_tst_64x64_64x16_2x1_2cta_v_bz_TNT,"[192, 192, 192, 192, 192, 192, 192, 192, 192, 192, 192, 192, 192, 192, 192, 192, 192, 192, 192, 192, 192, 192, 192, 192, 192, 192, 192, 192, 192, 192, 192, 192, 192, 192, 192, 192, 192, 192, 192, 192, 192, 192, 192, 192, 192, 192, 192, 192, 192, 192, 192, 192, 192, 192, 192, 192, 192, 192, 192, 192, 192, 192, 192, 192, 192, 192, 192, 192, 192, 192, 192, 192, 192, 192, 192, 192, 192, 192, 192, 192, 192, 192, 192, 192, 192, 192, 192, 192, 192, 192, 192, 192, 192, 192, 192, 192, 192, 192, 192, 192, 192, 192, 192, 192, 192, 192, 192, 192, 192, 192, 192, 192, 192, 192, 192, 192, 192, 192, 192, 192, 192, 192, 192, 192, 192, 192, 192, 192]",2.4.90,OK
b200,NVIDIA B200,fc2,skewed,128,192,24576,2560,1600,1600,2560,bf16,201326592000.0,1.9949125671386718,6.387269439697267,8.382182006835938,100.9200078822328,63.03995593132271,4.485333683654791,2.8017758191698983,nvjet_tst_48x64_64x16_4x2_2cta_h_bz_TNN,"[384, 384, 384, 384, 384, 384, 384, 384, 384, 384, 384, 384, 384, 384, 384, 384, 384, 384, 384, 384, 384, 384, 384, 384, 384, 384, 384, 384, 384, 384, 384, 384, 128, 128, 128, 128, 128, 128, 128, 128, 128, 128, 128, 128, 128, 128, 128, 128, 128, 128, 128, 128, 128, 128, 128, 128, 128, 128, 128, 128, 128, 128, 128, 128, 128, 128, 128, 128, 128, 128, 128, 128, 128, 128, 128, 128, 128, 128, 128, 128, 128, 128, 128, 128, 128, 128, 128, 128, 128, 128, 128, 128, 128, 128, 128, 128, 128, 128, 128, 128, 128, 128, 128, 128, 128, 128, 128, 128, 128, 128, 128, 128, 128, 128, 128, 128, 128, 128, 128, 128, 128, 128, 128, 128, 128, 128, 128, 128]",2.4.90,OK
b200,NVIDIA B200,fc1,balanced,128,192,24576,4096,1280,4096,2560,bf16,515396075520.0,3.427110290527344,5.5944522094726565,9.0215625,150.38794547831546,184.2525617243881,6.683908687925131,8.189002743306139,nvjet_tst_64x64_64x16_2x1_2cta_v_bz_TNT,"[192, 192, 192, 192, 192, 192, 192, 192, 192, 192, 192, 192, 192, 192, 192, 192, 192, 192, 192, 192, 192, 192, 192, 192, 192, 192, 192, 192, 192, 192, 192, 192, 192, 192, 192, 192, 192, 192, 192, 192, 192, 192, 192, 192, 192, 192, 192, 192, 192, 192, 192, 192, 192, 192, 192, 192, 192, 192, 192, 192, 192, 192, 192, 192, 192, 192, 192, 192, 192, 192, 192, 192, 192, 192, 192, 192, 192, 192, 192, 192, 192, 192, 192, 192, 192, 192, 192, 192, 192, 192, 192, 192, 192, 192, 192, 192, 192, 192, 192, 192, 192, 192, 192, 192, 192, 192, 192, 192, 192, 192, 192, 192, 192, 192, 192, 192, 192, 192, 192, 192, 192, 192, 192, 192, 192, 192, 192, 192]",2.4.90,OK
b200,NVIDIA B200,fc1,skewed,128,192,24576,4096,1280,4096,2560,bf16,515396075520.0,3.02139404296875,7.349194335937501,10.37058837890625,170.58221079087852,140.2592044680918,7.581431590705712,6.233742420804081,nvjet_tst_64x64_64x16_2x2_2cta_h_bz_TNT,"[384, 384, 384, 384, 384, 384, 384, 384, 384, 384, 384, 384, 384, 384, 384, 384, 384, 384, 384, 384, 384, 384, 384, 384, 384, 384, 384, 384, 384, 384, 384, 384, 128, 128, 128, 128, 128, 128, 128, 128, 128, 128, 128, 128, 128, 128, 128, 128, 128, 128, 128, 128, 128, 128, 128, 128, 128, 128, 128, 128, 128, 128, 128, 128, 128, 128, 128, 128, 128, 128, 128, 128, 128, 128, 128, 128, 128, 128, 128, 128, 128, 128, 128, 128, 128, 128, 128, 128, 128, 128, 128, 128, 128, 128, 128, 128, 128, 128, 128, 128, 128, 128, 128, 128, 128, 128, 128, 128, 128, 128, 128, 128, 128, 128, 128, 128, 128, 128, 128, 128, 128, 128, 128, 128, 128, 128, 128, 128]",2.4.90,OK
b200,NVIDIA B200,fc2,balanced,128,192,24576,4096,1280,1280,4096,bf16,257698037760.0,1.987841339111328,6.486915130615235,8.474756469726563,129.63712580562634,79.45164460184922,5.761650035805616,3.531184204526632,nvjet_tst_64x96_64x15_2x2_2cta_h_bz_TNT,"[192, 192, 192, 192, 192, 192, 192, 192, 192, 192, 192, 192, 192, 192, 192, 192, 192, 192, 192, 192, 192, 192, 192, 192, 192, 192, 192, 192, 192, 192, 192, 192, 192, 192, 192, 192, 192, 192, 192, 192, 192, 192, 192, 192, 192, 192, 192, 192, 192, 192, 192, 192, 192, 192, 192, 192, 192, 192, 192, 192, 192, 192, 192, 192, 192, 192, 192, 192, 192, 192, 192, 192, 192, 192, 192, 192, 192, 192, 192, 192, 192, 192, 192, 192, 192, 192, 192, 192, 192, 192, 192, 192, 192, 192, 192, 192, 192, 192, 192, 192, 192, 192, 192, 192, 192, 192, 192, 192, 192, 192, 192, 192, 192, 192, 192, 192, 192, 192, 192, 192, 192, 192, 192, 192, 192, 192, 192, 192]",2.4.90,OK
b200,NVIDIA B200,fc2,skewed,128,192,24576,4096,1280,1280,4096,bf16,257698037760.0,1.9757267761230468,6.475500640869141,8.451227416992188,130.43202171186792,79.59169554662009,5.796978742749685,3.5374086909608926,nvjet_tst_64x64_64x16_2x2_2cta_h_bz_TNT,"[384, 384, 384, 384, 384, 384, 384, 384, 384, 384, 384, 384, 384, 384, 384, 384, 384, 384, 384, 384, 384, 384, 384, 384, 384, 384, 384, 384, 384, 384, 384, 384, 128, 128, 128, 128, 128, 128, 128, 128, 128, 128, 128, 128, 128, 128, 128, 128, 128, 128, 128, 128, 128, 128, 128, 128, 128, 128, 128, 128, 128, 128, 128, 128, 128, 128, 128, 128, 128, 128, 128, 128, 128, 128, 128, 128, 128, 128, 128, 128, 128, 128, 128, 128, 128, 128, 128, 128, 128, 128, 128, 128, 128, 128, 128, 128, 128, 128, 128, 128, 128, 128, 128, 128, 128, 128, 128, 128, 128, 128, 128, 128, 128, 128, 128, 128, 128, 128, 128, 128, 128, 128, 128, 128, 128, 128, 128, 128]",2.4.90,OK
b200,NVIDIA B200,fc1,balanced,128,192,24576,6144,1536,6144,3072,bf16,927712935936.0,2.0029139709472656,6.538568572998047,8.541482543945312,463.18161907735055,283.76637044600955,20.585849736771134,12.611838686489312,nvjet_tst_64x64_64x16_2x1_2cta_v_bz_TNT,"[192, 192, 192, 192, 192, 192, 192, 192, 192, 192, 192, 192, 192, 192, 192, 192, 192, 192, 192, 192, 192, 192, 192, 192, 192, 192, 192, 192, 192, 192, 192, 192, 192, 192, 192, 192, 192, 192, 192, 192, 192, 192, 192, 192, 192, 192, 192, 192, 192, 192, 192, 192, 192, 192, 192, 192, 192, 192, 192, 192, 192, 192, 192, 192, 192, 192, 192, 192, 192, 192, 192, 192, 192, 192, 192, 192, 192, 192, 192, 192, 192, 192, 192, 192, 192, 192, 192, 192, 192, 192, 192, 192, 192, 192, 192, 192, 192, 192, 192, 192, 192, 192, 192, 192, 192, 192, 192, 192, 192, 192, 192, 192, 192, 192, 192, 192, 192, 192, 192, 192, 192, 192, 192, 192, 192, 192, 192, 192]",2.4.90,OK
b200,NVIDIA B200,fc1,skewed,128,192,24576,6144,1536,6144,3072,bf16,927712935936.0,2.0185414123535157,6.5436326599121095,8.562174072265625,459.5956913533592,283.54676497028805,20.42647517126041,12.602078443123913,nvjet_tst_64x64_64x16_2x2_2cta_h_bz_TNT,"[384, 384, 384, 384, 384, 384, 384, 384, 384, 384, 384, 384, 384, 384, 384, 384, 384, 384, 384, 384, 384, 384, 384, 384, 384, 384, 384, 384, 384, 384, 384, 384, 128, 128, 128, 128, 128, 128, 128, 128, 128, 128, 128, 128, 128, 128, 128, 128, 128, 128, 128, 128, 128, 128, 128, 128, 128, 128, 128, 128, 128, 128, 128, 128, 128, 128, 128, 128, 128, 128, 128, 128, 128, 128, 128, 128, 128, 128, 128, 128, 128, 128, 128, 128, 128, 128, 128, 128, 128, 128, 128, 128, 128, 128, 128, 128, 128, 128, 128, 128, 128, 128, 128, 128, 128, 128, 128, 128, 128, 128, 128, 128, 128, 128, 128, 128, 128, 128, 128, 128, 128, 128, 128, 128, 128, 128, 128, 128]",2.4.90,OK
b200,NVIDIA B200,fc2,balanced,128,192,24576,6144,1536,1536,6144,bf16,463856467968.0,1.9917106628417969,6.53556411743164,8.527274780273437,232.8935003572075,141.94841015507848,10.350822238098111,6.308818229114599,nvjet_tst_128x64_64x10_2x1_2cta_v_bz_TNT,"[192, 192, 192, 192, 192, 192, 192, 192, 192, 192, 192, 192, 192, 192, 192, 192, 192, 192, 192, 192, 192, 192, 192, 192, 192, 192, 192, 192, 192, 192, 192, 192, 192, 192, 192, 192, 192, 192, 192, 192, 192, 192, 192, 192, 192, 192, 192, 192, 192, 192, 192, 192, 192, 192, 192, 192, 192, 192, 192, 192, 192, 192, 192, 192, 192, 192, 192, 192, 192, 192, 192, 192, 192, 192, 192, 192, 192, 192, 192, 192, 192, 192, 192, 192, 192, 192, 192, 192, 192, 192, 192, 192, 192, 192, 192, 192, 192, 192, 192, 192, 192, 192, 192, 192, 192, 192, 192, 192, 192, 192, 192, 192, 192, 192, 192, 192, 192, 192, 192, 192, 192, 192, 192, 192, 192, 192, 192, 192]",2.4.90,OK
b200,NVIDIA B200,fc2,skewed,128,192,24576,6144,1536,1536,6144,bf16,463856467968.0,2.0019935607910155,6.875370330810547,8.877363891601563,231.69728267493718,134.93279507849152,10.297657007774987,5.997013114599623,nvjet_tst_96x64_64x15_2x2_2cta_h_bz_TNN,"[384, 384, 384, 384, 384, 384, 384, 384, 384, 384, 384, 384, 384, 384, 384, 384, 384, 384, 384, 384, 384, 384, 384, 384, 384, 384, 384, 384, 384, 384, 384, 384, 128, 128, 128, 128, 128, 128, 128, 128, 128, 128, 128, 128, 128, 128, 128, 128, 128, 128, 128, 128, 128, 128, 128, 128, 128, 128, 128, 128, 128, 128, 128, 128, 128, 128, 128, 128, 128, 128, 128, 128, 128, 128, 128, 128, 128, 128, 128, 128, 128, 128, 128, 128, 128, 128, 128, 128, 128, 128, 128, 128, 128, 128, 128, 128, 128, 128, 128, 128, 128, 128, 128, 128, 128, 128, 128, 128, 128, 128, 128, 128, 128, 128, 128, 128, 128, 128, 128, 128, 128, 128, 128, 128, 128, 128, 128, 128]",2.4.90,OK
b200,NVIDIA B200,fc1,balanced,128,256,32768,1024,1280,1024,2560,bf16,171798691840.0,1.9876480102539062,6.465938415527344,8.45358642578125,86.43315665234616,53.1396004104962,3.841473628993162,2.3617600182442757,nvjet_tst_80x64_64x16_2x2_2cta_h_bz_TNN,"[256, 256, 256, 256, 256, 256, 256, 256, 256, 256, 256, 256, 256, 256, 256, 256, 256, 256, 256, 256, 256, 256, 256, 256, 256, 256, 256, 256, 256, 256, 256, 256, 256, 256, 256, 256, 256, 256, 256, 256, 256, 256, 256, 256, 256, 256, 256, 256, 256, 256, 256, 256, 256, 256, 256, 256, 256, 256, 256, 256, 256, 256, 256, 256, 256, 256, 256, 256, 256, 256, 256, 256, 256, 256, 256, 256, 256, 256, 256, 256, 256, 256, 256, 256, 256, 256, 256, 256, 256, 256, 256, 256, 256, 256, 256, 256, 256, 256, 256, 256, 256, 256, 256, 256, 256, 256, 256, 256, 256, 256, 256, 256, 256, 256, 256, 256, 256, 256, 256, 256, 256, 256, 256, 256, 256, 256, 256, 256]",2.4.90,OK
b200,NVIDIA B200,fc1,skewed,128,256,32768,1024,1280,1024,2560,bf16,171798691840.0,1.9793434143066406,6.493783416748046,8.473126831054687,86.79579834314939,52.9117406031485,3.857591037473306,2.3516329156954887,nvjet_tst_64x64_64x16_2x1_2cta_v_bz_TNT,"[512, 512, 512, 512, 512, 512, 512, 512, 512, 512, 512, 512, 512, 512, 512, 512, 512, 512, 512, 512, 512, 512, 512, 512, 512, 512, 512, 512, 512, 512, 512, 512, 170, 170, 170, 170, 170, 170, 170, 170, 170, 170, 170, 170, 170, 170, 170, 170, 170, 170, 170, 170, 170, 170, 170, 170, 170, 170, 170, 170, 170, 170, 170, 170, 170, 170, 170, 170, 170, 170, 170, 170, 170, 170, 170, 170, 170, 170, 170, 170, 170, 170, 170, 170, 170, 170, 170, 170, 170, 170, 170, 170, 170, 170, 170, 170, 170, 170, 170, 170, 170, 170, 170, 170, 170, 170, 170, 170, 170, 170, 170, 170, 170, 170, 170, 170, 170, 170, 170, 170, 170, 170, 170, 170, 170, 170, 170, 234]",2.4.90,OK
b200,NVIDIA B200,fc2,balanced,128,256,32768,1024,1280,1280,1024,bf16,85899345920.0,2.1313381958007813,8.914309997558593,11.045648193359375,40.30301061053621,19.272236649505274,1.7912449160238317,0.8565438510891232,nvjet_tst_64x32_64x16_2x2_2cta_h_bz_TNT,"[256, 256, 256, 256, 256, 256, 256, 256, 256, 256, 256, 256, 256, 256, 256, 256, 256, 256, 256, 256, 256, 256, 256, 256, 256, 256, 256, 256, 256, 256, 256, 256, 256, 256, 256, 256, 256, 256, 256, 256, 256, 256, 256, 256, 256, 256, 256, 256, 256, 256, 256, 256, 256, 256, 256, 256, 256, 256, 256, 256, 256, 256, 256, 256, 256, 256, 256, 256, 256, 256, 256, 256, 256, 256, 256, 256, 256, 256, 256, 256, 256, 256, 256, 256, 256, 256, 256, 256, 256, 256, 256, 256, 256, 256, 256, 256, 256, 256, 256, 256, 256, 256, 256, 256, 256, 256, 256, 256, 256, 256, 256, 256, 256, 256, 256, 256, 256, 256, 256, 256, 256, 256, 256, 256, 256, 256, 256, 256]",2.4.90,OK
b200,NVIDIA B200,fc2,skewed,128,256,32768,1024,1280,1280,1024,bf16,85899345920.0,1.9815347290039063,7.8507736206054695,9.832308349609375,43.34990684880935,21.883027092908392,1.926662526613749,0.9725789819070396,nvjet_tst_64x24_64x16_1x4_h_bz_TNT,"[512, 512, 512, 512, 512, 512, 512, 512, 512, 512, 512, 512, 512, 512, 512, 512, 512, 512, 512, 512, 512, 512, 512, 512, 512, 512, 512, 512, 512, 512, 512, 512, 170, 170, 170, 170, 170, 170, 170, 170, 170, 170, 170, 170, 170, 170, 170, 170, 170, 170, 170, 170, 170, 170, 170, 170, 170, 170, 170, 170, 170, 170, 170, 170, 170, 170, 170, 170, 170, 170, 170, 170, 170, 170, 170, 170, 170, 170, 170, 170, 170, 170, 170, 170, 170, 170, 170, 170, 170, 170, 170, 170, 170, 170, 170, 170, 170, 170, 170, 170, 170, 170, 170, 170, 170, 170, 170, 170, 170, 170, 170, 170, 170, 170, 170, 170, 170, 170, 170, 170, 170, 170, 170, 170, 170, 170, 170, 234]",2.4.90,OK
b200,NVIDIA B200,fc1,balanced,128,256,32768,2048,1280,2048,2560,bf16,343597383680.0,1.998682861328125,6.411830444335938,8.410513305664063,171.91190775092727,107.17606669824713,7.640529233374545,4.763380742144316,nvjet_tst_80x64_64x16_2x2_2cta_h_bz_TNN,"[256, 256, 256, 256, 256, 256, 256, 256, 256, 256, 256, 256, 256, 256, 256, 256, 256, 256, 256, 256, 256, 256, 256, 256, 256, 256, 256, 256, 256, 256, 256, 256, 256, 256, 256, 256, 256, 256, 256, 256, 256, 256, 256, 256, 256, 256, 256, 256, 256, 256, 256, 256, 256, 256, 256, 256, 256, 256, 256, 256, 256, 256, 256, 256, 256, 256, 256, 256, 256, 256, 256, 256, 256, 256, 256, 256, 256, 256, 256, 256, 256, 256, 256, 256, 256, 256, 256, 256, 256, 256, 256, 256, 256, 256, 256, 256, 256, 256, 256, 256, 256, 256, 256, 256, 256, 256, 256, 256, 256, 256, 256, 256, 256, 256, 256, 256, 256, 256, 256, 256, 256, 256, 256, 256, 256, 256, 256, 256]",2.4.90,OK
b200,NVIDIA B200,fc1,skewed,128,256,32768,2048,1280,2048,2560,bf16,343597383680.0,2.0065728759765626,6.438026733398438,8.444599609375,171.23593555642844,106.73996797730767,7.610486024730153,4.74399857676923,nvjet_tst_64x64_64x16_2x1_2cta_v_bz_TNT,"[512, 512, 512, 512, 512, 512, 512, 512, 512, 512, 512, 512, 512, 512, 512, 512, 512, 512, 512, 512, 512, 512, 512, 512, 512, 512, 512, 512, 512, 512, 512, 512, 170, 170, 170, 170, 170, 170, 170, 170, 170, 170, 170, 170, 170, 170, 170, 170, 170, 170, 170, 170, 170, 170, 170, 170, 170, 170, 170, 170, 170, 170, 170, 170, 170, 170, 170, 170, 170, 170, 170, 170, 170, 170, 170, 170, 170, 170, 170, 170, 170, 170, 170, 170, 170, 170, 170, 170, 170, 170, 170, 170, 170, 170, 170, 170, 170, 170, 170, 170, 170, 170, 170, 170, 170, 170, 170, 170, 170, 170, 170, 170, 170, 170, 170, 170, 170, 170, 170, 170, 170, 170, 170, 170, 170, 170, 170, 234]",2.4.90,OK
b200,NVIDIA B200,fc2,balanced,128,256,32768,2048,1280,1280,2048,bf16,171798691840.0,1.9882534790039061,6.428439025878906,8.416692504882812,86.40683577532042,53.449582752015424,3.840303812236463,2.3755370112006853,nvjet_tst_64x64_64x16_2x2_2cta_h_bz_TNT,"[256, 256, 256, 256, 256, 256, 256, 256, 256, 256, 256, 256, 256, 256, 256, 256, 256, 256, 256, 256, 256, 256, 256, 256, 256, 256, 256, 256, 256, 256, 256, 256, 256, 256, 256, 256, 256, 256, 256, 256, 256, 256, 256, 256, 256, 256, 256, 256, 256, 256, 256, 256, 256, 256, 256, 256, 256, 256, 256, 256, 256, 256, 256, 256, 256, 256, 256, 256, 256, 256, 256, 256, 256, 256, 256, 256, 256, 256, 256, 256, 256, 256, 256, 256, 256, 256, 256, 256, 256, 256, 256, 256, 256, 256, 256, 256, 256, 256, 256, 256, 256, 256, 256, 256, 256, 256, 256, 256, 256, 256, 256, 256, 256, 256, 256, 256, 256, 256, 256, 256, 256, 256, 256, 256, 256, 256, 256, 256]",2.4.90,OK
b200,NVIDIA B200,fc2,skewed,128,256,32768,2048,1280,1280,2048,bf16,171798691840.0,1.984449920654297,6.447803497314453,8.43225341796875,86.57245015452742,53.28905941738303,3.8476644513123297,2.368402640772579,nvjet_tst_64x48_64x16_2x2_2cta_h_bz_TNT,"[512, 512, 512, 512, 512, 512, 512, 512, 512, 512, 512, 512, 512, 512, 512, 512, 512, 512, 512, 512, 512, 512, 512, 512, 512, 512, 512, 512, 512, 512, 512, 512, 170, 170, 170, 170, 170, 170, 170, 170, 170, 170, 170, 170, 170, 170, 170, 170, 170, 170, 170, 170, 170, 170, 170, 170, 170, 170, 170, 170, 170, 170, 170, 170, 170, 170, 170, 170, 170, 170, 170, 170, 170, 170, 170, 170, 170, 170, 170, 170, 170, 170, 170, 170, 170, 170, 170, 170, 170, 170, 170, 170, 170, 170, 170, 170, 170, 170, 170, 170, 170, 170, 170, 170, 170, 170, 170, 170, 170, 170, 170, 170, 170, 170, 170, 170, 170, 170, 170, 170, 170, 170, 170, 170, 170, 170, 170, 234]",2.4.90,OK
b200,NVIDIA B200,fc1,balanced,128,256,32768,2560,1600,2560,3200,bf16,536870912000.0,1.989249267578125,6.397296142578125,8.38654541015625,269.8861931233136,167.8430699578775,11.994941916591715,7.459691998127888,nvjet_tst_96x64_64x15_1x2_2cta_h_bz_TNN,"[256, 256, 256, 256, 256, 256, 256, 256, 256, 256, 256, 256, 256, 256, 256, 256, 256, 256, 256, 256, 256, 256, 256, 256, 256, 256, 256, 256, 256, 256, 256, 256, 256, 256, 256, 256, 256, 256, 256, 256, 256, 256, 256, 256, 256, 256, 256, 256, 256, 256, 256, 256, 256, 256, 256, 256, 256, 256, 256, 256, 256, 256, 256, 256, 256, 256, 256, 256, 256, 256, 256, 256, 256, 256, 256, 256, 256, 256, 256, 256, 256, 256, 256, 256, 256, 256, 256, 256, 256, 256, 256, 256, 256, 256, 256, 256, 256, 256, 256, 256, 256, 256, 256, 256, 256, 256, 256, 256, 256, 256, 256, 256, 256, 256, 256, 256, 256, 256, 256, 256, 256, 256, 256, 256, 256, 256, 256, 256]",2.4.90,OK
b200,NVIDIA B200,fc1,skewed,128,256,32768,2560,1600,2560,3200,bf16,536870912000.0,1.9793580627441407,6.428595428466797,8.407953491210938,271.23486250673284,167.02588239497982,12.054882778077014,7.423372550887992,nvjet_tst_64x96_64x15_2x2_2cta_h_bz_TNT,"[512, 512, 512, 512, 512, 512, 512, 512, 512, 512, 512, 512, 512, 512, 512, 512, 512, 512, 512, 512, 512, 512, 512, 512, 512, 512, 512, 512, 512, 512, 512, 512, 170, 170, 170, 170, 170, 170, 170, 170, 170, 170, 170, 170, 170, 170, 170, 170, 170, 170, 170, 170, 170, 170, 170, 170, 170, 170, 170, 170, 170, 170, 170, 170, 170, 170, 170, 170, 170, 170, 170, 170, 170, 170, 170, 170, 170, 170, 170, 170, 170, 170, 170, 170, 170, 170, 170, 170, 170, 170, 170, 170, 170, 170, 170, 170, 170, 170, 170, 170, 170, 170, 170, 170, 170, 170, 170, 170, 170, 170, 170, 170, 170, 170, 170, 170, 170, 170, 170, 170, 170, 170, 170, 170, 170, 170, 170, 234]",2.4.90,OK
b200,NVIDIA B200,fc2,balanced,128,256,32768,2560,1600,1600,2560,bf16,268435456000.0,1.9738847351074218,6.393838653564453,8.367723388671875,135.9934808885339,83.96691582148446,6.0441547061570615,3.73186292539931,nvjet_tst_80x64_64x16_2x2_2cta_h_bz_TNN,"[256, 256, 256, 256, 256, 256, 256, 256, 256, 256, 256, 256, 256, 256, 256, 256, 256, 256, 256, 256, 256, 256, 256, 256, 256, 256, 256, 256, 256, 256, 256, 256, 256, 256, 256, 256, 256, 256, 256, 256, 256, 256, 256, 256, 256, 256, 256, 256, 256, 256, 256, 256, 256, 256, 256, 256, 256, 256, 256, 256, 256, 256, 256, 256, 256, 256, 256, 256, 256, 256, 256, 256, 256, 256, 256, 256, 256, 256, 256, 256, 256, 256, 256, 256, 256, 256, 256, 256, 256, 256, 256, 256, 256, 256, 256, 256, 256, 256, 256, 256, 256, 256, 256, 256, 256, 256, 256, 256, 256, 256, 256, 256, 256, 256, 256, 256, 256, 256, 256, 256, 256, 256, 256, 256, 256, 256, 256, 256]",2.4.90,OK
b200,NVIDIA B200,fc2,skewed,128,256,32768,2560,1600,1600,2560,bf16,268435456000.0,1.9742131042480469,6.433567657470702,8.40778076171875,135.9708612116845,83.44839762065483,6.043149387185978,3.7088176720291037,nvjet_tst_64x64_64x16_2x1_2cta_v_bz_TNT,"[512, 512, 512, 512, 512, 512, 512, 512, 512, 512, 512, 512, 512, 512, 512, 512, 512, 512, 512, 512, 512, 512, 512, 512, 512, 512, 512, 512, 512, 512, 512, 512, 170, 170, 170, 170, 170, 170, 170, 170, 170, 170, 170, 170, 170, 170, 170, 170, 170, 170, 170, 170, 170, 170, 170, 170, 170, 170, 170, 170, 170, 170, 170, 170, 170, 170, 170, 170, 170, 170, 170, 170, 170, 170, 170, 170, 170, 170, 170, 170, 170, 170, 170, 170, 170, 170, 170, 170, 170, 170, 170, 170, 170, 170, 170, 170, 170, 170, 170, 170, 170, 170, 170, 170, 170, 170, 170, 170, 170, 170, 170, 170, 170, 170, 170, 170, 170, 170, 170, 170, 170, 170, 170, 170, 170, 170, 170, 234]",2.4.90,OK
b200,NVIDIA B200,fc1,balanced,128,256,32768,4096,1280,4096,2560,bf16,687194767360.0,1.9891539001464844,6.454350738525391,8.443504638671875,345.470889562338,212.94001370523648,15.354261758326132,9.464000609121621,nvjet_tst_80x64_64x16_2x2_2cta_h_bz_TNN,"[256, 256, 256, 256, 256, 256, 256, 256, 256, 256, 256, 256, 256, 256, 256, 256, 256, 256, 256, 256, 256, 256, 256, 256, 256, 256, 256, 256, 256, 256, 256, 256, 256, 256, 256, 256, 256, 256, 256, 256, 256, 256, 256, 256, 256, 256, 256, 256, 256, 256, 256, 256, 256, 256, 256, 256, 256, 256, 256, 256, 256, 256, 256, 256, 256, 256, 256, 256, 256, 256, 256, 256, 256, 256, 256, 256, 256, 256, 256, 256, 256, 256, 256, 256, 256, 256, 256, 256, 256, 256, 256, 256, 256, 256, 256, 256, 256, 256, 256, 256, 256, 256, 256, 256, 256, 256, 256, 256, 256, 256, 256, 256, 256, 256, 256, 256, 256, 256, 256, 256, 256, 256, 256, 256, 256, 256, 256, 256]",2.4.90,OK
b200,NVIDIA B200,fc1,skewed,128,256,32768,4096,1280,4096,2560,bf16,687194767360.0,1.984122314453125,6.455737915039063,8.439860229492188,346.3469778824641,212.89425822542606,15.393199016998405,9.461967032241159,nvjet_tst_64x64_64x16_2x1_2cta_v_bz_TNT,"[512, 512, 512, 512, 512, 512, 512, 512, 512, 512, 512, 512, 512, 512, 512, 512, 512, 512, 512, 512, 512, 512, 512, 512, 512, 512, 512, 512, 512, 512, 512, 512, 170, 170, 170, 170, 170, 170, 170, 170, 170, 170, 170, 170, 170, 170, 170, 170, 170, 170, 170, 170, 170, 170, 170, 170, 170, 170, 170, 170, 170, 170, 170, 170, 170, 170, 170, 170, 170, 170, 170, 170, 170, 170, 170, 170, 170, 170, 170, 170, 170, 170, 170, 170, 170, 170, 170, 170, 170, 170, 170, 170, 170, 170, 170, 170, 170, 170, 170, 170, 170, 170, 170, 170, 170, 170, 170, 170, 170, 170, 170, 170, 170, 170, 170, 170, 170, 170, 170, 170, 170, 170, 170, 170, 170, 170, 170, 234]",2.4.90,OK
b200,NVIDIA B200,fc2,balanced,128,256,32768,4096,1280,1280,4096,bf16,343597383680.0,1.9665280151367188,6.3974172973632815,8.3639453125,174.7228521715782,107.41753045298917,7.765460096514587,4.774112464577296,nvjet_tst_112x64_64x14_1x2_2cta_h_bz_TNN,"[256, 256, 256, 256, 256, 256, 256, 256, 256, 256, 256, 256, 256, 256, 256, 256, 256, 256, 256, 256, 256, 256, 256, 256, 256, 256, 256, 256, 256, 256, 256, 256, 256, 256, 256, 256, 256, 256, 256, 256, 256, 256, 256, 256, 256, 256, 256, 256, 256, 256, 256, 256, 256, 256, 256, 256, 256, 256, 256, 256, 256, 256, 256, 256, 256, 256, 256, 256, 256, 256, 256, 256, 256, 256, 256, 256, 256, 256, 256, 256, 256, 256, 256, 256, 256, 256, 256, 256, 256, 256, 256, 256, 256, 256, 256, 256, 256, 256, 256, 256, 256, 256, 256, 256, 256, 256, 256, 256, 256, 256, 256, 256, 256, 256, 256, 256, 256, 256, 256, 256, 256, 256, 256, 256, 256, 256, 256, 256]",2.4.90,OK
b200,NVIDIA B200,fc2,skewed,128,256,32768,4096,1280,1280,4096,bf16,343597383680.0,1.978348846435547,6.375641632080078,8.353990478515625,173.67886573648028,107.78440932160737,7.719060699399124,4.790418192071439,nvjet_tst_64x96_64x15_2x2_2cta_h_bz_TNT,"[512, 512, 512, 512, 512, 512, 512, 512, 512, 512, 512, 512, 512, 512, 512, 512, 512, 512, 512, 512, 512, 512, 512, 512, 512, 512, 512, 512, 512, 512, 512, 512, 170, 170, 170, 170, 170, 170, 170, 170, 170, 170, 170, 170, 170, 170, 170, 170, 170, 170, 170, 170, 170, 170, 170, 170, 170, 170, 170, 170, 170, 170, 170, 170, 170, 170, 170, 170, 170, 170, 170, 170, 170, 170, 170, 170, 170, 170, 170, 170, 170, 170, 170, 170, 170, 170, 170, 170, 170, 170, 170, 170, 170, 170, 170, 170, 170, 170, 170, 170, 170, 170, 170, 170, 170, 170, 170, 170, 170, 170, 170, 170, 170, 170, 170, 170, 170, 170, 170, 170, 170, 170, 170, 170, 170, 170, 170, 234]",2.4.90,OK
b200,NVIDIA B200,fc1,balanced,128,256,32768,6144,1536,6144,3072,bf16,1236950581248.0,2.0092626953125,6.448064575195312,8.457327270507813,615.6241212927199,383.6656928053586,27.36107205745422,17.05180856912705,nvjet_tst_96x64_64x15_2x2_2cta_h_bz_TNN,"[256, 256, 256, 256, 256, 256, 256, 256, 256, 256, 256, 256, 256, 256, 256, 256, 256, 256, 256, 256, 256, 256, 256, 256, 256, 256, 256, 256, 256, 256, 256, 256, 256, 256, 256, 256, 256, 256, 256, 256, 256, 256, 256, 256, 256, 256, 256, 256, 256, 256, 256, 256, 256, 256, 256, 256, 256, 256, 256, 256, 256, 256, 256, 256, 256, 256, 256, 256, 256, 256, 256, 256, 256, 256, 256, 256, 256, 256, 256, 256, 256, 256, 256, 256, 256, 256, 256, 256, 256, 256, 256, 256, 256, 256, 256, 256, 256, 256, 256, 256, 256, 256, 256, 256, 256, 256, 256, 256, 256, 256, 256, 256, 256, 256, 256, 256, 256, 256, 256, 256, 256, 256, 256, 256, 256, 256, 256, 256]",2.4.90,OK
b200,NVIDIA B200,fc1,skewed,128,256,32768,6144,1536,6144,3072,bf16,1236950581248.0,2.0003948974609376,6.507546997070312,8.50794189453125,618.3531975701585,380.15878542402334,27.48236433645149,16.895946018845482,nvjet_tst_64x64_64x16_2x1_2cta_v_bz_TNT,"[512, 512, 512, 512, 512, 512, 512, 512, 512, 512, 512, 512, 512, 512, 512, 512, 512, 512, 512, 512, 512, 512, 512, 512, 512, 512, 512, 512, 512, 512, 512, 512, 170, 170, 170, 170, 170, 170, 170, 170, 170, 170, 170, 170, 170, 170, 170, 170, 170, 170, 170, 170, 170, 170, 170, 170, 170, 170, 170, 170, 170, 170, 170, 170, 170, 170, 170, 170, 170, 170, 170, 170, 170, 170, 170, 170, 170, 170, 170, 170, 170, 170, 170, 170, 170, 170, 170, 170, 170, 170, 170, 170, 170, 170, 170, 170, 170, 170, 170, 170, 170, 170, 170, 170, 170, 170, 170, 170, 170, 170, 170, 170, 170, 170, 170, 170, 170, 170, 170, 170, 170, 170, 170, 170, 170, 170, 170, 234]",2.4.90,OK
b200,NVIDIA B200,fc2,balanced,128,256,32768,6144,1536,1536,6144,bf16,618475290624.0,1.9903411865234375,6.533770751953124,8.524111938476562,310.73832708265525,189.3164955134432,13.810592314784676,8.414066467264142,nvjet_tst_96x128_64x9_2x2_2cta_h_bz_TNN,"[256, 256, 256, 256, 256, 256, 256, 256, 256, 256, 256, 256, 256, 256, 256, 256, 256, 256, 256, 256, 256, 256, 256, 256, 256, 256, 256, 256, 256, 256, 256, 256, 256, 256, 256, 256, 256, 256, 256, 256, 256, 256, 256, 256, 256, 256, 256, 256, 256, 256, 256, 256, 256, 256, 256, 256, 256, 256, 256, 256, 256, 256, 256, 256, 256, 256, 256, 256, 256, 256, 256, 256, 256, 256, 256, 256, 256, 256, 256, 256, 256, 256, 256, 256, 256, 256, 256, 256, 256, 256, 256, 256, 256, 256, 256, 256, 256, 256, 256, 256, 256, 256, 256, 256, 256, 256, 256, 256, 256, 256, 256, 256, 256, 256, 256, 256, 256, 256, 256, 256, 256, 256, 256, 256, 256, 256, 256, 256]",2.4.90,OK
b200,NVIDIA B200,fc2,skewed,128,256,32768,6144,1536,1536,6144,bf16,618475290624.0,1.9830213928222655,6.527653045654298,8.510674438476563,311.8853346023549,189.49392263908453,13.861570426771328,8.421952117292646,nvjet_tst_128x64_64x10_2x1_2cta_v_bz_TNT,"[512, 512, 512, 512, 512, 512, 512, 512, 512, 512, 512, 512, 512, 512, 512, 512, 512, 512, 512, 512, 512, 512, 512, 512, 512, 512, 512, 512, 512, 512, 512, 512, 170, 170, 170, 170, 170, 170, 170, 170, 170, 170, 170, 170, 170, 170, 170, 170, 170, 170, 170, 170, 170, 170, 170, 170, 170, 170, 170, 170, 170, 170, 170, 170, 170, 170, 170, 170, 170, 170, 170, 170, 170, 170, 170, 170, 170, 170, 170, 170, 170, 170, 170, 170, 170, 170, 170, 170, 170, 170, 170, 170, 170, 170, 170, 170, 170, 170, 170, 170, 170, 170, 170, 170, 170, 170, 170, 170, 170, 170, 170, 170, 170, 170, 170, 170, 170, 170, 170, 170, 170, 170, 170, 170, 170, 170, 170, 234]",2.4.90,OK
b200,NVIDIA B200,fc1,balanced,128,512,65536,1024,1280,1024,2560,bf16,343597383680.0,1.9854124450683595,6.390509185791016,8.375921630859375,173.06095997004272,107.53364831834432,7.691598220890787,4.77927325859308,nvjet_tst_80x128_64x10_2x2_2cta_h_bz_TNN,"[512, 512, 512, 512, 512, 512, 512, 512, 512, 512, 512, 512, 512, 512, 512, 512, 512, 512, 512, 512, 512, 512, 512, 512, 512, 512, 512, 512, 512, 512, 512, 512, 512, 512, 512, 512, 512, 512, 512, 512, 512, 512, 512, 512, 512, 512, 512, 512, 512, 512, 512, 512, 512, 512, 512, 512, 512, 512, 512, 512, 512, 512, 512, 512, 512, 512, 512, 512, 512, 512, 512, 512, 512, 512, 512, 512, 512, 512, 512, 512, 512, 512, 512, 512, 512, 512, 512, 512, 512, 512, 512, 512, 512, 512, 512, 512, 512, 512, 512, 512, 512, 512, 512, 512, 512, 512, 512, 512, 512, 512, 512, 512, 512, 512, 512, 512, 512, 512, 512, 512, 512, 512, 512, 512, 512, 512, 512, 512]",2.4.90,OK
b200,NVIDIA B200,fc1,skewed,128,512,65536,1024,1280,1024,2560,bf16,343597383680.0,1.98570556640625,6.428322143554687,8.414027709960937,173.035413453489,106.90110918741233,7.6904628201550675,4.7511604083294365,nvjet_tst_112x64_64x14_1x2_2cta_h_bz_TNN,"[1024, 1024, 1024, 1024, 1024, 1024, 1024, 1024, 1024, 1024, 1024, 1024, 1024, 1024, 1024, 1024, 1024, 1024, 1024, 1024, 1024, 1024, 1024, 1024, 1024, 1024, 1024, 1024, 1024, 1024, 1024, 1024, 341, 341, 341, 341, 341, 341, 341, 341, 341, 341, 341, 341, 341, 341, 341, 341, 341, 341, 341, 341, 341, 341, 341, 341, 341, 341, 341, 341, 341, 341, 341, 341, 341, 341, 341, 341, 341, 341, 341, 341, 341, 341, 341, 341, 341, 341, 341, 341, 341, 341, 341, 341, 341, 341, 341, 341, 341, 341, 341, 341, 341, 341, 341, 341, 341, 341, 341, 341, 341, 341, 341, 341, 341, 341, 341, 341, 341, 341, 341, 341, 341, 341, 341, 341, 341, 341, 341, 341, 341, 341, 341, 341, 341, 341, 341, 373]",2.4.90,OK
b200,NVIDIA B200,fc2,balanced,128,512,65536,1024,1280,1280,1024,bf16,171798691840.0,1.9712838745117187,6.441804504394532,8.41308837890625,87.15066057269608,53.33868537078414,3.873362692119826,2.3706082387015175,nvjet_tst_64x64_64x16_2x2_2cta_h_bz_TNT,"[512, 512, 512, 512, 512, 512, 512, 512, 512, 512, 512, 512, 512, 512, 512, 512, 512, 512, 512, 512, 512, 512, 512, 512, 512, 512, 512, 512, 512, 512, 512, 512, 512, 512, 512, 512, 512, 512, 512, 512, 512, 512, 512, 512, 512, 512, 512, 512, 512, 512, 512, 512, 512, 512, 512, 512, 512, 512, 512, 512, 512, 512, 512, 512, 512, 512, 512, 512, 512, 512, 512, 512, 512, 512, 512, 512, 512, 512, 512, 512, 512, 512, 512, 512, 512, 512, 512, 512, 512, 512, 512, 512, 512, 512, 512, 512, 512, 512, 512, 512, 512, 512, 512, 512, 512, 512, 512, 512, 512, 512, 512, 512, 512, 512, 512, 512, 512, 512, 512, 512, 512, 512, 512, 512, 512, 512, 512, 512]",2.4.90,OK
b200,NVIDIA B200,fc2,skewed,128,512,65536,1024,1280,1280,1024,bf16,171798691840.0,1.9750361633300781,7.727016448974609,9.702052612304687,86.98508666815135,44.46701853800196,3.866003851917838,1.9763119350223093,nvjet_tst_48x64_64x16_2x2_2cta_h_bz_TNN,"[1024, 1024, 1024, 1024, 1024, 1024, 1024, 1024, 1024, 1024, 1024, 1024, 1024, 1024, 1024, 1024, 1024, 1024, 1024, 1024, 1024, 1024, 1024, 1024, 1024, 1024, 1024, 1024, 1024, 1024, 1024, 1024, 341, 341, 341, 341, 341, 341, 341, 341, 341, 341, 341, 341, 341, 341, 341, 341, 341, 341, 341, 341, 341, 341, 341, 341, 341, 341, 341, 341, 341, 341, 341, 341, 341, 341, 341, 341, 341, 341, 341, 341, 341, 341, 341, 341, 341, 341, 341, 341, 341, 341, 341, 341, 341, 341, 341, 341, 341, 341, 341, 341, 341, 341, 341, 341, 341, 341, 341, 341, 341, 341, 341, 341, 341, 341, 341, 341, 341, 341, 341, 341, 341, 341, 341, 341, 341, 341, 341, 341, 341, 341, 341, 341, 341, 341, 341, 373]",2.4.90,OK
b200,NVIDIA B200,fc1,balanced,128,512,65536,2048,1280,2048,2560,bf16,687194767360.0,2.350052490234375,6.076314086914062,8.426366577148437,292.41677375957875,226.18803357777088,12.996301055981277,10.052801492345372,nvjet_tst_80x128_64x10_2x2_2cta_h_bz_TNN,"[512, 512, 512, 512, 512, 512, 512, 512, 512, 512, 512, 512, 512, 512, 512, 512, 512, 512, 512, 512, 512, 512, 512, 512, 512, 512, 512, 512, 512, 512, 512, 512, 512, 512, 512, 512, 512, 512, 512, 512, 512, 512, 512, 512, 512, 512, 512, 512, 512, 512, 512, 512, 512, 512, 512, 512, 512, 512, 512, 512, 512, 512, 512, 512, 512, 512, 512, 512, 512, 512, 512, 512, 512, 512, 512, 512, 512, 512, 512, 512, 512, 512, 512, 512, 512, 512, 512, 512, 512, 512, 512, 512, 512, 512, 512, 512, 512, 512, 512, 512, 512, 512, 512, 512, 512, 512, 512, 512, 512, 512, 512, 512, 512, 512, 512, 512, 512, 512, 512, 512, 512, 512, 512, 512, 512, 512, 512, 512]",2.4.90,OK
b200,NVIDIA B200,fc1,skewed,128,512,65536,2048,1280,2048,2560,bf16,687194767360.0,1.9761830139160157,6.4136094665527335,8.38979248046875,347.73842428604365,214.2926758929592,15.455041079379718,9.524118928575964,nvjet_tst_112x64_64x14_1x2_2cta_h_bz_TNN,"[1024, 1024, 1024, 1024, 1024, 1024, 1024, 1024, 1024, 1024, 1024, 1024, 1024, 1024, 1024, 1024, 1024, 1024, 1024, 1024, 1024, 1024, 1024, 1024, 1024, 1024, 1024, 1024, 1024, 1024, 1024, 1024, 341, 341, 341, 341, 341, 341, 341, 341, 341, 341, 341, 341, 341, 341, 341, 341, 341, 341, 341, 341, 341, 341, 341, 341, 341, 341, 341, 341, 341, 341, 341, 341, 341, 341, 341, 341, 341, 341, 341, 341, 341, 341, 341, 341, 341, 341, 341, 341, 341, 341, 341, 341, 341, 341, 341, 341, 341, 341, 341, 341, 341, 341, 341, 341, 341, 341, 341, 341, 341, 341, 341, 341, 341, 341, 341, 341, 341, 341, 341, 341, 341, 341, 341, 341, 341, 341, 341, 341, 341, 341, 341, 341, 341, 341, 341, 373]",2.4.90,OK
b200,NVIDIA B200,fc2,balanced,128,512,65536,2048,1280,1280,2048,bf16,343597383680.0,1.9794406127929687,6.4379757690429695,8.417416381835938,173.58307264151156,106.74081295309911,7.7148032285116255,4.744036131248849,nvjet_tst_128x64_64x10_2x2_2cta_h_bz_TNT,"[512, 512, 512, 512, 512, 512, 512, 512, 512, 512, 512, 512, 512, 512, 512, 512, 512, 512, 512, 512, 512, 512, 512, 512, 512, 512, 512, 512, 512, 512, 512, 512, 512, 512, 512, 512, 512, 512, 512, 512, 512, 512, 512, 512, 512, 512, 512, 512, 512, 512, 512, 512, 512, 512, 512, 512, 512, 512, 512, 512, 512, 512, 512, 512, 512, 512, 512, 512, 512, 512, 512, 512, 512, 512, 512, 512, 512, 512, 512, 512, 512, 512, 512, 512, 512, 512, 512, 512, 512, 512, 512, 512, 512, 512, 512, 512, 512, 512, 512, 512, 512, 512, 512, 512, 512, 512, 512, 512, 512, 512, 512, 512, 512, 512, 512, 512, 512, 512, 512, 512, 512, 512, 512, 512, 512, 512, 512, 512]",2.4.90,OK
b200,NVIDIA B200,fc2,skewed,128,512,65536,2048,1280,1280,2048,bf16,343597383680.0,1.9929530334472656,6.3978410339355465,8.390794067382812,172.40616206879204,107.41041606300763,7.662496091946313,4.773796269467006,nvjet_tst_96x64_64x15_2x2_2cta_h_bz_TNN,"[1024, 1024, 1024, 1024, 1024, 1024, 1024, 1024, 1024, 1024, 1024, 1024, 1024, 1024, 1024, 1024, 1024, 1024, 1024, 1024, 1024, 1024, 1024, 1024, 1024, 1024, 1024, 1024, 1024, 1024, 1024, 1024, 341, 341, 341, 341, 341, 341, 341, 341, 341, 341, 341, 341, 341, 341, 341, 341, 341, 341, 341, 341, 341, 341, 341, 341, 341, 341, 341, 341, 341, 341, 341, 341, 341, 341, 341, 341, 341, 341, 341, 341, 341, 341, 341, 341, 341, 341, 341, 341, 341, 341, 341, 341, 341, 341, 341, 341, 341, 341, 341, 341, 341, 341, 341, 341, 341, 341, 341, 341, 341, 341, 341, 341, 341, 341, 341, 341, 341, 341, 341, 341, 341, 341, 341, 341, 341, 341, 341, 341, 341, 341, 341, 341, 341, 341, 341, 373]",2.4.90,OK
b200,NVIDIA B200,fc1,balanced,128,512,65536,2560,1600,2560,3200,bf16,1073741824000.0,2.0150515747070314,6.473263244628905,8.488314819335937,532.860715565611,331.7466889334129,23.68269846958271,14.744297285929461,nvjet_tst_88x128_64x8_1x2_h_bz_TNN,"[512, 512, 512, 512, 512, 512, 512, 512, 512, 512, 512, 512, 512, 512, 512, 512, 512, 512, 512, 512, 512, 512, 512, 512, 512, 512, 512, 512, 512, 512, 512, 512, 512, 512, 512, 512, 512, 512, 512, 512, 512, 512, 512, 512, 512, 512, 512, 512, 512, 512, 512, 512, 512, 512, 512, 512, 512, 512, 512, 512, 512, 512, 512, 512, 512, 512, 512, 512, 512, 512, 512, 512, 512, 512, 512, 512, 512, 512, 512, 512, 512, 512, 512, 512, 512, 512, 512, 512, 512, 512, 512, 512, 512, 512, 512, 512, 512, 512, 512, 512, 512, 512, 512, 512, 512, 512, 512, 512, 512, 512, 512, 512, 512, 512, 512, 512, 512, 512, 512, 512, 512, 512, 512, 512, 512, 512, 512, 512]",2.4.90,OK
b200,NVIDIA B200,fc1,skewed,128,512,65536,2560,1600,2560,3200,bf16,1073741824000.0,2.0101446533203124,6.6049957275390625,8.615140380859375,534.1614705321913,325.1302100084969,23.740509801430726,14.450231555933195,nvjet_tst_80x128_64x8_4x1_v_bz_TNN,"[1024, 1024, 1024, 1024, 1024, 1024, 1024, 1024, 1024, 1024, 1024, 1024, 1024, 1024, 1024, 1024, 1024, 1024, 1024, 1024, 1024, 1024, 1024, 1024, 1024, 1024, 1024, 1024, 1024, 1024, 1024, 1024, 341, 341, 341, 341, 341, 341, 341, 341, 341, 341, 341, 341, 341, 341, 341, 341, 341, 341, 341, 341, 341, 341, 341, 341, 341, 341, 341, 341, 341, 341, 341, 341, 341, 341, 341, 341, 341, 341, 341, 341, 341, 341, 341, 341, 341, 341, 341, 341, 341, 341, 341, 341, 341, 341, 341, 341, 341, 341, 341, 341, 341, 341, 341, 341, 341, 341, 341, 341, 341, 341, 341, 341, 341, 341, 341, 341, 341, 341, 341, 341, 341, 341, 341, 341, 341, 341, 341, 341, 341, 341, 341, 341, 341, 341, 341, 373]",2.4.90,OK
b200,NVIDIA B200,fc2,balanced,128,512,65536,2560,1600,1600,2560,bf16,536870912000.0,2.823292236328125,7.890703125,10.713995361328125,190.15775451507474,136.07682445916376,8.451455756225544,6.047858864851722,nvjet_tst_80x128_64x10_2x2_2cta_h_bz_TNN,"[512, 512, 512, 512, 512, 512, 512, 512, 512, 512, 512, 512, 512, 512, 512, 512, 512, 512, 512, 512, 512, 512, 512, 512, 512, 512, 512, 512, 512, 512, 512, 512, 512, 512, 512, 512, 512, 512, 512, 512, 512, 512, 512, 512, 512, 512, 512, 512, 512, 512, 512, 512, 512, 512, 512, 512, 512, 512, 512, 512, 512, 512, 512, 512, 512, 512, 512, 512, 512, 512, 512, 512, 512, 512, 512, 512, 512, 512, 512, 512, 512, 512, 512, 512, 512, 512, 512, 512, 512, 512, 512, 512, 512, 512, 512, 512, 512, 512, 512, 512, 512, 512, 512, 512, 512, 512, 512, 512, 512, 512, 512, 512, 512, 512, 512, 512, 512, 512, 512, 512, 512, 512, 512, 512, 512, 512, 512, 512]",2.4.90,OK
b200,NVIDIA B200,fc2,skewed,128,512,65536,2560,1600,1600,2560,bf16,536870912000.0,2.3897894287109374,8.168756713867188,10.558546142578125,224.65197374715584,131.44495075697728,9.984532166540259,5.841997811421212,nvjet_tst_112x64_64x14_1x2_2cta_h_bz_TNN,"[1024, 1024, 1024, 1024, 1024, 1024, 1024, 1024, 1024, 1024, 1024, 1024, 1024, 1024, 1024, 1024, 1024, 1024, 1024, 1024, 1024, 1024, 1024, 1024, 1024, 1024, 1024, 1024, 1024, 1024, 1024, 1024, 341, 341, 341, 341, 341, 341, 341, 341, 341, 341, 341, 341, 341, 341, 341, 341, 341, 341, 341, 341, 341, 341, 341, 341, 341, 341, 341, 341, 341, 341, 341, 341, 341, 341, 341, 341, 341, 341, 341, 341, 341, 341, 341, 341, 341, 341, 341, 341, 341, 341, 341, 341, 341, 341, 341, 341, 341, 341, 341, 341, 341, 341, 341, 341, 341, 341, 341, 341, 341, 341, 341, 341, 341, 341, 341, 341, 341, 341, 341, 341, 341, 341, 341, 341, 341, 341, 341, 341, 341, 341, 341, 341, 341, 341, 341, 373]",2.4.90,OK
b200,NVIDIA B200,fc1,balanced,128,512,65536,4096,1280,4096,2560,bf16,1374389534720.0,2.593656311035156,6.348917541503907,8.942573852539063,529.904262516365,432.95239723477016,23.55130055628289,19.242328765989786,nvjet_tst_80x128_64x10_2x2_2cta_h_bz_TNN,"[512, 512, 512, 512, 512, 512, 512, 512, 512, 512, 512, 512, 512, 512, 512, 512, 512, 512, 512, 512, 512, 512, 512, 512, 512, 512, 512, 512, 512, 512, 512, 512, 512, 512, 512, 512, 512, 512, 512, 512, 512, 512, 512, 512, 512, 512, 512, 512, 512, 512, 512, 512, 512, 512, 512, 512, 512, 512, 512, 512, 512, 512, 512, 512, 512, 512, 512, 512, 512, 512, 512, 512, 512, 512, 512, 512, 512, 512, 512, 512, 512, 512, 512, 512, 512, 512, 512, 512, 512, 512, 512, 512, 512, 512, 512, 512, 512, 512, 512, 512, 512, 512, 512, 512, 512, 512, 512, 512, 512, 512, 512, 512, 512, 512, 512, 512, 512, 512, 512, 512, 512, 512, 512, 512, 512, 512, 512, 512]",2.4.90,OK
b200,NVIDIA B200,fc1,skewed,128,512,65536,4096,1280,4096,2560,bf16,1374389534720.0,2.067402191162109,7.734037628173828,9.801439819335938,664.7905959446821,355.4132009167695,29.546248708652538,15.796142262967534,nvjet_tst_112x64_64x14_1x2_2cta_h_bz_TNN,"[1024, 1024, 1024, 1024, 1024, 1024, 1024, 1024, 1024, 1024, 1024, 1024, 1024, 1024, 1024, 1024, 1024, 1024, 1024, 1024, 1024, 1024, 1024, 1024, 1024, 1024, 1024, 1024, 1024, 1024, 1024, 1024, 341, 341, 341, 341, 341, 341, 341, 341, 341, 341, 341, 341, 341, 341, 341, 341, 341, 341, 341, 341, 341, 341, 341, 341, 341, 341, 341, 341, 341, 341, 341, 341, 341, 341, 341, 341, 341, 341, 341, 341, 341, 341, 341, 341, 341, 341, 341, 341, 341, 341, 341, 341, 341, 341, 341, 341, 341, 341, 341, 341, 341, 341, 341, 341, 341, 341, 341, 341, 341, 341, 341, 341, 341, 341, 341, 341, 341, 341, 341, 341, 341, 341, 341, 341, 341, 341, 341, 341, 341, 341, 341, 341, 341, 341, 341, 373]",2.4.90,OK
b200,NVIDIA B200,fc2,balanced,128,512,65536,4096,1280,1280,4096,bf16,687194767360.0,2.031457977294922,6.5086744689941405,8.540132446289062,338.27663433878394,211.16274001216104,15.03451708172373,9.385010667207158,nvjet_tst_112x128_64x9_1x2_2cta_h_bz_TNN,"[512, 512, 512, 512, 512, 512, 512, 512, 512, 512, 512, 512, 512, 512, 512, 512, 512, 512, 512, 512, 512, 512, 512, 512, 512, 512, 512, 512, 512, 512, 512, 512, 512, 512, 512, 512, 512, 512, 512, 512, 512, 512, 512, 512, 512, 512, 512, 512, 512, 512, 512, 512, 512, 512, 512, 512, 512, 512, 512, 512, 512, 512, 512, 512, 512, 512, 512, 512, 512, 512, 512, 512, 512, 512, 512, 512, 512, 512, 512, 512, 512, 512, 512, 512, 512, 512, 512, 512, 512, 512, 512, 512, 512, 512, 512, 512, 512, 512, 512, 512, 512, 512, 512, 512, 512, 512, 512, 512, 512, 512, 512, 512, 512, 512, 512, 512, 512, 512, 512, 512, 512, 512, 512, 512, 512, 512, 512, 512]",2.4.90,OK
b200,NVIDIA B200,fc2,skewed,128,512,65536,4096,1280,1280,4096,bf16,687194767360.0,2.70463623046875,7.773663330078124,10.478299560546875,254.08029354132398,176.8007535652033,11.29245749072551,7.857811269564591,nvjet_tst_128x88_64x7_1x4_h_bz_TNT,"[1024, 1024, 1024, 1024, 1024, 1024, 1024, 1024, 1024, 1024, 1024, 1024, 1024, 1024, 1024, 1024, 1024, 1024, 1024, 1024, 1024, 1024, 1024, 1024, 1024, 1024, 1024, 1024, 1024, 1024, 1024, 1024, 341, 341, 341, 341, 341, 341, 341, 341, 341, 341, 341, 341, 341, 341, 341, 341, 341, 341, 341, 341, 341, 341, 341, 341, 341, 341, 341, 341, 341, 341, 341, 341, 341, 341, 341, 341, 341, 341, 341, 341, 341, 341, 341, 341, 341, 341, 341, 341, 341, 341, 341, 341, 341, 341, 341, 341, 341, 341, 341, 341, 341, 341, 341, 341, 341, 341, 341, 341, 341, 341, 341, 341, 341, 341, 341, 341, 341, 341, 341, 341, 341, 341, 341, 341, 341, 341, 341, 341, 341, 341, 341, 341, 341, 341, 341, 373]",2.4.90,OK
b200,NVIDIA B200,fc1,balanced,128,512,65536,6144,1536,6144,3072,bf16,2473901162496.0,2.364199676513672,8.795468292236329,11.15966796875,1046.4011086170597,562.5399535985338,46.50671593853598,25.00177571549039,nvjet_tst_96x128_64x9_2x2_2cta_h_bz_TNN,"[512, 512, 512, 512, 512, 512, 512, 512, 512, 512, 512, 512, 512, 512, 512, 512, 512, 512, 512, 512, 512, 512, 512, 512, 512, 512, 512, 512, 512, 512, 512, 512, 512, 512, 512, 512, 512, 512, 512, 512, 512, 512, 512, 512, 512, 512, 512, 512, 512, 512, 512, 512, 512, 512, 512, 512, 512, 512, 512, 512, 512, 512, 512, 512, 512, 512, 512, 512, 512, 512, 512, 512, 512, 512, 512, 512, 512, 512, 512, 512, 512, 512, 512, 512, 512, 512, 512, 512, 512, 512, 512, 512, 512, 512, 512, 512, 512, 512, 512, 512, 512, 512, 512, 512, 512, 512, 512, 512, 512, 512, 512, 512, 512, 512, 512, 512, 512, 512, 512, 512, 512, 512, 512, 512, 512, 512, 512, 512]",2.4.90,OK
b200,NVIDIA B200,fc1,skewed,128,512,65536,6144,1536,6144,3072,bf16,2473901162496.0,2.8329702758789064,10.071177673339843,12.90414794921875,873.2534836527686,491.2833916225798,38.81126594012305,21.834817405447993,nvjet_tst_128x64_64x8_1x2_h_bz_TNT,"[1024, 1024, 1024, 1024, 1024, 1024, 1024, 1024, 1024, 1024, 1024, 1024, 1024, 1024, 1024, 1024, 1024, 1024, 1024, 1024, 1024, 1024, 1024, 1024, 1024, 1024, 1024, 1024, 1024, 1024, 1024, 1024, 341, 341, 341, 341, 341, 341, 341, 341, 341, 341, 341, 341, 341, 341, 341, 341, 341, 341, 341, 341, 341, 341, 341, 341, 341, 341, 341, 341, 341, 341, 341, 341, 341, 341, 341, 341, 341, 341, 341, 341, 341, 341, 341, 341, 341, 341, 341, 341, 341, 341, 341, 341, 341, 341, 341, 341, 341, 341, 341, 341, 341, 341, 341, 341, 341, 341, 341, 341, 341, 341, 341, 341, 341, 341, 341, 341, 341, 341, 341, 341, 341, 341, 341, 341, 341, 341, 341, 341, 341, 341, 341, 341, 341, 341, 341, 373]",2.4.90,OK
b200,NVIDIA B200,fc2,balanced,128,512,65536,6144,1536,1536,6144,bf16,1236950581248.0,1.9995487976074218,9.192928009033203,11.192476806640625,618.6148508743995,269.1091630506714,27.493993372195533,11.960407246696505,nvjet_tst_176x128_64x8_1x2_2cta_h_bz_TNN,"[512, 512, 512, 512, 512, 512, 512, 512, 512, 512, 512, 512, 512, 512, 512, 512, 512, 512, 512, 512, 512, 512, 512, 512, 512, 512, 512, 512, 512, 512, 512, 512, 512, 512, 512, 512, 512, 512, 512, 512, 512, 512, 512, 512, 512, 512, 512, 512, 512, 512, 512, 512, 512, 512, 512, 512, 512, 512, 512, 512, 512, 512, 512, 512, 512, 512, 512, 512, 512, 512, 512, 512, 512, 512, 512, 512, 512, 512, 512, 512, 512, 512, 512, 512, 512, 512, 512, 512, 512, 512, 512, 512, 512, 512, 512, 512, 512, 512, 512, 512, 512, 512, 512, 512, 512, 512, 512, 512, 512, 512, 512, 512, 512, 512, 512, 512, 512, 512, 512, 512, 512, 512, 512, 512, 512, 512, 512, 512]",2.4.90,OK
b200,NVIDIA B200,fc2,skewed,128,512,65536,6144,1536,1536,6144,bf16,1236950581248.0,2.0087628173828125,8.810147094726561,10.818909912109374,615.7773185286279,280.801345981702,27.367880823494577,12.480059821408977,nvjet_tst_128x120_64x6_2x1_v_bz_TNT,"[1024, 1024, 1024, 1024, 1024, 1024, 1024, 1024, 1024, 1024, 1024, 1024, 1024, 1024, 1024, 1024, 1024, 1024, 1024, 1024, 1024, 1024, 1024, 1024, 1024, 1024, 1024, 1024, 1024, 1024, 1024, 1024, 341, 341, 341, 341, 341, 341, 341, 341, 341, 341, 341, 341, 341, 341, 341, 341, 341, 341, 341, 341, 341, 341, 341, 341, 341, 341, 341, 341, 341, 341, 341, 341, 341, 341, 341, 341, 341, 341, 341, 341, 341, 341, 341, 341, 341, 341, 341, 341, 341, 341, 341, 341, 341, 341, 341, 341, 341, 341, 341, 341, 341, 341, 341, 341, 341, 341, 341, 341, 341, 341, 341, 341, 341, 341, 341, 341, 341, 341, 341, 341, 341, 341, 341, 341, 341, 341, 341, 341, 341, 341, 341, 341, 341, 341, 341, 373]",2.4.90,OK
b200,NVIDIA B200,fc1,balanced,128,1024,131072,1024,1280,1024,2560,bf16,687194767360.0,1.9969882202148437,7.800080871582031,9.797069091796875,344.1155838596128,176.20195961394475,15.294025949316126,7.831198205064211,nvjet_tst_144x128_64x8_1x2_2cta_h_bz_TNN,"[1024, 1024, 1024, 1024, 1024, 1024, 1024, 1024, 1024, 1024, 1024, 1024, 1024, 1024, 1024, 1024, 1024, 1024, 1024, 1024, 1024, 1024, 1024, 1024, 1024, 1024, 1024, 1024, 1024, 1024, 1024, 1024, 1024, 1024, 1024, 1024, 1024, 1024, 1024, 1024, 1024, 1024, 1024, 1024, 1024, 1024, 1024, 1024, 1024, 1024, 1024, 1024, 1024, 1024, 1024, 1024, 1024, 1024, 1024, 1024, 1024, 1024, 1024, 1024, 1024, 1024, 1024, 1024, 1024, 1024, 1024, 1024, 1024, 1024, 1024, 1024, 1024, 1024, 1024, 1024, 1024, 1024, 1024, 1024, 1024, 1024, 1024, 1024, 1024, 1024, 1024, 1024, 1024, 1024, 1024, 1024, 1024, 1024, 1024, 1024, 1024, 1024, 1024, 1024, 1024, 1024, 1024, 1024, 1024, 1024, 1024, 1024, 1024, 1024, 1024, 1024, 1024, 1024, 1024, 1024, 1024, 1024, 1024, 1024, 1024, 1024, 1024, 1024]",2.4.90,OK
b200,NVIDIA B200,fc1,skewed,128,1024,131072,1024,1280,1024,2560,bf16,687194767360.0,2.2534439086914064,6.964347839355468,9.217791748046874,304.9531273929333,197.34648044908624,13.553472328574815,8.770954686626055,nvjet_tst_128x120_64x6_4x2_h_bz_TNT,"[2048, 2048, 2048, 2048, 2048, 2048, 2048, 2048, 2048, 2048, 2048, 2048, 2048, 2048, 2048, 2048, 2048, 2048, 2048, 2048, 2048, 2048, 2048, 2048, 2048, 2048, 2048, 2048, 2048, 2048, 2048, 2048, 682, 682, 682, 682, 682, 682, 682, 682, 682, 682, 682, 682, 682, 682, 682, 682, 682, 682, 682, 682, 682, 682, 682, 682, 682, 682, 682, 682, 682, 682, 682, 682, 682, 682, 682, 682, 682, 682, 682, 682, 682, 682, 682, 682, 682, 682, 682, 682, 682, 682, 682, 682, 682, 682, 682, 682, 682, 682, 682, 682, 682, 682, 682, 682, 682, 682, 682, 682, 682, 682, 682, 682, 682, 682, 682, 682, 682, 682, 682, 682, 682, 682, 682, 682, 682, 682, 682, 682, 682, 682, 682, 682, 682, 682, 682, 746]",2.4.90,OK
b200,NVIDIA B200,fc2,balanced,128,1024,131072,1024,1280,1280,1024,bf16,343597383680.0,1.9725920104980468,6.4322853088378915,8.404877319335938,174.18573219976054,106.83524352002883,7.741588097767135,4.748233045334614,nvjet_tst_128x64_64x10_2x2_2cta_h_bz_TNT,"[1024, 1024, 1024, 1024, 1024, 1024, 1024, 1024, 1024, 1024, 1024, 1024, 1024, 1024, 1024, 1024, 1024, 1024, 1024, 1024, 1024, 1024, 1024, 1024, 1024, 1024, 1024, 1024, 1024, 1024, 1024, 1024, 1024, 1024, 1024, 1024, 1024, 1024, 1024, 1024, 1024, 1024, 1024, 1024, 1024, 1024, 1024, 1024, 1024, 1024, 1024, 1024, 1024, 1024, 1024, 1024, 1024, 1024, 1024, 1024, 1024, 1024, 1024, 1024, 1024, 1024, 1024, 1024, 1024, 1024, 1024, 1024, 1024, 1024, 1024, 1024, 1024, 1024, 1024, 1024, 1024, 1024, 1024, 1024, 1024, 1024, 1024, 1024, 1024, 1024, 1024, 1024, 1024, 1024, 1024, 1024, 1024, 1024, 1024, 1024, 1024, 1024, 1024, 1024, 1024, 1024, 1024, 1024, 1024, 1024, 1024, 1024, 1024, 1024, 1024, 1024, 1024, 1024, 1024, 1024, 1024, 1024, 1024, 1024, 1024, 1024, 1024, 1024]",2.4.90,OK
b200,NVIDIA B200,fc2,skewed,128,1024,131072,1024,1280,1280,1024,bf16,343597383680.0,1.9949971008300782,6.41631576538086,8.411312866210938,172.22951528953902,107.10114534383573,7.6546451239795115,4.760050904170477,nvjet_tst_64x80_64x16_2x1_2cta_v_bz_TNT,"[2048, 2048, 2048, 2048, 2048, 2048, 2048, 2048, 2048, 2048, 2048, 2048, 2048, 2048, 2048, 2048, 2048, 2048, 2048, 2048, 2048, 2048, 2048, 2048, 2048, 2048, 2048, 2048, 2048, 2048, 2048, 2048, 682, 682, 682, 682, 682, 682, 682, 682, 682, 682, 682, 682, 682, 682, 682, 682, 682, 682, 682, 682, 682, 682, 682, 682, 682, 682, 682, 682, 682, 682, 682, 682, 682, 682, 682, 682, 682, 682, 682, 682, 682, 682, 682, 682, 682, 682, 682, 682, 682, 682, 682, 682, 682, 682, 682, 682, 682, 682, 682, 682, 682, 682, 682, 682, 682, 682, 682, 682, 682, 682, 682, 682, 682, 682, 682, 682, 682, 682, 682, 682, 682, 682, 682, 682, 682, 682, 682, 682, 682, 682, 682, 682, 682, 682, 682, 746]",2.4.90,OK
b200,NVIDIA B200,fc1,balanced,128,1024,131072,2048,1280,2048,2560,bf16,1374389534720.0,2.8842459106445313,8.23122528076172,11.11547119140625,476.5160729352895,333.9453089523055,21.17849213045731,14.842013731213578,nvjet_tst_144x128_64x8_1x2_2cta_h_bz_TNN,"[1024, 1024, 1024, 1024, 1024, 1024, 1024, 1024, 1024, 1024, 1024, 1024, 1024, 1024, 1024, 1024, 1024, 1024, 1024, 1024, 1024, 1024, 1024, 1024, 1024, 1024, 1024, 1024, 1024, 1024, 1024, 1024, 1024, 1024, 1024, 1024, 1024, 1024, 1024, 1024, 1024, 1024, 1024, 1024, 1024, 1024, 1024, 1024, 1024, 1024, 1024, 1024, 1024, 1024, 1024, 1024, 1024, 1024, 1024, 1024, 1024, 1024, 1024, 1024, 1024, 1024, 1024, 1024, 1024, 1024, 1024, 1024, 1024, 1024, 1024, 1024, 1024, 1024, 1024, 1024, 1024, 1024, 1024, 1024, 1024, 1024, 1024, 1024, 1024, 1024, 1024, 1024, 1024, 1024, 1024, 1024, 1024, 1024, 1024, 1024, 1024, 1024, 1024, 1024, 1024, 1024, 1024, 1024, 1024, 1024, 1024, 1024, 1024, 1024, 1024, 1024, 1024, 1024, 1024, 1024, 1024, 1024, 1024, 1024, 1024, 1024, 1024, 1024]",2.4.90,OK
b200,NVIDIA B200,fc1,skewed,128,1024,131072,2048,1280,2048,2560,bf16,1374389534720.0,2.0023423767089845,9.169947662353515,11.1722900390625,686.3908743613182,299.75951561042075,30.50626108272525,13.322645138240922,nvjet_tst_128x120_64x6_4x2_h_bz_TNT,"[2048, 2048, 2048, 2048, 2048, 2048, 2048, 2048, 2048, 2048, 2048, 2048, 2048, 2048, 2048, 2048, 2048, 2048, 2048, 2048, 2048, 2048, 2048, 2048, 2048, 2048, 2048, 2048, 2048, 2048, 2048, 2048, 682, 682, 682, 682, 682, 682, 682, 682, 682, 682, 682, 682, 682, 682, 682, 682, 682, 682, 682, 682, 682, 682, 682, 682, 682, 682, 682, 682, 682, 682, 682, 682, 682, 682, 682, 682, 682, 682, 682, 682, 682, 682, 682, 682, 682, 682, 682, 682, 682, 682, 682, 682, 682, 682, 682, 682, 682, 682, 682, 682, 682, 682, 682, 682, 682, 682, 682, 682, 682, 682, 682, 682, 682, 682, 682, 682, 682, 682, 682, 682, 682, 682, 682, 682, 682, 682, 682, 682, 682, 682, 682, 682, 682, 682, 682, 746]",2.4.90,OK
b200,NVIDIA B200,fc2,balanced,128,1024,131072,2048,1280,1280,2048,bf16,687194767360.0,1.9835641479492188,7.344114074707031,9.32767822265625,346.444438447066,187.14163760791348,15.397530597647377,8.317406115907266,nvjet_tst_128x128_64x8_2x2_2cta_h_bz_TNT,"[1024, 1024, 1024, 1024, 1024, 1024, 1024, 1024, 1024, 1024, 1024, 1024, 1024, 1024, 1024, 1024, 1024, 1024, 1024, 1024, 1024, 1024, 1024, 1024, 1024, 1024, 1024, 1024, 1024, 1024, 1024, 1024, 1024, 1024, 1024, 1024, 1024, 1024, 1024, 1024, 1024, 1024, 1024, 1024, 1024, 1024, 1024, 1024, 1024, 1024, 1024, 1024, 1024, 1024, 1024, 1024, 1024, 1024, 1024, 1024, 1024, 1024, 1024, 1024, 1024, 1024, 1024, 1024, 1024, 1024, 1024, 1024, 1024, 1024, 1024, 1024, 1024, 1024, 1024, 1024, 1024, 1024, 1024, 1024, 1024, 1024, 1024, 1024, 1024, 1024, 1024, 1024, 1024, 1024, 1024, 1024, 1024, 1024, 1024, 1024, 1024, 1024, 1024, 1024, 1024, 1024, 1024, 1024, 1024, 1024, 1024, 1024, 1024, 1024, 1024, 1024, 1024, 1024, 1024, 1024, 1024, 1024, 1024, 1024, 1024, 1024, 1024, 1024]",2.4.90,OK
b200,NVIDIA B200,fc2,skewed,128,1024,131072,2048,1280,1280,2048,bf16,687194767360.0,2.2714239501953126,8.107677612304688,10.3791015625,302.5391923427198,169.51704303512827,13.446186326343103,7.534090801561256,nvjet_tst_128x88_64x7_1x4_h_bz_TNT,"[2048, 2048, 2048, 2048, 2048, 2048, 2048, 2048, 2048, 2048, 2048, 2048, 2048, 2048, 2048, 2048, 2048, 2048, 2048, 2048, 2048, 2048, 2048, 2048, 2048, 2048, 2048, 2048, 2048, 2048, 2048, 2048, 682, 682, 682, 682, 682, 682, 682, 682, 682, 682, 682, 682, 682, 682, 682, 682, 682, 682, 682, 682, 682, 682, 682, 682, 682, 682, 682, 682, 682, 682, 682, 682, 682, 682, 682, 682, 682, 682, 682, 682, 682, 682, 682, 682, 682, 682, 682, 682, 682, 682, 682, 682, 682, 682, 682, 682, 682, 682, 682, 682, 682, 682, 682, 682, 682, 682, 682, 682, 682, 682, 682, 682, 682, 682, 682, 682, 682, 682, 682, 682, 682, 682, 682, 682, 682, 682, 682, 682, 682, 682, 682, 682, 682, 682, 682, 746]",2.4.90,OK
b200,NVIDIA B200,fc1,balanced,128,1024,131072,2560,1600,2560,3200,bf16,2147483648000.0,2.9452984619140623,7.222689819335939,10.16798828125,729.1225917404696,594.6492793449191,32.405448521798654,26.428856859774182,nvjet_tst_192x128_64x6_2x1_2cta_v_bz_TNT,"[1024, 1024, 1024, 1024, 1024, 1024, 1024, 1024, 1024, 1024, 1024, 1024, 1024, 1024, 1024, 1024, 1024, 1024, 1024, 1024, 1024, 1024, 1024, 1024, 1024, 1024, 1024, 1024, 1024, 1024, 1024, 1024, 1024, 1024, 1024, 1024, 1024, 1024, 1024, 1024, 1024, 1024, 1024, 1024, 1024, 1024, 1024, 1024, 1024, 1024, 1024, 1024, 1024, 1024, 1024, 1024, 1024, 1024, 1024, 1024, 1024, 1024, 1024, 1024, 1024, 1024, 1024, 1024, 1024, 1024, 1024, 1024, 1024, 1024, 1024, 1024, 1024, 1024, 1024, 1024, 1024, 1024, 1024, 1024, 1024, 1024, 1024, 1024, 1024, 1024, 1024, 1024, 1024, 1024, 1024, 1024, 1024, 1024, 1024, 1024, 1024, 1024, 1024, 1024, 1024, 1024, 1024, 1024, 1024, 1024, 1024, 1024, 1024, 1024, 1024, 1024, 1024, 1024, 1024, 1024, 1024, 1024, 1024, 1024, 1024, 1024, 1024, 1024]",2.4.90,OK
b200,NVIDIA B200,fc1,skewed,128,1024,131072,2560,1600,2560,3200,bf16,2147483648000.0,2.3071884155273437,8.232325744628906,10.53951416015625,930.7794862125116,521.7197945309933,41.36797716500052,23.187546423599702,nvjet_tst_144x128_64x8_1x2_2cta_h_bz_TNN,"[2048, 2048, 2048, 2048, 2048, 2048, 2048, 2048, 2048, 2048, 2048, 2048, 2048, 2048, 2048, 2048, 2048, 2048, 2048, 2048, 2048, 2048, 2048, 2048, 2048, 2048, 2048, 2048, 2048, 2048, 2048, 2048, 682, 682, 682, 682, 682, 682, 682, 682, 682, 682, 682, 682, 682, 682, 682, 682, 682, 682, 682, 682, 682, 682, 682, 682, 682, 682, 682, 682, 682, 682, 682, 682, 682, 682, 682, 682, 682, 682, 682, 682, 682, 682, 682, 682, 682, 682, 682, 682, 682, 682, 682, 682, 682, 682, 682, 682, 682, 682, 682, 682, 682, 682, 682, 682, 682, 682, 682, 682, 682, 682, 682, 682, 682, 682, 682, 682, 682, 682, 682, 682, 682, 682, 682, 682, 682, 682, 682, 682, 682, 682, 682, 682, 682, 682, 682, 746]",2.4.90,OK
b200,NVIDIA B200,fc2,balanced,128,1024,131072,2560,1600,1600,2560,bf16,1073741824000.0,1.9885586547851561,6.392810974121093,8.38136962890625,539.9598454972438,335.9216558558176,23.998215355433057,14.92985137136967,nvjet_tst_144x128_64x8_1x2_2cta_h_bz_TNN,"[1024, 1024, 1024, 1024, 1024, 1024, 1024, 1024, 1024, 1024, 1024, 1024, 1024, 1024, 1024, 1024, 1024, 1024, 1024, 1024, 1024, 1024, 1024, 1024, 1024, 1024, 1024, 1024, 1024, 1024, 1024, 1024, 1024, 1024, 1024, 1024, 1024, 1024, 1024, 1024, 1024, 1024, 1024, 1024, 1024, 1024, 1024, 1024, 1024, 1024, 1024, 1024, 1024, 1024, 1024, 1024, 1024, 1024, 1024, 1024, 1024, 1024, 1024, 1024, 1024, 1024, 1024, 1024, 1024, 1024, 1024, 1024, 1024, 1024, 1024, 1024, 1024, 1024, 1024, 1024, 1024, 1024, 1024, 1024, 1024, 1024, 1024, 1024, 1024, 1024, 1024, 1024, 1024, 1024, 1024, 1024, 1024, 1024, 1024, 1024, 1024, 1024, 1024, 1024, 1024, 1024, 1024, 1024, 1024, 1024, 1024, 1024, 1024, 1024, 1024, 1024, 1024, 1024, 1024, 1024, 1024, 1024, 1024, 1024, 1024, 1024, 1024, 1024]",2.4.90,OK
b200,NVIDIA B200,fc2,skewed,128,1024,131072,2560,1600,1600,2560,bf16,1073741824000.0,2.0149714660644533,6.383614959716796,8.39858642578125,532.8819003562277,336.40557294753745,23.683640015832342,14.95135879766833,nvjet_tst_128x120_64x6_4x2_h_bz_TNT,"[2048, 2048, 2048, 2048, 2048, 2048, 2048, 2048, 2048, 2048, 2048, 2048, 2048, 2048, 2048, 2048, 2048, 2048, 2048, 2048, 2048, 2048, 2048, 2048, 2048, 2048, 2048, 2048, 2048, 2048, 2048, 2048, 682, 682, 682, 682, 682, 682, 682, 682, 682, 682, 682, 682, 682, 682, 682, 682, 682, 682, 682, 682, 682, 682, 682, 682, 682, 682, 682, 682, 682, 682, 682, 682, 682, 682, 682, 682, 682, 682, 682, 682, 682, 682, 682, 682, 682, 682, 682, 682, 682, 682, 682, 682, 682, 682, 682, 682, 682, 682, 682, 682, 682, 682, 682, 682, 682, 682, 682, 682, 682, 682, 682, 682, 682, 682, 682, 682, 682, 682, 682, 682, 682, 682, 682, 682, 682, 682, 682, 682, 682, 682, 682, 682, 682, 682, 682, 746]",2.4.90,OK
b200,NVIDIA B200,fc1,balanced,128,1024,131072,4096,1280,4096,2560,bf16,2748779069440.0,2.3791513061523437,8.58288848876953,10.962039794921875,1155.361183768271,640.5254065776809,51.349385945256486,28.46779584789693,nvjet_tst_144x128_64x8_1x2_2cta_h_bz_TNN,"[1024, 1024, 1024, 1024, 1024, 1024, 1024, 1024, 1024, 1024, 1024, 1024, 1024, 1024, 1024, 1024, 1024, 1024, 1024, 1024, 1024, 1024, 1024, 1024, 1024, 1024, 1024, 1024, 1024, 1024, 1024, 1024, 1024, 1024, 1024, 1024, 1024, 1024, 1024, 1024, 1024, 1024, 1024, 1024, 1024, 1024, 1024, 1024, 1024, 1024, 1024, 1024, 1024, 1024, 1024, 1024, 1024, 1024, 1024, 1024, 1024, 1024, 1024, 1024, 1024, 1024, 1024, 1024, 1024, 1024, 1024, 1024, 1024, 1024, 1024, 1024, 1024, 1024, 1024, 1024, 1024, 1024, 1024, 1024, 1024, 1024, 1024, 1024, 1024, 1024, 1024, 1024, 1024, 1024, 1024, 1024, 1024, 1024, 1024, 1024, 1024, 1024, 1024, 1024, 1024, 1024, 1024, 1024, 1024, 1024, 1024, 1024, 1024, 1024, 1024, 1024, 1024, 1024, 1024, 1024, 1024, 1024, 1024, 1024, 1024, 1024, 1024, 1024]",2.4.90,OK
b200,NVIDIA B200,fc1,skewed,128,1024,131072,4096,1280,4096,2560,bf16,2748779069440.0,2.60913330078125,7.485784912109375,10.094918212890626,1053.5218988684617,734.3996926744286,46.82319550526496,32.63998634108572,nvjet_tst_128x120_64x6_4x2_h_bz_TNT,"[2048, 2048, 2048, 2048, 2048, 2048, 2048, 2048, 2048, 2048, 2048, 2048, 2048, 2048, 2048, 2048, 2048, 2048, 2048, 2048, 2048, 2048, 2048, 2048, 2048, 2048, 2048, 2048, 2048, 2048, 2048, 2048, 682, 682, 682, 682, 682, 682, 682, 682, 682, 682, 682, 682, 682, 682, 682, 682, 682, 682, 682, 682, 682, 682, 682, 682, 682, 682, 682, 682, 682, 682, 682, 682, 682, 682, 682, 682, 682, 682, 682, 682, 682, 682, 682, 682, 682, 682, 682, 682, 682, 682, 682, 682, 682, 682, 682, 682, 682, 682, 682, 682, 682, 682, 682, 682, 682, 682, 682, 682, 682, 682, 682, 682, 682, 682, 682, 682, 682, 682, 682, 682, 682, 682, 682, 682, 682, 682, 682, 682, 682, 682, 682, 682, 682, 682, 682, 746]",2.4.90,OK
b200,NVIDIA B200,fc2,balanced,128,1024,131072,4096,1280,1280,4096,bf16,1374389534720.0,2.434273986816406,6.0210488891601575,8.455322875976563,564.5993598762705,456.52827605979,25.0933048833898,20.290145602657333,nvjet_tst_128x256_64x6_2x2_2cta_h_bz_TNT,"[1024, 1024, 1024, 1024, 1024, 1024, 1024, 1024, 1024, 1024, 1024, 1024, 1024, 1024, 1024, 1024, 1024, 1024, 1024, 1024, 1024, 1024, 1024, 1024, 1024, 1024, 1024, 1024, 1024, 1024, 1024, 1024, 1024, 1024, 1024, 1024, 1024, 1024, 1024, 1024, 1024, 1024, 1024, 1024, 1024, 1024, 1024, 1024, 1024, 1024, 1024, 1024, 1024, 1024, 1024, 1024, 1024, 1024, 1024, 1024, 1024, 1024, 1024, 1024, 1024, 1024, 1024, 1024, 1024, 1024, 1024, 1024, 1024, 1024, 1024, 1024, 1024, 1024, 1024, 1024, 1024, 1024, 1024, 1024, 1024, 1024, 1024, 1024, 1024, 1024, 1024, 1024, 1024, 1024, 1024, 1024, 1024, 1024, 1024, 1024, 1024, 1024, 1024, 1024, 1024, 1024, 1024, 1024, 1024, 1024, 1024, 1024, 1024, 1024, 1024, 1024, 1024, 1024, 1024, 1024, 1024, 1024, 1024, 1024, 1024, 1024, 1024, 1024]",2.4.90,OK
b200,NVIDIA B200,fc2,skewed,128,1024,131072,4096,1280,1280,4096,bf16,1374389534720.0,1.993453369140625,6.496166381835937,8.489619750976562,689.4515597886782,423.1386494542254,30.642291546163474,18.806162197965573,nvjet_tst_128x176_64x7_2x2_2cta_h_bz_TNT,"[2048, 2048, 2048, 2048, 2048, 2048, 2048, 2048, 2048, 2048, 2048, 2048, 2048, 2048, 2048, 2048, 2048, 2048, 2048, 2048, 2048, 2048, 2048, 2048, 2048, 2048, 2048, 2048, 2048, 2048, 2048, 2048, 682, 682, 682, 682, 682, 682, 682, 682, 682, 682, 682, 682, 682, 682, 682, 682, 682, 682, 682, 682, 682, 682, 682, 682, 682, 682, 682, 682, 682, 682, 682, 682, 682, 682, 682, 682, 682, 682, 682, 682, 682, 682, 682, 682, 682, 682, 682, 682, 682, 682, 682, 682, 682, 682, 682, 682, 682, 682, 682, 682, 682, 682, 682, 682, 682, 682, 682, 682, 682, 682, 682, 682, 682, 682, 682, 682, 682, 682, 682, 682, 682, 682, 682, 682, 682, 682, 682, 682, 682, 682, 682, 682, 682, 682, 682, 746]",2.4.90,OK
b200,NVIDIA B200,fc1,balanced,128,1024,131072,6144,1536,6144,3072,bf16,4947802324992.0,4.362351989746093,9.875410461425782,14.237762451171875,1134.2052032073602,1002.0448961222521,50.40912014254934,44.53532871654454,nvjet_tst_192x128_64x6_2x2_2cta_h_bz_TNT,"[1024, 1024, 1024, 1024, 1024, 1024, 1024, 1024, 1024, 1024, 1024, 1024, 1024, 1024, 1024, 1024, 1024, 1024, 1024, 1024, 1024, 1024, 1024, 1024, 1024, 1024, 1024, 1024, 1024, 1024, 1024, 1024, 1024, 1024, 1024, 1024, 1024, 1024, 1024, 1024, 1024, 1024, 1024, 1024, 1024, 1024, 1024, 1024, 1024, 1024, 1024, 1024, 1024, 1024, 1024, 1024, 1024, 1024, 1024, 1024, 1024, 1024, 1024, 1024, 1024, 1024, 1024, 1024, 1024, 1024, 1024, 1024, 1024, 1024, 1024, 1024, 1024, 1024, 1024, 1024, 1024, 1024, 1024, 1024, 1024, 1024, 1024, 1024, 1024, 1024, 1024, 1024, 1024, 1024, 1024, 1024, 1024, 1024, 1024, 1024, 1024, 1024, 1024, 1024, 1024, 1024, 1024, 1024, 1024, 1024, 1024, 1024, 1024, 1024, 1024, 1024, 1024, 1024, 1024, 1024, 1024, 1024, 1024, 1024, 1024, 1024, 1024, 1024]",2.4.90,OK
b200,NVIDIA B200,fc1,skewed,128,1024,131072,6144,1536,6144,3072,bf16,4947802324992.0,4.570522766113282,9.587784118652344,14.158306884765626,1082.5462596261284,1032.1054925228045,48.1131670944946,45.87135522323576,nvjet_tst_144x128_64x8_2x2_2cta_h_bz_TNN,"[2048, 2048, 2048, 2048, 2048, 2048, 2048, 2048, 2048, 2048, 2048, 2048, 2048, 2048, 2048, 2048, 2048, 2048, 2048, 2048, 2048, 2048, 2048, 2048, 2048, 2048, 2048, 2048, 2048, 2048, 2048, 2048, 682, 682, 682, 682, 682, 682, 682, 682, 682, 682, 682, 682, 682, 682, 682, 682, 682, 682, 682, 682, 682, 682, 682, 682, 682, 682, 682, 682, 682, 682, 682, 682, 682, 682, 682, 682, 682, 682, 682, 682, 682, 682, 682, 682, 682, 682, 682, 682, 682, 682, 682, 682, 682, 682, 682, 682, 682, 682, 682, 682, 682, 682, 682, 682, 682, 682, 682, 682, 682, 682, 682, 682, 682, 682, 682, 682, 682, 682, 682, 682, 682, 682, 682, 682, 682, 682, 682, 682, 682, 682, 682, 682, 682, 682, 682, 746]",2.4.90,OK
b200,NVIDIA B200,fc2,balanced,128,1024,131072,6144,1536,1536,6144,bf16,2473901162496.0,2.1805690002441405,6.746426239013672,8.926995239257813,1134.5209265191872,733.3960455062158,50.42315228974165,32.59537980027626,nvjet_tst_176x128_64x8_1x2_2cta_h_bz_TNN,"[1024, 1024, 1024, 1024, 1024, 1024, 1024, 1024, 1024, 1024, 1024, 1024, 1024, 1024, 1024, 1024, 1024, 1024, 1024, 1024, 1024, 1024, 1024, 1024, 1024, 1024, 1024, 1024, 1024, 1024, 1024, 1024, 1024, 1024, 1024, 1024, 1024, 1024, 1024, 1024, 1024, 1024, 1024, 1024, 1024, 1024, 1024, 1024, 1024, 1024, 1024, 1024, 1024, 1024, 1024, 1024, 1024, 1024, 1024, 1024, 1024, 1024, 1024, 1024, 1024, 1024, 1024, 1024, 1024, 1024, 1024, 1024, 1024, 1024, 1024, 1024, 1024, 1024, 1024, 1024, 1024, 1024, 1024, 1024, 1024, 1024, 1024, 1024, 1024, 1024, 1024, 1024, 1024, 1024, 1024, 1024, 1024, 1024, 1024, 1024, 1024, 1024, 1024, 1024, 1024, 1024, 1024, 1024, 1024, 1024, 1024, 1024, 1024, 1024, 1024, 1024, 1024, 1024, 1024, 1024, 1024, 1024, 1024, 1024, 1024, 1024, 1024, 1024]",2.4.90,OK
b200,NVIDIA B200,fc2,skewed,128,1024,131072,6144,1536,1536,6144,bf16,2473901162496.0,2.164378204345703,6.822535247802734,8.986913452148437,1143.0077966636454,725.214622611952,50.80034651838424,32.23176100497564,nvjet_tst_192x176_64x6_2x2_2cta_h_bz_TNT,"[2048, 2048, 2048, 2048, 2048, 2048, 2048, 2048, 2048, 2048, 2048, 2048, 2048, 2048, 2048, 2048, 2048, 2048, 2048, 2048, 2048, 2048, 2048, 2048, 2048, 2048, 2048, 2048, 2048, 2048, 2048, 2048, 682, 682, 682, 682, 682, 682, 682, 682, 682, 682, 682, 682, 682, 682, 682, 682, 682, 682, 682, 682, 682, 682, 682, 682, 682, 682, 682, 682, 682, 682, 682, 682, 682, 682, 682, 682, 682, 682, 682, 682, 682, 682, 682, 682, 682, 682, 682, 682, 682, 682, 682, 682, 682, 682, 682, 682, 682, 682, 682, 682, 682, 682, 682, 682, 682, 682, 682, 682, 682, 682, 682, 682, 682, 682, 682, 682, 682, 682, 682, 682, 682, 682, 682, 682, 682, 682, 682, 682, 682, 682, 682, 682, 682, 682, 682, 746]",2.4.90,OK
b200,NVIDIA B200,fc1,balanced,128,2048,262144,1024,1280,1024,2560,bf16,1374389534720.0,2.005354309082031,6.488269348144531,8.493623657226562,685.3599528499974,423.6536620086643,30.460442348888773,18.829051644829526,nvjet_tst_144x128_64x8_1x2_2cta_h_bz_TNN,"[2048, 2048, 2048, 2048, 2048, 2048, 2048, 2048, 2048, 2048, 2048, 2048, 2048, 2048, 2048, 2048, 2048, 2048, 2048, 2048, 2048, 2048, 2048, 2048, 2048, 2048, 2048, 2048, 2048, 2048, 2048, 2048, 2048, 2048, 2048, 2048, 2048, 2048, 2048, 2048, 2048, 2048, 2048, 2048, 2048, 2048, 2048, 2048, 2048, 2048, 2048, 2048, 2048, 2048, 2048, 2048, 2048, 2048, 2048, 2048, 2048, 2048, 2048, 2048, 2048, 2048, 2048, 2048, 2048, 2048, 2048, 2048, 2048, 2048, 2048, 2048, 2048, 2048, 2048, 2048, 2048, 2048, 2048, 2048, 2048, 2048, 2048, 2048, 2048, 2048, 2048, 2048, 2048, 2048, 2048, 2048, 2048, 2048, 2048, 2048, 2048, 2048, 2048, 2048, 2048, 2048, 2048, 2048, 2048, 2048, 2048, 2048, 2048, 2048, 2048, 2048, 2048, 2048, 2048, 2048, 2048, 2048, 2048, 2048, 2048, 2048, 2048, 2048]",2.4.90,OK
b200,NVIDIA B200,fc1,skewed,128,2048,262144,1024,1280,1024,2560,bf16,1374389534720.0,2.0217829895019532,6.479675750732421,8.501458740234375,679.7908291129543,424.2155279342945,30.212925738353523,18.854023463746422,nvjet_tst_128x200_64x5_2x1_v_bz_TNT,"[4096, 4096, 4096, 4096, 4096, 4096, 4096, 4096, 4096, 4096, 4096, 4096, 4096, 4096, 4096, 4096, 4096, 4096, 4096, 4096, 4096, 4096, 4096, 4096, 4096, 4096, 4096, 4096, 4096, 4096, 4096, 4096, 1365, 1365, 1365, 1365, 1365, 1365, 1365, 1365, 1365, 1365, 1365, 1365, 1365, 1365, 1365, 1365, 1365, 1365, 1365, 1365, 1365, 1365, 1365, 1365, 1365, 1365, 1365, 1365, 1365, 1365, 1365, 1365, 1365, 1365, 1365, 1365, 1365, 1365, 1365, 1365, 1365, 1365, 1365, 1365, 1365, 1365, 1365, 1365, 1365, 1365, 1365, 1365, 1365, 1365, 1365, 1365, 1365, 1365, 1365, 1365, 1365, 1365, 1365, 1365, 1365, 1365, 1365, 1365, 1365, 1365, 1365, 1365, 1365, 1365, 1365, 1365, 1365, 1365, 1365, 1365, 1365, 1365, 1365, 1365, 1365, 1365, 1365, 1365, 1365, 1365, 1365, 1365, 1365, 1365, 1365, 1397]",2.4.90,OK
b200,NVIDIA B200,fc2,balanced,128,2048,262144,1024,1280,1280,1024,bf16,687194767360.0,2.0250009155273436,7.486262512207032,9.511263427734375,339.35528724491627,183.5882100686334,15.082457210885167,8.159476003050374,nvjet_tst_128x128_64x8_2x2_2cta_h_bz_TNT,"[2048, 2048, 2048, 2048, 2048, 2048, 2048, 2048, 2048, 2048, 2048, 2048, 2048, 2048, 2048, 2048, 2048, 2048, 2048, 2048, 2048, 2048, 2048, 2048, 2048, 2048, 2048, 2048, 2048, 2048, 2048, 2048, 2048, 2048, 2048, 2048, 2048, 2048, 2048, 2048, 2048, 2048, 2048, 2048, 2048, 2048, 2048, 2048, 2048, 2048, 2048, 2048, 2048, 2048, 2048, 2048, 2048, 2048, 2048, 2048, 2048, 2048, 2048, 2048, 2048, 2048, 2048, 2048, 2048, 2048, 2048, 2048, 2048, 2048, 2048, 2048, 2048, 2048, 2048, 2048, 2048, 2048, 2048, 2048, 2048, 2048, 2048, 2048, 2048, 2048, 2048, 2048, 2048, 2048, 2048, 2048, 2048, 2048, 2048, 2048, 2048, 2048, 2048, 2048, 2048, 2048, 2048, 2048, 2048, 2048, 2048, 2048, 2048, 2048, 2048, 2048, 2048, 2048, 2048, 2048, 2048, 2048, 2048, 2048, 2048, 2048, 2048, 2048]",2.4.90,OK
b200,NVIDIA B200,fc2,skewed,128,2048,262144,1024,1280,1280,1024,bf16,687194767360.0,2.726065368652344,5.729613342285155,8.4556787109375,252.08301138417718,239.874744178086,11.203689394852319,10.661099741248266,nvjet_tst_128x80_64x8_1x2_h_bz_TNT,"[4096, 4096, 4096, 4096, 4096, 4096, 4096, 4096, 4096, 4096, 4096, 4096, 4096, 4096, 4096, 4096, 4096, 4096, 4096, 4096, 4096, 4096, 4096, 4096, 4096, 4096, 4096, 4096, 4096, 4096, 4096, 4096, 1365, 1365, 1365, 1365, 1365, 1365, 1365, 1365, 1365, 1365, 1365, 1365, 1365, 1365, 1365, 1365, 1365, 1365, 1365, 1365, 1365, 1365, 1365, 1365, 1365, 1365, 1365, 1365, 1365, 1365, 1365, 1365, 1365, 1365, 1365, 1365, 1365, 1365, 1365, 1365, 1365, 1365, 1365, 1365, 1365, 1365, 1365, 1365, 1365, 1365, 1365, 1365, 1365, 1365, 1365, 1365, 1365, 1365, 1365, 1365, 1365, 1365, 1365, 1365, 1365, 1365, 1365, 1365, 1365, 1365, 1365, 1365, 1365, 1365, 1365, 1365, 1365, 1365, 1365, 1365, 1365, 1365, 1365, 1365, 1365, 1365, 1365, 1365, 1365, 1365, 1365, 1365, 1365, 1365, 1365, 1397]",2.4.90,OK
b200,NVIDIA B200,fc1,balanced,128,2048,262144,2048,1280,2048,2560,bf16,2748779069440.0,2.2865049743652346,6.030152130126952,8.316657104492187,1202.174978955862,911.6781832773199,53.42999906470497,40.51903036788089,nvjet_tst_144x128_64x8_1x2_2cta_h_bz_TNN,"[2048, 2048, 2048, 2048, 2048, 2048, 2048, 2048, 2048, 2048, 2048, 2048, 2048, 2048, 2048, 2048, 2048, 2048, 2048, 2048, 2048, 2048, 2048, 2048, 2048, 2048, 2048, 2048, 2048, 2048, 2048, 2048, 2048, 2048, 2048, 2048, 2048, 2048, 2048, 2048, 2048, 2048, 2048, 2048, 2048, 2048, 2048, 2048, 2048, 2048, 2048, 2048, 2048, 2048, 2048, 2048, 2048, 2048, 2048, 2048, 2048, 2048, 2048, 2048, 2048, 2048, 2048, 2048, 2048, 2048, 2048, 2048, 2048, 2048, 2048, 2048, 2048, 2048, 2048, 2048, 2048, 2048, 2048, 2048, 2048, 2048, 2048, 2048, 2048, 2048, 2048, 2048, 2048, 2048, 2048, 2048, 2048, 2048, 2048, 2048, 2048, 2048, 2048, 2048, 2048, 2048, 2048, 2048, 2048, 2048, 2048, 2048, 2048, 2048, 2048, 2048, 2048, 2048, 2048, 2048, 2048, 2048, 2048, 2048, 2048, 2048, 2048, 2048]",2.4.90,OK
b200,NVIDIA B200,fc1,skewed,128,2048,262144,2048,1280,2048,2560,bf16,2748779069440.0,2.209425354003906,6.958606872558594,9.1680322265625,1244.1149299109293,790.0371783553014,55.293996884930195,35.112763482457844,nvjet_tst_128x200_64x5_2x1_v_bz_TNT,"[4096, 4096, 4096, 4096, 4096, 4096, 4096, 4096, 4096, 4096, 4096, 4096, 4096, 4096, 4096, 4096, 4096, 4096, 4096, 4096, 4096, 4096, 4096, 4096, 4096, 4096, 4096, 4096, 4096, 4096, 4096, 4096, 1365, 1365, 1365, 1365, 1365, 1365, 1365, 1365, 1365, 1365, 1365, 1365, 1365, 1365, 1365, 1365, 1365, 1365, 1365, 1365, 1365, 1365, 1365, 1365, 1365, 1365, 1365, 1365, 1365, 1365, 1365, 1365, 1365, 1365, 1365, 1365, 1365, 1365, 1365, 1365, 1365, 1365, 1365, 1365, 1365, 1365, 1365, 1365, 1365, 1365, 1365, 1365, 1365, 1365, 1365, 1365, 1365, 1365, 1365, 1365, 1365, 1365, 1365, 1365, 1365, 1365, 1365, 1365, 1365, 1365, 1365, 1365, 1365, 1365, 1365, 1365, 1365, 1365, 1365, 1365, 1365, 1365, 1365, 1365, 1365, 1365, 1365, 1365, 1365, 1365, 1365, 1365, 1365, 1365, 1365, 1397]",2.4.90,OK
b200,NVIDIA B200,fc2,balanced,128,2048,262144,2048,1280,1280,2048,bf16,1374389534720.0,2.4544044494628907,6.929163665771485,9.383568115234375,559.9686453553995,396.69709102389254,24.887495349128866,17.630981823284113,nvjet_tst_128x256_64x6_2x2_2cta_h_bz_TNT,"[2048, 2048, 2048, 2048, 2048, 2048, 2048, 2048, 2048, 2048, 2048, 2048, 2048, 2048, 2048, 2048, 2048, 2048, 2048, 2048, 2048, 2048, 2048, 2048, 2048, 2048, 2048, 2048, 2048, 2048, 2048, 2048, 2048, 2048, 2048, 2048, 2048, 2048, 2048, 2048, 2048, 2048, 2048, 2048, 2048, 2048, 2048, 2048, 2048, 2048, 2048, 2048, 2048, 2048, 2048, 2048, 2048, 2048, 2048, 2048, 2048, 2048, 2048, 2048, 2048, 2048, 2048, 2048, 2048, 2048, 2048, 2048, 2048, 2048, 2048, 2048, 2048, 2048, 2048, 2048, 2048, 2048, 2048, 2048, 2048, 2048, 2048, 2048, 2048, 2048, 2048, 2048, 2048, 2048, 2048, 2048, 2048, 2048, 2048, 2048, 2048, 2048, 2048, 2048, 2048, 2048, 2048, 2048, 2048, 2048, 2048, 2048, 2048, 2048, 2048, 2048, 2048, 2048, 2048, 2048, 2048, 2048, 2048, 2048, 2048, 2048, 2048, 2048]",2.4.90,OK
b200,NVIDIA B200,fc2,skewed,128,2048,262144,2048,1280,1280,2048,bf16,1374389534720.0,2.8702188110351563,6.911954650878906,9.782173461914063,478.84486347726244,397.684766217393,21.281993932322774,17.6748784985508,nvjet_tst_128x152_64x6_2x1_v_bz_TNT,"[4096, 4096, 4096, 4096, 4096, 4096, 4096, 4096, 4096, 4096, 4096, 4096, 4096, 4096, 4096, 4096, 4096, 4096, 4096, 4096, 4096, 4096, 4096, 4096, 4096, 4096, 4096, 4096, 4096, 4096, 4096, 4096, 1365, 1365, 1365, 1365, 1365, 1365, 1365, 1365, 1365, 1365, 1365, 1365, 1365, 1365, 1365, 1365, 1365, 1365, 1365, 1365, 1365, 1365, 1365, 1365, 1365, 1365, 1365, 1365, 1365, 1365, 1365, 1365, 1365, 1365, 1365, 1365, 1365, 1365, 1365, 1365, 1365, 1365, 1365, 1365, 1365, 1365, 1365, 1365, 1365, 1365, 1365, 1365, 1365, 1365, 1365, 1365, 1365, 1365, 1365, 1365, 1365, 1365, 1365, 1365, 1365, 1365, 1365, 1365, 1365, 1365, 1365, 1365, 1365, 1365, 1365, 1365, 1365, 1365, 1365, 1365, 1365, 1365, 1365, 1365, 1365, 1365, 1365, 1365, 1365, 1365, 1365, 1365, 1365, 1365, 1365, 1397]",2.4.90,OK
b200,NVIDIA B200,fc1,balanced,128,2048,262144,2560,1600,2560,3200,bf16,4294967296000.0,3.4383905029296873,9.101182250976562,12.53957275390625,1249.1214399122102,943.8262365395765,55.51650844054267,41.94783273509229,nvjet_tst_128x192_64x7_2x1_2cta_v_bz_TNT,"[2048, 2048, 2048, 2048, 2048, 2048, 2048, 2048, 2048, 2048, 2048, 2048, 2048, 2048, 2048, 2048, 2048, 2048, 2048, 2048, 2048, 2048, 2048, 2048, 2048, 2048, 2048, 2048, 2048, 2048, 2048, 2048, 2048, 2048, 2048, 2048, 2048, 2048, 2048, 2048, 2048, 2048, 2048, 2048, 2048, 2048, 2048, 2048, 2048, 2048, 2048, 2048, 2048, 2048, 2048, 2048, 2048, 2048, 2048, 2048, 2048, 2048, 2048, 2048, 2048, 2048, 2048, 2048, 2048, 2048, 2048, 2048, 2048, 2048, 2048, 2048, 2048, 2048, 2048, 2048, 2048, 2048, 2048, 2048, 2048, 2048, 2048, 2048, 2048, 2048, 2048, 2048, 2048, 2048, 2048, 2048, 2048, 2048, 2048, 2048, 2048, 2048, 2048, 2048, 2048, 2048, 2048, 2048, 2048, 2048, 2048, 2048, 2048, 2048, 2048, 2048, 2048, 2048, 2048, 2048, 2048, 2048, 2048, 2048, 2048, 2048, 2048, 2048]",2.4.90,OK
b200,NVIDIA B200,fc1,skewed,128,2048,262144,2560,1600,2560,3200,bf16,4294967296000.0,3.5193707275390627,8.303244018554688,11.82261474609375,1220.3793315639914,1034.527538008598,54.239081402844064,45.979001689271016,nvjet_tst_192x176_64x6_2x1_2cta_v_bz_TNT,"[4096, 4096, 4096, 4096, 4096, 4096, 4096, 4096, 4096, 4096, 4096, 4096, 4096, 4096, 4096, 4096, 4096, 4096, 4096, 4096, 4096, 4096, 4096, 4096, 4096, 4096, 4096, 4096, 4096, 4096, 4096, 4096, 1365, 1365, 1365, 1365, 1365, 1365, 1365, 1365, 1365, 1365, 1365, 1365, 1365, 1365, 1365, 1365, 1365, 1365, 1365, 1365, 1365, 1365, 1365, 1365, 1365, 1365, 1365, 1365, 1365, 1365, 1365, 1365, 1365, 1365, 1365, 1365, 1365, 1365, 1365, 1365, 1365, 1365, 1365, 1365, 1365, 1365, 1365, 1365, 1365, 1365, 1365, 1365, 1365, 1365, 1365, 1365, 1365, 1365, 1365, 1365, 1365, 1365, 1365, 1365, 1365, 1365, 1365, 1365, 1365, 1365, 1365, 1365, 1365, 1365, 1365, 1365, 1365, 1365, 1365, 1365, 1365, 1365, 1365, 1365, 1365, 1365, 1365, 1365, 1365, 1365, 1365, 1365, 1365, 1365, 1365, 1397]",2.4.90,OK
b200,NVIDIA B200,fc2,balanced,128,2048,262144,2560,1600,1600,2560,bf16,2147483648000.0,2.009904632568359,6.376182403564453,8.386087036132812,1068.4505190954435,673.5954249989776,47.48668973757526,29.937574444399,nvjet_tst_144x128_64x8_1x2_2cta_h_bz_TNN,"[2048, 2048, 2048, 2048, 2048, 2048, 2048, 2048, 2048, 2048, 2048, 2048, 2048, 2048, 2048, 2048, 2048, 2048, 2048, 2048, 2048, 2048, 2048, 2048, 2048, 2048, 2048, 2048, 2048, 2048, 2048, 2048, 2048, 2048, 2048, 2048, 2048, 2048, 2048, 2048, 2048, 2048, 2048, 2048, 2048, 2048, 2048, 2048, 2048, 2048, 2048, 2048, 2048, 2048, 2048, 2048, 2048, 2048, 2048, 2048, 2048, 2048, 2048, 2048, 2048, 2048, 2048, 2048, 2048, 2048, 2048, 2048, 2048, 2048, 2048, 2048, 2048, 2048, 2048, 2048, 2048, 2048, 2048, 2048, 2048, 2048, 2048, 2048, 2048, 2048, 2048, 2048, 2048, 2048, 2048, 2048, 2048, 2048, 2048, 2048, 2048, 2048, 2048, 2048, 2048, 2048, 2048, 2048, 2048, 2048, 2048, 2048, 2048, 2048, 2048, 2048, 2048, 2048, 2048, 2048, 2048, 2048, 2048, 2048, 2048, 2048, 2048, 2048]",2.4.90,OK
b200,NVIDIA B200,fc2,skewed,128,2048,262144,2560,1600,1600,2560,bf16,2147483648000.0,1.9674124145507812,6.3269699096679695,8.29438232421875,1091.5269376758174,678.8347909537306,48.512308341147445,30.170435153499135,nvjet_tst_128x200_64x5_2x1_v_bz_TNT,"[4096, 4096, 4096, 4096, 4096, 4096, 4096, 4096, 4096, 4096, 4096, 4096, 4096, 4096, 4096, 4096, 4096, 4096, 4096, 4096, 4096, 4096, 4096, 4096, 4096, 4096, 4096, 4096, 4096, 4096, 4096, 4096, 1365, 1365, 1365, 1365, 1365, 1365, 1365, 1365, 1365, 1365, 1365, 1365, 1365, 1365, 1365, 1365, 1365, 1365, 1365, 1365, 1365, 1365, 1365, 1365, 1365, 1365, 1365, 1365, 1365, 1365, 1365, 1365, 1365, 1365, 1365, 1365, 1365, 1365, 1365, 1365, 1365, 1365, 1365, 1365, 1365, 1365, 1365, 1365, 1365, 1365, 1365, 1365, 1365, 1365, 1365, 1365, 1365, 1365, 1365, 1365, 1365, 1365, 1365, 1365, 1365, 1365, 1365, 1365, 1365, 1365, 1365, 1365, 1365, 1365, 1365, 1365, 1365, 1365, 1365, 1365, 1365, 1365, 1365, 1365, 1365, 1365, 1365, 1365, 1365, 1365, 1365, 1365, 1365, 1365, 1365, 1397]",2.4.90,OK
b200,NVIDIA B200,fc1,balanced,128,2048,262144,4096,1280,4096,2560,bf16,5497558138880.0,4.466791076660156,9.986440124511718,14.453231201171874,1230.7623178540407,1101.0045762726286,54.700547460179585,48.93353672322794,nvjet_tst_144x128_64x8_1x2_2cta_h_bz_TNN,"[2048, 2048, 2048, 2048, 2048, 2048, 2048, 2048, 2048, 2048, 2048, 2048, 2048, 2048, 2048, 2048, 2048, 2048, 2048, 2048, 2048, 2048, 2048, 2048, 2048, 2048, 2048, 2048, 2048, 2048, 2048, 2048, 2048, 2048, 2048, 2048, 2048, 2048, 2048, 2048, 2048, 2048, 2048, 2048, 2048, 2048, 2048, 2048, 2048, 2048, 2048, 2048, 2048, 2048, 2048, 2048, 2048, 2048, 2048, 2048, 2048, 2048, 2048, 2048, 2048, 2048, 2048, 2048, 2048, 2048, 2048, 2048, 2048, 2048, 2048, 2048, 2048, 2048, 2048, 2048, 2048, 2048, 2048, 2048, 2048, 2048, 2048, 2048, 2048, 2048, 2048, 2048, 2048, 2048, 2048, 2048, 2048, 2048, 2048, 2048, 2048, 2048, 2048, 2048, 2048, 2048, 2048, 2048, 2048, 2048, 2048, 2048, 2048, 2048, 2048, 2048, 2048, 2048, 2048, 2048, 2048, 2048, 2048, 2048, 2048, 2048, 2048, 2048]",2.4.90,OK
b200,NVIDIA B200,fc1,skewed,128,2048,262144,4096,1280,4096,2560,bf16,5497558138880.0,4.42038330078125,10.11917724609375,14.539560546875,1243.6835823509632,1086.5622777785006,55.274825882265034,48.29165679015558,nvjet_tst_128x200_64x5_2x1_v_bz_TNT,"[4096, 4096, 4096, 4096, 4096, 4096, 4096, 4096, 4096, 4096, 4096, 4096, 4096, 4096, 4096, 4096, 4096, 4096, 4096, 4096, 4096, 4096, 4096, 4096, 4096, 4096, 4096, 4096, 4096, 4096, 4096, 4096, 1365, 1365, 1365, 1365, 1365, 1365, 1365, 1365, 1365, 1365, 1365, 1365, 1365, 1365, 1365, 1365, 1365, 1365, 1365, 1365, 1365, 1365, 1365, 1365, 1365, 1365, 1365, 1365, 1365, 1365, 1365, 1365, 1365, 1365, 1365, 1365, 1365, 1365, 1365, 1365, 1365, 1365, 1365, 1365, 1365, 1365, 1365, 1365, 1365, 1365, 1365, 1365, 1365, 1365, 1365, 1365, 1365, 1365, 1365, 1365, 1365, 1365, 1365, 1365, 1365, 1365, 1365, 1365, 1365, 1365, 1365, 1365, 1365, 1365, 1365, 1365, 1365, 1365, 1365, 1365, 1365, 1365, 1365, 1365, 1365, 1365, 1365, 1365, 1365, 1365, 1365, 1365, 1365, 1365, 1365, 1397]",2.4.90,OK
b200,NVIDIA B200,fc2,balanced,128,2048,262144,4096,1280,1280,4096,bf16,2748779069440.0,2.378107452392578,6.370127410888671,8.74823486328125,1155.8683215405154,863.0216923892041,51.37192540180068,38.356519661742404,nvjet_tst_128x256_64x6_2x2_2cta_h_bz_TNT,"[2048, 2048, 2048, 2048, 2048, 2048, 2048, 2048, 2048, 2048, 2048, 2048, 2048, 2048, 2048, 2048, 2048, 2048, 2048, 2048, 2048, 2048, 2048, 2048, 2048, 2048, 2048, 2048, 2048, 2048, 2048, 2048, 2048, 2048, 2048, 2048, 2048, 2048, 2048, 2048, 2048, 2048, 2048, 2048, 2048, 2048, 2048, 2048, 2048, 2048, 2048, 2048, 2048, 2048, 2048, 2048, 2048, 2048, 2048, 2048, 2048, 2048, 2048, 2048, 2048, 2048, 2048, 2048, 2048, 2048, 2048, 2048, 2048, 2048, 2048, 2048, 2048, 2048, 2048, 2048, 2048, 2048, 2048, 2048, 2048, 2048, 2048, 2048, 2048, 2048, 2048, 2048, 2048, 2048, 2048, 2048, 2048, 2048, 2048, 2048, 2048, 2048, 2048, 2048, 2048, 2048, 2048, 2048, 2048, 2048, 2048, 2048, 2048, 2048, 2048, 2048, 2048, 2048, 2048, 2048, 2048, 2048, 2048, 2048, 2048, 2048, 2048, 2048]",2.4.90,OK
b200,NVIDIA B200,fc2,skewed,128,2048,262144,4096,1280,1280,4096,bf16,2748779069440.0,2.375646057128906,6.845443420410156,9.221089477539062,1157.0659110566514,803.0974476377462,51.425151602517836,35.69321989501094,nvjet_tst_128x160_64x8_2x1_2cta_v_bz_TNT,"[4096, 4096, 4096, 4096, 4096, 4096, 4096, 4096, 4096, 4096, 4096, 4096, 4096, 4096, 4096, 4096, 4096, 4096, 4096, 4096, 4096, 4096, 4096, 4096, 4096, 4096, 4096, 4096, 4096, 4096, 4096, 4096, 1365, 1365, 1365, 1365, 1365, 1365, 1365, 1365, 1365, 1365, 1365, 1365, 1365, 1365, 1365, 1365, 1365, 1365, 1365, 1365, 1365, 1365, 1365, 1365, 1365, 1365, 1365, 1365, 1365, 1365, 1365, 1365, 1365, 1365, 1365, 1365, 1365, 1365, 1365, 1365, 1365, 1365, 1365, 1365, 1365, 1365, 1365, 1365, 1365, 1365, 1365, 1365, 1365, 1365, 1365, 1365, 1365, 1365, 1365, 1365, 1365, 1365, 1365, 1365, 1365, 1365, 1365, 1365, 1365, 1365, 1365, 1365, 1365, 1365, 1365, 1365, 1365, 1365, 1365, 1365, 1365, 1365, 1365, 1365, 1365, 1365, 1365, 1365, 1365, 1365, 1365, 1365, 1365, 1365, 1365, 1397]",2.4.90,OK
b200,NVIDIA B200,fc1,balanced,128,2048,262144,6144,1536,6144,3072,bf16,9895604649984.0,8.297657470703125,15.688970947265624,23.98662841796875,1192.5781083303102,1261.472748371514,53.00347148134712,56.0654554831784,nvjet_tst_192x128_64x6_2x2_2cta_h_bz_TNT,"[2048, 2048, 2048, 2048, 2048, 2048, 2048, 2048, 2048, 2048, 2048, 2048, 2048, 2048, 2048, 2048, 2048, 2048, 2048, 2048, 2048, 2048, 2048, 2048, 2048, 2048, 2048, 2048, 2048, 2048, 2048, 2048, 2048, 2048, 2048, 2048, 2048, 2048, 2048, 2048, 2048, 2048, 2048, 2048, 2048, 2048, 2048, 2048, 2048, 2048, 2048, 2048, 2048, 2048, 2048, 2048, 2048, 2048, 2048, 2048, 2048, 2048, 2048, 2048, 2048, 2048, 2048, 2048, 2048, 2048, 2048, 2048, 2048, 2048, 2048, 2048, 2048, 2048, 2048, 2048, 2048, 2048, 2048, 2048, 2048, 2048, 2048, 2048, 2048, 2048, 2048, 2048, 2048, 2048, 2048, 2048, 2048, 2048, 2048, 2048, 2048, 2048, 2048, 2048, 2048, 2048, 2048, 2048, 2048, 2048, 2048, 2048, 2048, 2048, 2048, 2048, 2048, 2048, 2048, 2048, 2048, 2048, 2048, 2048, 2048, 2048, 2048, 2048]",2.4.90,OK
b200,NVIDIA B200,fc1,skewed,128,2048,262144,6144,1536,6144,3072,bf16,9895604649984.0,8.18427734375,15.3085546875,23.49283203125,1209.0993785225116,1292.8202370487825,53.737750156556075,57.45867720216811,nvjet_tst_192x176_64x6_2x2_2cta_h_bz_TNT,"[4096, 4096, 4096, 4096, 4096, 4096, 4096, 4096, 4096, 4096, 4096, 4096, 4096, 4096, 4096, 4096, 4096, 4096, 4096, 4096, 4096, 4096, 4096, 4096, 4096, 4096, 4096, 4096, 4096, 4096, 4096, 4096, 1365, 1365, 1365, 1365, 1365, 1365, 1365, 1365, 1365, 1365, 1365, 1365, 1365, 1365, 1365, 1365, 1365, 1365, 1365, 1365, 1365, 1365, 1365, 1365, 1365, 1365, 1365, 1365, 1365, 1365, 1365, 1365, 1365, 1365, 1365, 1365, 1365, 1365, 1365, 1365, 1365, 1365, 1365, 1365, 1365, 1365, 1365, 1365, 1365, 1365, 1365, 1365, 1365, 1365, 1365, 1365, 1365, 1365, 1365, 1365, 1365, 1365, 1365, 1365, 1365, 1365, 1365, 1365, 1365, 1365, 1365, 1365, 1365, 1365, 1365, 1365, 1365, 1365, 1365, 1365, 1365, 1365, 1365, 1365, 1365, 1365, 1365, 1365, 1365, 1365, 1365, 1365, 1365, 1365, 1365, 1397]",2.4.90,OK
b200,NVIDIA B200,fc2,balanced,128,2048,262144,6144,1536,1536,6144,bf16,4947802324992.0,3.9932647705078126,10.215632934570312,14.208897705078124,1239.0368806831711,968.6726914880312,55.06830580814094,43.05211962169028,nvjet_tst_128x256_64x6_2x2_2cta_h_bz_TNT,"[2048, 2048, 2048, 2048, 2048, 2048, 2048, 2048, 2048, 2048, 2048, 2048, 2048, 2048, 2048, 2048, 2048, 2048, 2048, 2048, 2048, 2048, 2048, 2048, 2048, 2048, 2048, 2048, 2048, 2048, 2048, 2048, 2048, 2048, 2048, 2048, 2048, 2048, 2048, 2048, 2048, 2048, 2048, 2048, 2048, 2048, 2048, 2048, 2048, 2048, 2048, 2048, 2048, 2048, 2048, 2048, 2048, 2048, 2048, 2048, 2048, 2048, 2048, 2048, 2048, 2048, 2048, 2048, 2048, 2048, 2048, 2048, 2048, 2048, 2048, 2048, 2048, 2048, 2048, 2048, 2048, 2048, 2048, 2048, 2048, 2048, 2048, 2048, 2048, 2048, 2048, 2048, 2048, 2048, 2048, 2048, 2048, 2048, 2048, 2048, 2048, 2048, 2048, 2048, 2048, 2048, 2048, 2048, 2048, 2048, 2048, 2048, 2048, 2048, 2048, 2048, 2048, 2048, 2048, 2048, 2048, 2048, 2048, 2048, 2048, 2048, 2048, 2048]",2.4.90,OK
b200,NVIDIA B200,fc2,skewed,128,2048,262144,6144,1536,1536,6144,bf16,4947802324992.0,4.094275817871094,10.66417999267578,14.758455810546875,1208.4682481320262,927.929260081915,53.70969991697894,41.24130044808511,nvjet_tst_128x232_64x4_2x1_v_bz_TNT,"[4096, 4096, 4096, 4096, 4096, 4096, 4096, 4096, 4096, 4096, 4096, 4096, 4096, 4096, 4096, 4096, 4096, 4096, 4096, 4096, 4096, 4096, 4096, 4096, 4096, 4096, 4096, 4096, 4096, 4096, 4096, 4096, 1365, 1365, 1365, 1365, 1365, 1365, 1365, 1365, 1365, 1365, 1365, 1365, 1365, 1365, 1365, 1365, 1365, 1365, 1365, 1365, 1365, 1365, 1365, 1365, 1365, 1365, 1365, 1365, 1365, 1365, 1365, 1365, 1365, 1365, 1365, 1365, 1365, 1365, 1365, 1365, 1365, 1365, 1365, 1365, 1365, 1365, 1365, 1365, 1365, 1365, 1365, 1365, 1365, 1365, 1365, 1365, 1365, 1365, 1365, 1365, 1365, 1365, 1365, 1365, 1365, 1365, 1365, 1365, 1365, 1365, 1365, 1365, 1365, 1365, 1365, 1365, 1365, 1365, 1365, 1365, 1365, 1365, 1365, 1365, 1365, 1365, 1365, 1365, 1365, 1365, 1365, 1365, 1365, 1365, 1365, 1397]",2.4.90,OK
b200,NVIDIA B200,fc1,balanced,128,4096,524288,1024,1280,1024,2560,bf16,2748779069440.0,2.319121856689453,6.711288299560547,9.03041015625,1185.2671999581264,819.1509429329653,52.67854222036117,36.406708574798465,nvjet_tst_128x192_64x7_2x1_2cta_v_bz_TNT,"[4096, 4096, 4096, 4096, 4096, 4096, 4096, 4096, 4096, 4096, 4096, 4096, 4096, 4096, 4096, 4096, 4096, 4096, 4096, 4096, 4096, 4096, 4096, 4096, 4096, 4096, 4096, 4096, 4096, 4096, 4096, 4096, 4096, 4096, 4096, 4096, 4096, 4096, 4096, 4096, 4096, 4096, 4096, 4096, 4096, 4096, 4096, 4096, 4096, 4096, 4096, 4096, 4096, 4096, 4096, 4096, 4096, 4096, 4096, 4096, 4096, 4096, 4096, 4096, 4096, 4096, 4096, 4096, 4096, 4096, 4096, 4096, 4096, 4096, 4096, 4096, 4096, 4096, 4096, 4096, 4096, 4096, 4096, 4096, 4096, 4096, 4096, 4096, 4096, 4096, 4096, 4096, 4096, 4096, 4096, 4096, 4096, 4096, 4096, 4096, 4096, 4096, 4096, 4096, 4096, 4096, 4096, 4096, 4096, 4096, 4096, 4096, 4096, 4096, 4096, 4096, 4096, 4096, 4096, 4096, 4096, 4096, 4096, 4096, 4096, 4096, 4096, 4096]",2.4.90,OK
b200,NVIDIA B200,fc1,skewed,128,4096,524288,1024,1280,1024,2560,bf16,2748779069440.0,2.530924835205078,6.610435638427734,9.141360473632812,1086.0769277714521,831.6483874257299,48.270085678731206,36.96215055225466,nvjet_tst_256x96_64x5_2x1_2cta_v_bz_TNT,"[8192, 8192, 8192, 8192, 8192, 8192, 8192, 8192, 8192, 8192, 8192, 8192, 8192, 8192, 8192, 8192, 8192, 8192, 8192, 8192, 8192, 8192, 8192, 8192, 8192, 8192, 8192, 8192, 8192, 8192, 8192, 8192, 2730, 2730, 2730, 2730, 2730, 2730, 2730, 2730, 2730, 2730, 2730, 2730, 2730, 2730, 2730, 2730, 2730, 2730, 2730, 2730, 2730, 2730, 2730, 2730, 2730, 2730, 2730, 2730, 2730, 2730, 2730, 2730, 2730, 2730, 2730, 2730, 2730, 2730, 2730, 2730, 2730, 2730, 2730, 2730, 2730, 2730, 2730, 2730, 2730, 2730, 2730, 2730, 2730, 2730, 2730, 2730, 2730, 2730, 2730, 2730, 2730, 2730, 2730, 2730, 2730, 2730, 2730, 2730, 2730, 2730, 2730, 2730, 2730, 2730, 2730, 2730, 2730, 2730, 2730, 2730, 2730, 2730, 2730, 2730, 2730, 2730, 2730, 2730, 2730, 2730, 2730, 2730, 2730, 2730, 2730, 2794]",2.4.90,OK
b200,NVIDIA B200,fc2,balanced,128,4096,524288,1024,1280,1280,1024,bf16,1374389534720.0,2.474273986816406,7.400003967285157,9.874277954101563,555.4718442836627,371.4564318603259,24.68763752371834,16.509174749347817,nvjet_tst_128x256_64x6_2x2_2cta_h_bz_TNT,"[4096, 4096, 4096, 4096, 4096, 4096, 4096, 4096, 4096, 4096, 4096, 4096, 4096, 4096, 4096, 4096, 4096, 4096, 4096, 4096, 4096, 4096, 4096, 4096, 4096, 4096, 4096, 4096, 4096, 4096, 4096, 4096, 4096, 4096, 4096, 4096, 4096, 4096, 4096, 4096, 4096, 4096, 4096, 4096, 4096, 4096, 4096, 4096, 4096, 4096, 4096, 4096, 4096, 4096, 4096, 4096, 4096, 4096, 4096, 4096, 4096, 4096, 4096, 4096, 4096, 4096, 4096, 4096, 4096, 4096, 4096, 4096, 4096, 4096, 4096, 4096, 4096, 4096, 4096, 4096, 4096, 4096, 4096, 4096, 4096, 4096, 4096, 4096, 4096, 4096, 4096, 4096, 4096, 4096, 4096, 4096, 4096, 4096, 4096, 4096, 4096, 4096, 4096, 4096, 4096, 4096, 4096, 4096, 4096, 4096, 4096, 4096, 4096, 4096, 4096, 4096, 4096, 4096, 4096, 4096, 4096, 4096, 4096, 4096, 4096, 4096, 4096, 4096]",2.4.90,OK
b200,NVIDIA B200,fc2,skewed,128,4096,524288,1024,1280,1280,1024,bf16,1374389534720.0,2.7539111328125,7.831064453124999,10.5849755859375,499.0682227702717,351.00963424494546,22.180809900900964,15.600428188664244,nvjet_tst_128x152_64x6_2x1_v_bz_TNT,"[8192, 8192, 8192, 8192, 8192, 8192, 8192, 8192, 8192, 8192, 8192, 8192, 8192, 8192, 8192, 8192, 8192, 8192, 8192, 8192, 8192, 8192, 8192, 8192, 8192, 8192, 8192, 8192, 8192, 8192, 8192, 8192, 2730, 2730, 2730, 2730, 2730, 2730, 2730, 2730, 2730, 2730, 2730, 2730, 2730, 2730, 2730, 2730, 2730, 2730, 2730, 2730, 2730, 2730, 2730, 2730, 2730, 2730, 2730, 2730, 2730, 2730, 2730, 2730, 2730, 2730, 2730, 2730, 2730, 2730, 2730, 2730, 2730, 2730, 2730, 2730, 2730, 2730, 2730, 2730, 2730, 2730, 2730, 2730, 2730, 2730, 2730, 2730, 2730, 2730, 2730, 2730, 2730, 2730, 2730, 2730, 2730, 2730, 2730, 2730, 2730, 2730, 2730, 2730, 2730, 2730, 2730, 2730, 2730, 2730, 2730, 2730, 2730, 2730, 2730, 2730, 2730, 2730, 2730, 2730, 2730, 2730, 2730, 2730, 2730, 2730, 2730, 2794]",2.4.90,OK
b200,NVIDIA B200,fc1,balanced,128,4096,524288,2048,1280,2048,2560,bf16,5497558138880.0,4.334104309082031,10.229104919433594,14.563209228515625,1268.4415848875567,1074.8854728111266,56.375181550558075,47.77268768049452,nvjet_tst_128x192_64x7_2x1_2cta_v_bz_TNT,"[4096, 4096, 4096, 4096, 4096, 4096, 4096, 4096, 4096, 4096, 4096, 4096, 4096, 4096, 4096, 4096, 4096, 4096, 4096, 4096, 4096, 4096, 4096, 4096, 4096, 4096, 4096, 4096, 4096, 4096, 4096, 4096, 4096, 4096, 4096, 4096, 4096, 4096, 4096, 4096, 4096, 4096, 4096, 4096, 4096, 4096, 4096, 4096, 4096, 4096, 4096, 4096, 4096, 4096, 4096, 4096, 4096, 4096, 4096, 4096, 4096, 4096, 4096, 4096, 4096, 4096, 4096, 4096, 4096, 4096, 4096, 4096, 4096, 4096, 4096, 4096, 4096, 4096, 4096, 4096, 4096, 4096, 4096, 4096, 4096, 4096, 4096, 4096, 4096, 4096, 4096, 4096, 4096, 4096, 4096, 4096, 4096, 4096, 4096, 4096, 4096, 4096, 4096, 4096, 4096, 4096, 4096, 4096, 4096, 4096, 4096, 4096, 4096, 4096, 4096, 4096, 4096, 4096, 4096, 4096, 4096, 4096, 4096, 4096, 4096, 4096, 4096, 4096]",2.4.90,OK
b200,NVIDIA B200,fc1,skewed,128,4096,524288,2048,1280,2048,2560,bf16,5497558138880.0,4.6357113647460935,10.347932434082031,14.983643798828124,1185.9146755098095,1062.5423337271125,52.707318911547084,47.224103721205,nvjet_tst_256x96_64x5_2x1_2cta_v_bz_TNT,"[8192, 8192, 8192, 8192, 8192, 8192, 8192, 8192, 8192, 8192, 8192, 8192, 8192, 8192, 8192, 8192, 8192, 8192, 8192, 8192, 8192, 8192, 8192, 8192, 8192, 8192, 8192, 8192, 8192, 8192, 8192, 8192, 2730, 2730, 2730, 2730, 2730, 2730, 2730, 2730, 2730, 2730, 2730, 2730, 2730, 2730, 2730, 2730, 2730, 2730, 2730, 2730, 2730, 2730, 2730, 2730, 2730, 2730, 2730, 2730, 2730, 2730, 2730, 2730, 2730, 2730, 2730, 2730, 2730, 2730, 2730, 2730, 2730, 2730, 2730, 2730, 2730, 2730, 2730, 2730, 2730, 2730, 2730, 2730, 2730, 2730, 2730, 2730, 2730, 2730, 2730, 2730, 2730, 2730, 2730, 2730, 2730, 2730, 2730, 2730, 2730, 2730, 2730, 2730, 2730, 2730, 2730, 2730, 2730, 2730, 2730, 2730, 2730, 2730, 2730, 2730, 2730, 2730, 2730, 2730, 2730, 2730, 2730, 2730, 2730, 2730, 2730, 2794]",2.4.90,OK
b200,NVIDIA B200,fc2,balanced,128,4096,524288,2048,1280,1280,2048,bf16,2748779069440.0,2.3907148742675783,6.274368133544922,8.6650830078125,1149.7728562391276,876.1931116996739,51.101015832850116,38.94191607554106,nvjet_tst_160x192_64x6_1x2_2cta_h_bz_TNN,"[4096, 4096, 4096, 4096, 4096, 4096, 4096, 4096, 4096, 4096, 4096, 4096, 4096, 4096, 4096, 4096, 4096, 4096, 4096, 4096, 4096, 4096, 4096, 4096, 4096, 4096, 4096, 4096, 4096, 4096, 4096, 4096, 4096, 4096, 4096, 4096, 4096, 4096, 4096, 4096, 4096, 4096, 4096, 4096, 4096, 4096, 4096, 4096, 4096, 4096, 4096, 4096, 4096, 4096, 4096, 4096, 4096, 4096, 4096, 4096, 4096, 4096, 4096, 4096, 4096, 4096, 4096, 4096, 4096, 4096, 4096, 4096, 4096, 4096, 4096, 4096, 4096, 4096, 4096, 4096, 4096, 4096, 4096, 4096, 4096, 4096, 4096, 4096, 4096, 4096, 4096, 4096, 4096, 4096, 4096, 4096, 4096, 4096, 4096, 4096, 4096, 4096, 4096, 4096, 4096, 4096, 4096, 4096, 4096, 4096, 4096, 4096, 4096, 4096, 4096, 4096, 4096, 4096, 4096, 4096, 4096, 4096, 4096, 4096, 4096, 4096, 4096, 4096]",2.4.90,OK
b200,NVIDIA B200,fc2,skewed,128,4096,524288,2048,1280,1280,2048,bf16,2748779069440.0,2.411964874267578,6.260557098388672,8.67252197265625,1139.6430763838132,878.1260281604889,50.65080339483614,39.02782347379951,nvjet_tst_128x160_64x8_2x1_2cta_v_bz_TNT,"[8192, 8192, 8192, 8192, 8192, 8192, 8192, 8192, 8192, 8192, 8192, 8192, 8192, 8192, 8192, 8192, 8192, 8192, 8192, 8192, 8192, 8192, 8192, 8192, 8192, 8192, 8192, 8192, 8192, 8192, 8192, 8192, 2730, 2730, 2730, 2730, 2730, 2730, 2730, 2730, 2730, 2730, 2730, 2730, 2730, 2730, 2730, 2730, 2730, 2730, 2730, 2730, 2730, 2730, 2730, 2730, 2730, 2730, 2730, 2730, 2730, 2730, 2730, 2730, 2730, 2730, 2730, 2730, 2730, 2730, 2730, 2730, 2730, 2730, 2730, 2730, 2730, 2730, 2730, 2730, 2730, 2730, 2730, 2730, 2730, 2730, 2730, 2730, 2730, 2730, 2730, 2730, 2730, 2730, 2730, 2730, 2730, 2730, 2730, 2730, 2730, 2730, 2730, 2730, 2730, 2730, 2730, 2730, 2730, 2730, 2730, 2730, 2730, 2730, 2730, 2730, 2730, 2730, 2730, 2730, 2730, 2730, 2730, 2730, 2730, 2730, 2730, 2794]",2.4.90,OK
b200,NVIDIA B200,fc1,balanced,128,4096,524288,2560,1600,2560,3200,bf16,8589934592000.0,6.57929931640625,14.4524462890625,21.03174560546875,1305.60021347258,1188.71704072698,58.02667615433688,52.83186847675467,nvjet_tst_128x256_64x6_2x1_2cta_v_bz_TNT,"[4096, 4096, 4096, 4096, 4096, 4096, 4096, 4096, 4096, 4096, 4096, 4096, 4096, 4096, 4096, 4096, 4096, 4096, 4096, 4096, 4096, 4096, 4096, 4096, 4096, 4096, 4096, 4096, 4096, 4096, 4096, 4096, 4096, 4096, 4096, 4096, 4096, 4096, 4096, 4096, 4096, 4096, 4096, 4096, 4096, 4096, 4096, 4096, 4096, 4096, 4096, 4096, 4096, 4096, 4096, 4096, 4096, 4096, 4096, 4096, 4096, 4096, 4096, 4096, 4096, 4096, 4096, 4096, 4096, 4096, 4096, 4096, 4096, 4096, 4096, 4096, 4096, 4096, 4096, 4096, 4096, 4096, 4096, 4096, 4096, 4096, 4096, 4096, 4096, 4096, 4096, 4096, 4096, 4096, 4096, 4096, 4096, 4096, 4096, 4096, 4096, 4096, 4096, 4096, 4096, 4096, 4096, 4096, 4096, 4096, 4096, 4096, 4096, 4096, 4096, 4096, 4096, 4096, 4096, 4096, 4096, 4096, 4096, 4096, 4096, 4096, 4096, 4096]",2.4.90,OK
b200,NVIDIA B200,fc1,skewed,128,4096,524288,2560,1600,2560,3200,bf16,8589934592000.0,6.8137060546875,14.99464111328125,21.80834716796875,1260.68464401844,1145.7339361582465,56.03042862304177,50.92150827369984,nvjet_tst_128x256_64x6_2x1_2cta_v_bz_TNT,"[8192, 8192, 8192, 8192, 8192, 8192, 8192, 8192, 8192, 8192, 8192, 8192, 8192, 8192, 8192, 8192, 8192, 8192, 8192, 8192, 8192, 8192, 8192, 8192, 8192, 8192, 8192, 8192, 8192, 8192, 8192, 8192, 2730, 2730, 2730, 2730, 2730, 2730, 2730, 2730, 2730, 2730, 2730, 2730, 2730, 2730, 2730, 2730, 2730, 2730, 2730, 2730, 2730, 2730, 2730, 2730, 2730, 2730, 2730, 2730, 2730, 2730, 2730, 2730, 2730, 2730, 2730, 2730, 2730, 2730, 2730, 2730, 2730, 2730, 2730, 2730, 2730, 2730, 2730, 2730, 2730, 2730, 2730, 2730, 2730, 2730, 2730, 2730, 2730, 2730, 2730, 2730, 2730, 2730, 2730, 2730, 2730, 2730, 2730, 2730, 2730, 2730, 2730, 2730, 2730, 2730, 2730, 2730, 2730, 2730, 2730, 2730, 2730, 2730, 2730, 2730, 2730, 2730, 2730, 2730, 2730, 2730, 2730, 2730, 2730, 2730, 2730, 2794]",2.4.90,OK
b200,NVIDIA B200,fc2,balanced,128,4096,524288,2560,1600,1600,2560,bf16,4294967296000.0,3.553291015625,9.453443603515625,13.006734619140625,1208.7293939937942,908.6566707612773,53.721306399724185,40.38474092272343,nvjet_tst_128x192_64x7_2x1_2cta_v_bz_TNT,"[4096, 4096, 4096, 4096, 4096, 4096, 4096, 4096, 4096, 4096, 4096, 4096, 4096, 4096, 4096, 4096, 4096, 4096, 4096, 4096, 4096, 4096, 4096, 4096, 4096, 4096, 4096, 4096, 4096, 4096, 4096, 4096, 4096, 4096, 4096, 4096, 4096, 4096, 4096, 4096, 4096, 4096, 4096, 4096, 4096, 4096, 4096, 4096, 4096, 4096, 4096, 4096, 4096, 4096, 4096, 4096, 4096, 4096, 4096, 4096, 4096, 4096, 4096, 4096, 4096, 4096, 4096, 4096, 4096, 4096, 4096, 4096, 4096, 4096, 4096, 4096, 4096, 4096, 4096, 4096, 4096, 4096, 4096, 4096, 4096, 4096, 4096, 4096, 4096, 4096, 4096, 4096, 4096, 4096, 4096, 4096, 4096, 4096, 4096, 4096, 4096, 4096, 4096, 4096, 4096, 4096, 4096, 4096, 4096, 4096, 4096, 4096, 4096, 4096, 4096, 4096, 4096, 4096, 4096, 4096, 4096, 4096, 4096, 4096, 4096, 4096, 4096, 4096]",2.4.90,OK
b200,NVIDIA B200,fc2,skewed,128,4096,524288,2560,1600,1600,2560,bf16,4294967296000.0,3.709774169921875,9.679208984375,13.388983154296875,1157.7435982014097,887.462457507282,51.45527103117376,39.442775889212534,nvjet_tst_256x96_64x5_2x1_2cta_v_bz_TNT,"[8192, 8192, 8192, 8192, 8192, 8192, 8192, 8192, 8192, 8192, 8192, 8192, 8192, 8192, 8192, 8192, 8192, 8192, 8192, 8192, 8192, 8192, 8192, 8192, 8192, 8192, 8192, 8192, 8192, 8192, 8192, 8192, 2730, 2730, 2730, 2730, 2730, 2730, 2730, 2730, 2730, 2730, 2730, 2730, 2730, 2730, 2730, 2730, 2730, 2730, 2730, 2730, 2730, 2730, 2730, 2730, 2730, 2730, 2730, 2730, 2730, 2730, 2730, 2730, 2730, 2730, 2730, 2730, 2730, 2730, 2730, 2730, 2730, 2730, 2730, 2730, 2730, 2730, 2730, 2730, 2730, 2730, 2730, 2730, 2730, 2730, 2730, 2730, 2730, 2730, 2730, 2730, 2730, 2730, 2730, 2730, 2730, 2730, 2730, 2730, 2730, 2730, 2730, 2730, 2730, 2730, 2730, 2730, 2730, 2730, 2730, 2730, 2730, 2730, 2730, 2730, 2730, 2730, 2730, 2730, 2730, 2730, 2730, 2730, 2730, 2730, 2730, 2794]",2.4.90,OK
b200,NVIDIA B200,fc1,balanced,128,4096,524288,4096,1280,4096,2560,bf16,10995116277760.0,8.71078125,17.38881591796875,26.09959716796875,1262.2422676220917,1264.6193196396068,56.09965633875964,56.20530309509364,nvjet_tst_128x192_64x7_2x1_2cta_v_bz_TNT,"[4096, 4096, 4096, 4096, 4096, 4096, 4096, 4096, 4096, 4096, 4096, 4096, 4096, 4096, 4096, 4096, 4096, 4096, 4096, 4096, 4096, 4096, 4096, 4096, 4096, 4096, 4096, 4096, 4096, 4096, 4096, 4096, 4096, 4096, 4096, 4096, 4096, 4096, 4096, 4096, 4096, 4096, 4096, 4096, 4096, 4096, 4096, 4096, 4096, 4096, 4096, 4096, 4096, 4096, 4096, 4096, 4096, 4096, 4096, 4096, 4096, 4096, 4096, 4096, 4096, 4096, 4096, 4096, 4096, 4096, 4096, 4096, 4096, 4096, 4096, 4096, 4096, 4096, 4096, 4096, 4096, 4096, 4096, 4096, 4096, 4096, 4096, 4096, 4096, 4096, 4096, 4096, 4096, 4096, 4096, 4096, 4096, 4096, 4096, 4096, 4096, 4096, 4096, 4096, 4096, 4096, 4096, 4096, 4096, 4096, 4096, 4096, 4096, 4096, 4096, 4096, 4096, 4096, 4096, 4096, 4096, 4096, 4096, 4096, 4096, 4096, 4096, 4096]",2.4.90,OK
b200,NVIDIA B200,fc1,skewed,128,4096,524288,4096,1280,4096,2560,bf16,10995116277760.0,8.849760131835938,18.111817016601563,26.9615771484375,1242.4196943153752,1214.1372969571978,55.218653080683346,53.96165764254213,nvjet_tst_256x208_64x4_2x1_2cta_v_bz_TNT,"[8192, 8192, 8192, 8192, 8192, 8192, 8192, 8192, 8192, 8192, 8192, 8192, 8192, 8192, 8192, 8192, 8192, 8192, 8192, 8192, 8192, 8192, 8192, 8192, 8192, 8192, 8192, 8192, 8192, 8192, 8192, 8192, 2730, 2730, 2730, 2730, 2730, 2730, 2730, 2730, 2730, 2730, 2730, 2730, 2730, 2730, 2730, 2730, 2730, 2730, 2730, 2730, 2730, 2730, 2730, 2730, 2730, 2730, 2730, 2730, 2730, 2730, 2730, 2730, 2730, 2730, 2730, 2730, 2730, 2730, 2730, 2730, 2730, 2730, 2730, 2730, 2730, 2730, 2730, 2730, 2730, 2730, 2730, 2730, 2730, 2730, 2730, 2730, 2730, 2730, 2730, 2730, 2730, 2730, 2730, 2730, 2730, 2730, 2730, 2730, 2730, 2730, 2730, 2730, 2730, 2730, 2730, 2730, 2730, 2730, 2730, 2730, 2730, 2730, 2730, 2730, 2730, 2730, 2730, 2730, 2730, 2730, 2730, 2730, 2730, 2730, 2730, 2794]",2.4.90,OK
b200,NVIDIA B200,fc2,balanced,128,4096,524288,4096,1280,1280,4096,bf16,5497558138880.0,4.453140563964844,11.471854553222656,15.9249951171875,1234.535056756722,958.4427894155326,54.8682247447432,42.597457307357004,nvjet_tst_128x256_64x6_2x2_2cta_h_bz_TNT,"[4096, 4096, 4096, 4096, 4096, 4096, 4096, 4096, 4096, 4096, 4096, 4096, 4096, 4096, 4096, 4096, 4096, 4096, 4096, 4096, 4096, 4096, 4096, 4096, 4096, 4096, 4096, 4096, 4096, 4096, 4096, 4096, 4096, 4096, 4096, 4096, 4096, 4096, 4096, 4096, 4096, 4096, 4096, 4096, 4096, 4096, 4096, 4096, 4096, 4096, 4096, 4096, 4096, 4096, 4096, 4096, 4096, 4096, 4096, 4096, 4096, 4096, 4096, 4096, 4096, 4096, 4096, 4096, 4096, 4096, 4096, 4096, 4096, 4096, 4096, 4096, 4096, 4096, 4096, 4096, 4096, 4096, 4096, 4096, 4096, 4096, 4096, 4096, 4096, 4096, 4096, 4096, 4096, 4096, 4096, 4096, 4096, 4096, 4096, 4096, 4096, 4096, 4096, 4096, 4096, 4096, 4096, 4096, 4096, 4096, 4096, 4096, 4096, 4096, 4096, 4096, 4096, 4096, 4096, 4096, 4096, 4096, 4096, 4096, 4096, 4096, 4096, 4096]",2.4.90,OK
b200,NVIDIA B200,fc2,skewed,128,4096,524288,4096,1280,1280,4096,bf16,5497558138880.0,4.5379116821289065,11.615203552246093,16.153115234375,1211.4731453523766,946.6141706689089,53.84325090455007,42.071740918618175,nvjet_tst_176x128_64x8_2x2_2cta_h_bz_TNN,"[8192, 8192, 8192, 8192, 8192, 8192, 8192, 8192, 8192, 8192, 8192, 8192, 8192, 8192, 8192, 8192, 8192, 8192, 8192, 8192, 8192, 8192, 8192, 8192, 8192, 8192, 8192, 8192, 8192, 8192, 8192, 8192, 2730, 2730, 2730, 2730, 2730, 2730, 2730, 2730, 2730, 2730, 2730, 2730, 2730, 2730, 2730, 2730, 2730, 2730, 2730, 2730, 2730, 2730, 2730, 2730, 2730, 2730, 2730, 2730, 2730, 2730, 2730, 2730, 2730, 2730, 2730, 2730, 2730, 2730, 2730, 2730, 2730, 2730, 2730, 2730, 2730, 2730, 2730, 2730, 2730, 2730, 2730, 2730, 2730, 2730, 2730, 2730, 2730, 2730, 2730, 2730, 2730, 2730, 2730, 2730, 2730, 2730, 2730, 2730, 2730, 2730, 2730, 2730, 2730, 2730, 2730, 2730, 2730, 2730, 2730, 2730, 2730, 2730, 2730, 2730, 2730, 2730, 2730, 2730, 2730, 2730, 2730, 2730, 2730, 2730, 2730, 2794]",2.4.90,OK
b200,NVIDIA B200,fc1,balanced,128,4096,524288,6144,1536,6144,3072,bf16,19791209299968.0,15.47013427734375,26.97956298828125,42.449697265625,1279.3172279669564,1467.1260100517152,56.85854346519806,65.20560044674289,nvjet_tst_128x256_64x6_2x2_2cta_h_bz_TNT,"[4096, 4096, 4096, 4096, 4096, 4096, 4096, 4096, 4096, 4096, 4096, 4096, 4096, 4096, 4096, 4096, 4096, 4096, 4096, 4096, 4096, 4096, 4096, 4096, 4096, 4096, 4096, 4096, 4096, 4096, 4096, 4096, 4096, 4096, 4096, 4096, 4096, 4096, 4096, 4096, 4096, 4096, 4096, 4096, 4096, 4096, 4096, 4096, 4096, 4096, 4096, 4096, 4096, 4096, 4096, 4096, 4096, 4096, 4096, 4096, 4096, 4096, 4096, 4096, 4096, 4096, 4096, 4096, 4096, 4096, 4096, 4096, 4096, 4096, 4096, 4096, 4096, 4096, 4096, 4096, 4096, 4096, 4096, 4096, 4096, 4096, 4096, 4096, 4096, 4096, 4096, 4096, 4096, 4096, 4096, 4096, 4096, 4096, 4096, 4096, 4096, 4096, 4096, 4096, 4096, 4096, 4096, 4096, 4096, 4096, 4096, 4096, 4096, 4096, 4096, 4096, 4096, 4096, 4096, 4096, 4096, 4096, 4096, 4096, 4096, 4096, 4096, 4096]",2.4.90,OK
b200,NVIDIA B200,fc1,skewed,128,4096,524288,6144,1536,6144,3072,bf16,19791209299968.0,15.947578125,27.636171875000002,43.58375,1241.0166073394296,1432.2685058903803,55.156293659530206,63.65637803957245,nvjet_tst_256x128_64x5_2x2_2cta_h_bz_TNT,"[8192, 8192, 8192, 8192, 8192, 8192, 8192, 8192, 8192, 8192, 8192, 8192, 8192, 8192, 8192, 8192, 8192, 8192, 8192, 8192, 8192, 8192, 8192, 8192, 8192, 8192, 8192, 8192, 8192, 8192, 8192, 8192, 2730, 2730, 2730, 2730, 2730, 2730, 2730, 2730, 2730, 2730, 2730, 2730, 2730, 2730, 2730, 2730, 2730, 2730, 2730, 2730, 2730, 2730, 2730, 2730, 2730, 2730, 2730, 2730, 2730, 2730, 2730, 2730, 2730, 2730, 2730, 2730, 2730, 2730, 2730, 2730, 2730, 2730, 2730, 2730, 2730, 2730, 2730, 2730, 2730, 2730, 2730, 2730, 2730, 2730, 2730, 2730, 2730, 2730, 2730, 2730, 2730, 2730, 2730, 2730, 2730, 2730, 2730, 2730, 2730, 2730, 2730, 2730, 2730, 2730, 2730, 2730, 2730, 2730, 2730, 2730, 2730, 2730, 2730, 2730, 2730, 2730, 2730, 2730, 2730, 2730, 2730, 2730, 2730, 2730, 2730, 2794]",2.4.90,OK
b200,NVIDIA B200,fc2,balanced,128,4096,524288,6144,1536,1536,6144,bf16,9895604649984.0,7.791829833984375,17.896788330078124,25.6886181640625,1269.9975308526282,1105.8525661113188,56.44433470456125,49.14900293828083,nvjet_tst_128x256_64x6_2x2_2cta_h_bz_TNT,"[4096, 4096, 4096, 4096, 4096, 4096, 4096, 4096, 4096, 4096, 4096, 4096, 4096, 4096, 4096, 4096, 4096, 4096, 4096, 4096, 4096, 4096, 4096, 4096, 4096, 4096, 4096, 4096, 4096, 4096, 4096, 4096, 4096, 4096, 4096, 4096, 4096, 4096, 4096, 4096, 4096, 4096, 4096, 4096, 4096, 4096, 4096, 4096, 4096, 4096, 4096, 4096, 4096, 4096, 4096, 4096, 4096, 4096, 4096, 4096, 4096, 4096, 4096, 4096, 4096, 4096, 4096, 4096, 4096, 4096, 4096, 4096, 4096, 4096, 4096, 4096, 4096, 4096, 4096, 4096, 4096, 4096, 4096, 4096, 4096, 4096, 4096, 4096, 4096, 4096, 4096, 4096, 4096, 4096, 4096, 4096, 4096, 4096, 4096, 4096, 4096, 4096, 4096, 4096, 4096, 4096, 4096, 4096, 4096, 4096, 4096, 4096, 4096, 4096, 4096, 4096, 4096, 4096, 4096, 4096, 4096, 4096, 4096, 4096, 4096, 4096, 4096, 4096]",2.4.90,OK
b200,NVIDIA B200,fc2,skewed,128,4096,524288,6144,1536,1536,6144,bf16,9895604649984.0,7.931792602539063,17.876828002929688,25.80862060546875,1247.5874176054851,1107.0873030005423,55.44832967135489,49.20388013335744,nvjet_tst_256x128_64x5_2x2_2cta_h_bz_TNT,"[8192, 8192, 8192, 8192, 8192, 8192, 8192, 8192, 8192, 8192, 8192, 8192, 8192, 8192, 8192, 8192, 8192, 8192, 8192, 8192, 8192, 8192, 8192, 8192, 8192, 8192, 8192, 8192, 8192, 8192, 8192, 8192, 2730, 2730, 2730, 2730, 2730, 2730, 2730, 2730, 2730, 2730, 2730, 2730, 2730, 2730, 2730, 2730, 2730, 2730, 2730, 2730, 2730, 2730, 2730, 2730, 2730, 2730, 2730, 2730, 2730, 2730, 2730, 2730, 2730, 2730, 2730, 2730, 2730, 2730, 2730, 2730, 2730, 2730, 2730, 2730, 2730, 2730, 2730, 2730, 2730, 2730, 2730, 2730, 2730, 2730, 2730, 2730, 2730, 2730, 2730, 2730, 2730, 2730, 2730, 2730, 2730, 2730, 2730, 2730, 2730, 2730, 2730, 2730, 2730, 2730, 2730, 2730, 2730, 2730, 2730, 2730, 2730, 2730, 2730, 2730, 2730, 2730, 2730, 2730, 2730, 2730, 2730, 2730, 2730, 2730, 2730, 2794]",2.4.90,OK
