device,gpu_name,num_tokens,num_experts,k,dtype,n_elements,event_time_ms,profiler_kernel_ms,kernel_name,elements_per_sec_event,elements_per_sec_kernel,bwd_event_time_ms,bwd_elements_per_sec_event
b200,NVIDIA B200,1024,32,1,fp32,32768,0.008885759711265564,0.006351714999999912,"void at::native::sbtopk::gatherTopK<float, unsigned int, 2, false>(at::cuda::detail::TensorInfo<float const, unsigned int>, unsigned int, unsigned int, bool, unsigned int, unsigned int, at::cuda::detail::TensorInfo<float, unsigned int>, unsigned int, at::cuda::detail::TensorInfo<long, unsigned int>, unsigned int, float*)",3687698189.5488353,5158921645.571385,0.04891439914703369,669904988.5392928
b200,NVIDIA B200,1024,32,1,bf16,32768,0.012118240594863891,0.00591436,"void at::native::sbtopk::gatherTopK<c10::BFloat16, unsigned int, 2, false>(at::cuda::detail::TensorInfo<c10::BFloat16 const, unsigned int>, unsigned int, unsigned int, bool, unsigned int, unsigned int, at::cuda::detail::TensorInfo<c10::BFloat16, unsigned int>, unsigned int, at::cuda::detail::TensorInfo<long, unsigned int>, unsigned int, c10::BFloat16*)",2704022893.7101774,5540413502.052631,0.06395311832427979,512375328.34360063
b200,NVIDIA B200,1024,32,2,fp32,32768,0.02232464075088501,0.006724969999999992,"void at::native::sbtopk::gatherTopK<float, unsigned int, 2, false>(at::cuda::detail::TensorInfo<float const, unsigned int>, unsigned int, unsigned int, bool, unsigned int, unsigned int, at::cuda::detail::TensorInfo<float, unsigned int>, unsigned int, at::cuda::detail::TensorInfo<long, unsigned int>, unsigned int, float*)",1467795175.9963253,4872586792.208744,0.06470128059387208,506450563.253666
b200,NVIDIA B200,1024,32,2,bf16,32768,0.022472639083862305,0.006109825000000025,"void at::native::sbtopk::gatherTopK<c10::BFloat16, unsigned int, 2, false>(at::cuda::detail::TensorInfo<c10::BFloat16 const, unsigned int>, unsigned int, unsigned int, bool, unsigned int, unsigned int, at::cuda::detail::TensorInfo<c10::BFloat16, unsigned int>, unsigned int, at::cuda::detail::TensorInfo<long, unsigned int>, unsigned int, c10::BFloat16*)",1458128699.4250193,5363165066.102526,0.048394880294799804,677096415.9926031
b200,NVIDIA B200,1024,32,3,fp32,32768,0.024166879653930665,0.007610295000000021,"void at::native::sbtopk::gatherTopK<float, unsigned int, 2, false>(at::cuda::detail::TensorInfo<float const, unsigned int>, unsigned int, unsigned int, bool, unsigned int, unsigned int, at::cuda::detail::TensorInfo<float, unsigned int>, unsigned int, at::cuda::detail::TensorInfo<long, unsigned int>, unsigned int, float*)",1355905291.4251754,4305746360.6864,0.04824111938476563,679254553.3333544
b200,NVIDIA B200,1024,32,3,bf16,32768,0.02376879930496216,0.006067210000000057,"void at::native::sbtopk::gatherTopK<c10::BFloat16, unsigned int, 2, false>(at::cuda::detail::TensorInfo<c10::BFloat16 const, unsigned int>, unsigned int, unsigned int, bool, unsigned int, unsigned int, at::cuda::detail::TensorInfo<c10::BFloat16, unsigned int>, unsigned int, at::cuda::detail::TensorInfo<long, unsigned int>, unsigned int, c10::BFloat16*)",1378614021.6665928,5400834980.163814,0.04768511772155762,687174564.4278059
b200,NVIDIA B200,1024,32,4,fp32,32768,0.02413503885269165,0.006572309999999984,"void at::native::sbtopk::gatherTopK<float, unsigned int, 2, false>(at::cuda::detail::TensorInfo<float const, unsigned int>, unsigned int, unsigned int, bool, unsigned int, unsigned int, at::cuda::detail::TensorInfo<float, unsigned int>, unsigned int, at::cuda::detail::TensorInfo<long, unsigned int>, unsigned int, float*)",1357694106.0671034,4985766039.642086,0.04696576118469238,697699753.4680673
b200,NVIDIA B200,1024,32,4,bf16,32768,0.0236407995223999,0.0058535950000000074,"void at::native::sbtopk::gatherTopK<c10::BFloat16, unsigned int, 2, false>(at::cuda::detail::TensorInfo<c10::BFloat16 const, unsigned int>, unsigned int, unsigned int, bool, unsigned int, unsigned int, at::cuda::detail::TensorInfo<c10::BFloat16, unsigned int>, unsigned int, at::cuda::detail::TensorInfo<long, unsigned int>, unsigned int, c10::BFloat16*)",1386078333.304759,5597927427.503945,0.04742544174194336,690937159.3901206
b200,NVIDIA B200,1024,32,8,fp32,32768,0.02365855932235718,0.0071715400000000006,"void at::native::sbtopk::gatherTopK<float, unsigned int, 2, false>(at::cuda::detail::TensorInfo<float const, unsigned int>, unsigned int, unsigned int, bool, unsigned int, unsigned int, at::cuda::detail::TensorInfo<float, unsigned int>, unsigned int, at::cuda::detail::TensorInfo<long, unsigned int>, unsigned int, float*)",1385037844.1697617,4569172032.785148,0.04745696067810059,690478267.7142885
b200,NVIDIA B200,1024,32,8,bf16,32768,0.02374608039855957,0.005934545000000002,"void at::native::sbtopk::gatherTopK<c10::BFloat16, unsigned int, 2, false>(at::cuda::detail::TensorInfo<c10::BFloat16 const, unsigned int>, unsigned int, unsigned int, bool, unsigned int, unsigned int, at::cuda::detail::TensorInfo<c10::BFloat16, unsigned int>, unsigned int, at::cuda::detail::TensorInfo<long, unsigned int>, unsigned int, c10::BFloat16*)",1379933001.5739226,5521569050.365274,0.047413601875305175,691109696.4575229
b200,NVIDIA B200,1024,64,1,fp32,65536,0.011854720115661622,0.007316979999999998,"void at::native::sbtopk::gatherTopK<float, unsigned int, 2, false>(at::cuda::detail::TensorInfo<float const, unsigned int>, unsigned int, unsigned int, bool, unsigned int, unsigned int, at::cuda::detail::TensorInfo<float, unsigned int>, unsigned int, at::cuda::detail::TensorInfo<long, unsigned int>, unsigned int, float*)",5528262106.620168,8956700715.322445,0.047256479263305666,1386815120.8396995
b200,NVIDIA B200,1024,64,1,bf16,65536,0.011892800331115722,0.006529585000000002,"void at::native::sbtopk::gatherTopK<c10::BFloat16, unsigned int, 2, false>(at::cuda::detail::TensorInfo<c10::BFloat16 const, unsigned int>, unsigned int, unsigned int, bool, unsigned int, unsigned int, at::cuda::detail::TensorInfo<c10::BFloat16, unsigned int>, unsigned int, at::cuda::detail::TensorInfo<long, unsigned int>, unsigned int, c10::BFloat16*)",5510560858.2812,10036778753.933058,0.04746767997741699,1380644683.52317
b200,NVIDIA B200,1024,64,2,fp32,65536,0.023474879264831543,0.007275379999999996,"void at::native::sbtopk::gatherTopK<float, unsigned int, 2, false>(at::cuda::detail::TensorInfo<float const, unsigned int>, unsigned int, unsigned int, bool, unsigned int, unsigned int, at::cuda::detail::TensorInfo<float, unsigned int>, unsigned int, at::cuda::detail::TensorInfo<long, unsigned int>, unsigned int, float*)",2791750247.601126,9007914363.236015,0.04741487979888916,1382182139.4037442
b200,NVIDIA B200,1024,64,2,bf16,65536,0.023941919803619385,0.006796150000000023,"void at::native::sbtopk::gatherTopK<c10::BFloat16, unsigned int, 2, false>(at::cuda::detail::TensorInfo<c10::BFloat16 const, unsigned int>, unsigned int, unsigned int, bool, unsigned int, unsigned int, at::cuda::detail::TensorInfo<c10::BFloat16, unsigned int>, unsigned int, at::cuda::detail::TensorInfo<long, unsigned int>, unsigned int, c10::BFloat16*)",2737290933.122777,9643106758.973799,0.04784800052642822,1369670608.5722861
b200,NVIDIA B200,1024,64,3,fp32,65536,0.023558878898620607,0.007423634999999983,"void at::native::sbtopk::gatherTopK<float, unsigned int, 2, false>(at::cuda::detail::TensorInfo<float const, unsigned int>, unsigned int, unsigned int, bool, unsigned int, unsigned int, at::cuda::detail::TensorInfo<float, unsigned int>, unsigned int, at::cuda::detail::TensorInfo<long, unsigned int>, unsigned int, float*)",2781796208.6403522,8828020235.369888,0.04797440052032471,1366061884.8636825
b200,NVIDIA B200,1024,64,3,bf16,65536,0.023783679008483886,0.006816954999999981,"void at::native::sbtopk::gatherTopK<c10::BFloat16, unsigned int, 2, false>(at::cuda::detail::TensorInfo<c10::BFloat16 const, unsigned int>, unsigned int, unsigned int, bool, unsigned int, unsigned int, at::cuda::detail::TensorInfo<c10::BFloat16, unsigned int>, unsigned int, at::cuda::detail::TensorInfo<long, unsigned int>, unsigned int, c10::BFloat16*)",2755503047.9776754,9613676487.52268,0.04865424156188965,1346974033.4280262
b200,NVIDIA B200,1024,64,4,fp32,65536,0.023757920265197754,0.007499359999999992,"void at::native::sbtopk::gatherTopK<float, unsigned int, 2, false>(at::cuda::detail::TensorInfo<float const, unsigned int>, unsigned int, unsigned int, bool, unsigned int, unsigned int, at::cuda::detail::TensorInfo<float, unsigned int>, unsigned int, at::cuda::detail::TensorInfo<long, unsigned int>, unsigned int, float*)",2758490611.4868,8738879051.012363,0.04775824069976806,1372244853.238873
b200,NVIDIA B200,1024,64,4,bf16,65536,0.02368000030517578,0.006639825000000021,"void at::native::sbtopk::gatherTopK<c10::BFloat16, unsigned int, 2, false>(at::cuda::detail::TensorInfo<c10::BFloat16 const, unsigned int>, unsigned int, unsigned int, bool, unsigned int, unsigned int, at::cuda::detail::TensorInfo<c10::BFloat16, unsigned int>, unsigned int, at::cuda::detail::TensorInfo<long, unsigned int>, unsigned int, c10::BFloat16*)",2767567531.9005666,9870139649.764835,0.048040637969970705,1364178386.6601713
b200,NVIDIA B200,1024,64,8,fp32,65536,0.023635358810424806,0.007809635000000022,"void at::native::sbtopk::gatherTopK<float, unsigned int, 2, false>(at::cuda::detail::TensorInfo<float const, unsigned int>, unsigned int, unsigned int, bool, unsigned int, unsigned int, at::cuda::detail::TensorInfo<float, unsigned int>, unsigned int, at::cuda::detail::TensorInfo<long, unsigned int>, unsigned int, float*)",2772794799.7596784,8391685398.869451,0.047522878646850585,1379041040.1484206
b200,NVIDIA B200,1024,64,8,bf16,65536,0.023852479457855225,0.006608155000000018,"void at::native::sbtopk::gatherTopK<c10::BFloat16, unsigned int, 2, false>(at::cuda::detail::TensorInfo<c10::BFloat16 const, unsigned int>, unsigned int, unsigned int, bool, unsigned int, unsigned int, at::cuda::detail::TensorInfo<c10::BFloat16, unsigned int>, unsigned int, at::cuda::detail::TensorInfo<long, unsigned int>, unsigned int, c10::BFloat16*)",2747555033.6724987,9917442917.12283,0.047951040267944334,1366727387.639416
b200,NVIDIA B200,1024,128,1,fp32,131072,0.011902400255203248,0.008761164999999979,"void at::native::sbtopk::gatherTopK<float, unsigned int, 2, false>(at::cuda::detail::TensorInfo<float const, unsigned int>, unsigned int, unsigned int, bool, unsigned int, unsigned int, at::cuda::detail::TensorInfo<float, unsigned int>, unsigned int, at::cuda::detail::TensorInfo<long, unsigned int>, unsigned int, float*)",11012232590.875998,14960567458.779776,0.04741312026977539,2764466866.0112405
b200,NVIDIA B200,1024,128,1,bf16,131072,0.011952159404754638,0.008739074999999973,"void at::native::sbtopk::gatherTopK<c10::BFloat16, unsigned int, 2, false>(at::cuda::detail::TensorInfo<c10::BFloat16 const, unsigned int>, unsigned int, unsigned int, bool, unsigned int, unsigned int, at::cuda::detail::TensorInfo<c10::BFloat16, unsigned int>, unsigned int, at::cuda::detail::TensorInfo<long, unsigned int>, unsigned int, c10::BFloat16*)",10966386538.306944,14998383696.215034,0.047561120986938474,2755864396.804184
b200,NVIDIA B200,1024,128,2,fp32,131072,0.023568799495697023,0.009703360000000024,"void at::native::sbtopk::gatherTopK<float, unsigned int, 2, false>(at::cuda::detail::TensorInfo<float const, unsigned int>, unsigned int, unsigned int, bool, unsigned int, unsigned int, at::cuda::detail::TensorInfo<float, unsigned int>, unsigned int, at::cuda::detail::TensorInfo<long, unsigned int>, unsigned int, float*)",5561250585.713113,13507898295.023546,0.0479699182510376,2732379057.101372
b200,NVIDIA B200,1024,128,2,bf16,131072,0.023996961116790772,0.008959210000000002,"void at::native::sbtopk::gatherTopK<c10::BFloat16, unsigned int, 2, false>(at::cuda::detail::TensorInfo<c10::BFloat16 const, unsigned int>, unsigned int, unsigned int, bool, unsigned int, unsigned int, at::cuda::detail::TensorInfo<c10::BFloat16, unsigned int>, unsigned int, at::cuda::detail::TensorInfo<long, unsigned int>, unsigned int, c10::BFloat16*)",5462024935.6610565,14629861338.220665,0.04786111831665039,2738590417.650174
b200,NVIDIA B200,1024,128,3,fp32,131072,0.023643839359283447,0.010104315000000027,"void at::native::sbtopk::gatherTopK<float, unsigned int, 2, false>(at::cuda::detail::TensorInfo<float const, unsigned int>, unsigned int, unsigned int, bool, unsigned int, unsigned int, at::cuda::detail::TensorInfo<float, unsigned int>, unsigned int, at::cuda::detail::TensorInfo<long, unsigned int>, unsigned int, float*)",5543600512.940226,12971883794.20076,0.04768991947174072,2748421499.802876
b200,NVIDIA B200,1024,128,3,bf16,131072,0.02350528001785278,0.008953124999999978,"void at::native::sbtopk::gatherTopK<c10::BFloat16, unsigned int, 2, false>(at::cuda::detail::TensorInfo<c10::BFloat16 const, unsigned int>, unsigned int, unsigned int, bool, unsigned int, unsigned int, at::cuda::detail::TensorInfo<c10::BFloat16, unsigned int>, unsigned int, at::cuda::detail::TensorInfo<long, unsigned int>, unsigned int, c10::BFloat16*)",5576279027.5396805,14639804537.52185,0.04888735771179199,2681102152.681581
b200,NVIDIA B200,1024,128,4,fp32,131072,0.023841118812561034,0.009247994999999986,"void at::native::sbtopk::gatherTopK<float, unsigned int, 2, false>(at::cuda::detail::TensorInfo<float const, unsigned int>, unsigned int, unsigned int, bool, unsigned int, unsigned int, at::cuda::detail::TensorInfo<float, unsigned int>, unsigned int, at::cuda::detail::TensorInfo<long, unsigned int>, unsigned int, float*)",5497728568.465623,14173018043.370502,0.049705920219421384,2636949470.433238
b200,NVIDIA B200,1024,128,4,bf16,131072,0.023967521190643312,0.009027199999999989,"void at::native::sbtopk::gatherTopK<c10::BFloat16, unsigned int, 2, false>(at::cuda::detail::TensorInfo<c10::BFloat16 const, unsigned int>, unsigned int, unsigned int, bool, unsigned int, unsigned int, at::cuda::detail::TensorInfo<c10::BFloat16, unsigned int>, unsigned int, at::cuda::detail::TensorInfo<long, unsigned int>, unsigned int, c10::BFloat16*)",5468734082.153194,14519673874.512602,0.04793615818023682,2734303393.8426576
b200,NVIDIA B200,1024,128,8,fp32,131072,0.023739840984344483,0.009431395000000007,"void at::native::sbtopk::gatherTopK<float, unsigned int, 2, false>(at::cuda::detail::TensorInfo<float const, unsigned int>, unsigned int, unsigned int, bool, unsigned int, unsigned int, at::cuda::detail::TensorInfo<float, unsigned int>, unsigned int, at::cuda::detail::TensorInfo<long, unsigned int>, unsigned int, float*)",5521182727.653357,13897413903.24548,0.04867280006408691,2692920888.615798
b200,NVIDIA B200,1024,128,8,bf16,131072,0.023683838844299317,0.008760775000000012,"void at::native::sbtopk::gatherTopK<c10::BFloat16, unsigned int, 2, false>(at::cuda::detail::TensorInfo<c10::BFloat16 const, unsigned int>, unsigned int, unsigned int, bool, unsigned int, unsigned int, at::cuda::detail::TensorInfo<c10::BFloat16, unsigned int>, unsigned int, at::cuda::detail::TensorInfo<long, unsigned int>, unsigned int, c10::BFloat16*)",5534237961.239503,14961233452.519875,0.04836719989776611,2709935664.604262
b200,NVIDIA B200,1024,256,1,fp32,262144,0.01627295970916748,0.014024550000000009,"void at::native::sbtopk::gatherTopK<float, unsigned int, 2, false>(at::cuda::detail::TensorInfo<float const, unsigned int>, unsigned int, unsigned int, bool, unsigned int, unsigned int, at::cuda::detail::TensorInfo<float, unsigned int>, unsigned int, at::cuda::detail::TensorInfo<long, unsigned int>, unsigned int, float*)",16109177720.898516,18691794032.607094,0.0486243200302124,5391211637.244871
b200,NVIDIA B200,1024,256,1,bf16,262144,0.015811359882354735,0.014001310000000006,"void at::native::sbtopk::gatherTopK<c10::BFloat16, unsigned int, 2, false>(at::cuda::detail::TensorInfo<c10::BFloat16 const, unsigned int>, unsigned int, unsigned int, bool, unsigned int, unsigned int, at::cuda::detail::TensorInfo<c10::BFloat16, unsigned int>, unsigned int, at::cuda::detail::TensorInfo<long, unsigned int>, unsigned int, c10::BFloat16*)",16579472097.940744,18722819507.603207,0.04808271884918213,5451937957.631924
b200,NVIDIA B200,1024,256,2,fp32,262144,0.02360352039337158,0.015780819999999994,"void at::native::sbtopk::gatherTopK<float, unsigned int, 2, false>(at::cuda::detail::TensorInfo<float const, unsigned int>, unsigned int, unsigned int, bool, unsigned int, unsigned int, at::cuda::detail::TensorInfo<float, unsigned int>, unsigned int, at::cuda::detail::TensorInfo<long, unsigned int>, unsigned int, float*)",11106139916.044733,16611557574.32124,0.048649439811706545,5388427924.650432
b200,NVIDIA B200,1024,256,2,bf16,262144,0.02398672103881836,0.014804170000000004,"void at::native::sbtopk::gatherTopK<c10::BFloat16, unsigned int, 2, false>(at::cuda::detail::TensorInfo<c10::BFloat16 const, unsigned int>, unsigned int, unsigned int, bool, unsigned int, unsigned int, at::cuda::detail::TensorInfo<c10::BFloat16, unsigned int>, unsigned int, at::cuda::detail::TensorInfo<long, unsigned int>, unsigned int, c10::BFloat16*)",10928713415.050156,17707443240.654488,0.04825007915496826,5433027356.453721
b200,NVIDIA B200,1024,256,3,fp32,262144,0.023905279636383055,0.01574188999999998,"void at::native::sbtopk::gatherTopK<float, unsigned int, 2, false>(at::cuda::detail::TensorInfo<float const, unsigned int>, unsigned int, unsigned int, bool, unsigned int, unsigned int, at::cuda::detail::TensorInfo<float, unsigned int>, unsigned int, at::cuda::detail::TensorInfo<long, unsigned int>, unsigned int, float*)",10965945765.429382,16652638279.139309,0.04847311973571777,5408028231.507395
b200,NVIDIA B200,1024,256,3,bf16,262144,0.023828320503234864,0.015185080000000023,"void at::native::sbtopk::gatherTopK<c10::BFloat16, unsigned int, 2, false>(at::cuda::detail::TensorInfo<c10::BFloat16 const, unsigned int>, unsigned int, unsigned int, bool, unsigned int, unsigned int, at::cuda::detail::TensorInfo<c10::BFloat16, unsigned int>, unsigned int, at::cuda::detail::TensorInfo<long, unsigned int>, unsigned int, c10::BFloat16*)",11001362851.587132,17263261043.07647,0.04845920085906982,5409581572.803342
b200,NVIDIA B200,1024,256,4,fp32,262144,0.024633278846740724,0.016295679999999986,"void at::native::sbtopk::gatherTopK<float, unsigned int, 2, false>(at::cuda::detail::TensorInfo<float const, unsigned int>, unsigned int, unsigned int, bool, unsigned int, unsigned int, at::cuda::detail::TensorInfo<float, unsigned int>, unsigned int, at::cuda::detail::TensorInfo<long, unsigned int>, unsigned int, float*)",10641863863.554842,16086717461.314915,0.04835216045379639,5421557124.639664
b200,NVIDIA B200,1024,256,4,bf16,262144,0.023597280979156494,0.015085135000000006,"void at::native::sbtopk::gatherTopK<c10::BFloat16, unsigned int, 2, false>(at::cuda::detail::TensorInfo<c10::BFloat16 const, unsigned int>, unsigned int, unsigned int, bool, unsigned int, unsigned int, at::cuda::detail::TensorInfo<c10::BFloat16, unsigned int>, unsigned int, at::cuda::detail::TensorInfo<long, unsigned int>, unsigned int, c10::BFloat16*)",11109076517.398428,17377636991.64773,0.04866176128387451,5387063539.906622
b200,NVIDIA B200,1024,256,8,fp32,262144,0.024197280406951904,0.015986879999999995,"void at::native::sbtopk::gatherTopK<float, unsigned int, 2, false>(at::cuda::detail::TensorInfo<float const, unsigned int>, unsigned int, unsigned int, bool, unsigned int, unsigned int, at::cuda::detail::TensorInfo<float, unsigned int>, unsigned int, at::cuda::detail::TensorInfo<long, unsigned int>, unsigned int, float*)",10833614174.45432,16397445905.642632,0.04810783863067627,5449091197.226271
b200,NVIDIA B200,1024,256,8,bf16,262144,0.0235479998588562,0.015033825000000004,"void at::native::sbtopk::gatherTopK<c10::BFloat16, unsigned int, 2, false>(at::cuda::detail::TensorInfo<c10::BFloat16 const, unsigned int>, unsigned int, unsigned int, bool, unsigned int, unsigned int, at::cuda::detail::TensorInfo<c10::BFloat16, unsigned int>, unsigned int, at::cuda::detail::TensorInfo<long, unsigned int>, unsigned int, c10::BFloat16*)",11132325529.610104,17436946352.641457,0.04899472236633301,5350453831.332121
b200,NVIDIA B200,2048,32,1,fp32,65536,0.01188256025314331,0.007157094999999998,"void at::native::sbtopk::gatherTopK<float, unsigned int, 2, false>(at::cuda::detail::TensorInfo<float const, unsigned int>, unsigned int, unsigned int, bool, unsigned int, unsigned int, at::cuda::detail::TensorInfo<float, unsigned int>, unsigned int, at::cuda::detail::TensorInfo<long, unsigned int>, unsigned int, float*)",5515309714.727823,9156787774.928238,0.048644638061523436,1347239955.1439395
b200,NVIDIA B200,2048,32,1,bf16,65536,0.011889599561691284,0.006392179999999997,"void at::native::sbtopk::gatherTopK<c10::BFloat16, unsigned int, 2, false>(at::cuda::detail::TensorInfo<c10::BFloat16 const, unsigned int>, unsigned int, unsigned int, bool, unsigned int, unsigned int, at::cuda::detail::TensorInfo<c10::BFloat16, unsigned int>, unsigned int, at::cuda::detail::TensorInfo<long, unsigned int>, unsigned int, c10::BFloat16*)",5512044342.616832,10252527306.803003,0.04902944087982178,1336666272.8346868
b200,NVIDIA B200,2048,32,2,fp32,65536,0.023949599266052245,0.00821664,"void at::native::sbtopk::gatherTopK<float, unsigned int, 2, false>(at::cuda::detail::TensorInfo<float const, unsigned int>, unsigned int, unsigned int, bool, unsigned int, unsigned int, at::cuda::detail::TensorInfo<float, unsigned int>, unsigned int, at::cuda::detail::TensorInfo<long, unsigned int>, unsigned int, float*)",2736413218.1073728,7976009658.449195,0.048311681747436525,1356524915.4978428
b200,NVIDIA B200,2048,32,2,bf16,65536,0.024407520294189453,0.0066381149999999705,"void at::native::sbtopk::gatherTopK<c10::BFloat16, unsigned int, 2, false>(at::cuda::detail::TensorInfo<c10::BFloat16 const, unsigned int>, unsigned int, unsigned int, bool, unsigned int, unsigned int, at::cuda::detail::TensorInfo<c10::BFloat16, unsigned int>, unsigned int, at::cuda::detail::TensorInfo<long, unsigned int>, unsigned int, c10::BFloat16*)",2685074075.943788,9872682229.819805,0.04847887992858887,1351846414.2846715
b200,NVIDIA B200,2048,32,3,fp32,65536,0.023556640148162843,0.0076073799999999666,"void at::native::sbtopk::gatherTopK<float, unsigned int, 2, false>(at::cuda::detail::TensorInfo<float const, unsigned int>, unsigned int, unsigned int, bool, unsigned int, unsigned int, at::cuda::detail::TensorInfo<float, unsigned int>, unsigned int, at::cuda::detail::TensorInfo<long, unsigned int>, unsigned int, float*)",2782060581.976122,8614792477.830776,0.04850351810455322,1351159721.2130446
b200,NVIDIA B200,2048,32,3,bf16,65536,0.024775519371032714,0.006722209999999962,"void at::native::sbtopk::gatherTopK<c10::BFloat16, unsigned int, 2, false>(at::cuda::detail::TensorInfo<c10::BFloat16 const, unsigned int>, unsigned int, unsigned int, bool, unsigned int, unsigned int, at::cuda::detail::TensorInfo<c10::BFloat16, unsigned int>, unsigned int, at::cuda::detail::TensorInfo<long, unsigned int>, unsigned int, c10::BFloat16*)",2645191772.513315,9749174750.565718,0.05401968002319336,1213187489.6678786
b200,NVIDIA B200,2048,32,4,fp32,65536,0.023945279121398926,0.007305925000000042,"void at::native::sbtopk::gatherTopK<float, unsigned int, 2, false>(at::cuda::detail::TensorInfo<float const, unsigned int>, unsigned int, unsigned int, bool, unsigned int, unsigned int, at::cuda::detail::TensorInfo<float, unsigned int>, unsigned int, at::cuda::detail::TensorInfo<long, unsigned int>, unsigned int, float*)",2736906914.6257367,8970253595.540554,0.04849599838256836,1351369230.1581028
b200,NVIDIA B200,2048,32,4,bf16,65536,0.023789920806884766,0.006508999999999976,"void at::native::sbtopk::gatherTopK<c10::BFloat16, unsigned int, 2, false>(at::cuda::detail::TensorInfo<c10::BFloat16 const, unsigned int>, unsigned int, unsigned int, bool, unsigned int, unsigned int, at::cuda::detail::TensorInfo<c10::BFloat16, unsigned int>, unsigned int, at::cuda::detail::TensorInfo<long, unsigned int>, unsigned int, c10::BFloat16*)",2754780082.371438,10068520510.063026,0.048507041931152343,1351061565.308753
b200,NVIDIA B200,2048,32,8,fp32,65536,0.023703839778900147,0.007843855000000026,"void at::native::sbtopk::gatherTopK<float, unsigned int, 2, false>(at::cuda::detail::TensorInfo<float const, unsigned int>, unsigned int, unsigned int, bool, unsigned int, unsigned int, at::cuda::detail::TensorInfo<float, unsigned int>, unsigned int, at::cuda::detail::TensorInfo<long, unsigned int>, unsigned int, float*)",2764784128.2802014,8355075406.161865,0.049022560119628904,1336853886.0490687
b200,NVIDIA B200,2048,32,8,bf16,65536,0.024351520538330076,0.006548205000000023,"void at::native::sbtopk::gatherTopK<c10::BFloat16, unsigned int, 2, false>(at::cuda::detail::TensorInfo<c10::BFloat16 const, unsigned int>, unsigned int, unsigned int, bool, unsigned int, unsigned int, at::cuda::detail::TensorInfo<c10::BFloat16, unsigned int>, unsigned int, at::cuda::detail::TensorInfo<long, unsigned int>, unsigned int, c10::BFloat16*)",2691248782.4669604,10008238899.057034,0.04907616138458252,1335393766.566845
b200,NVIDIA B200,2048,64,1,fp32,131072,0.011898239850997925,0.008453935000000025,"void at::native::sbtopk::gatherTopK<float, unsigned int, 2, false>(at::cuda::detail::TensorInfo<float const, unsigned int>, unsigned int, unsigned int, bool, unsigned int, unsigned int, at::cuda::detail::TensorInfo<float, unsigned int>, unsigned int, at::cuda::detail::TensorInfo<long, unsigned int>, unsigned int, float*)",11016083188.893421,15504259259.149687,0.04862751960754395,2695428454.049008
b200,NVIDIA B200,2048,64,1,bf16,131072,0.012006239891052246,0.008222135,"void at::native::sbtopk::gatherTopK<c10::BFloat16, unsigned int, 2, false>(at::cuda::detail::TensorInfo<c10::BFloat16 const, unsigned int>, unsigned int, unsigned int, bool, unsigned int, unsigned int, at::cuda::detail::TensorInfo<c10::BFloat16, unsigned int>, unsigned int, at::cuda::detail::TensorInfo<long, unsigned int>, unsigned int, c10::BFloat16*)",10916989931.017666,15941358296.841393,0.04805823802947998,2727357584.762004
b200,NVIDIA B200,2048,64,2,fp32,131072,0.023615999221801756,0.009691584999999997,"void at::native::sbtopk::gatherTopK<float, unsigned int, 2, false>(at::cuda::detail::TensorInfo<float const, unsigned int>, unsigned int, unsigned int, bool, unsigned int, unsigned int, at::cuda::detail::TensorInfo<float, unsigned int>, unsigned int, at::cuda::detail::TensorInfo<long, unsigned int>, unsigned int, float*)",5550135684.24398,13524310007.083467,0.048670082092285155,2693071274.2885766
b200,NVIDIA B200,2048,64,2,bf16,131072,0.02453632116317749,0.008813934999999985,"void at::native::sbtopk::gatherTopK<c10::BFloat16, unsigned int, 2, false>(at::cuda::detail::TensorInfo<c10::BFloat16 const, unsigned int>, unsigned int, unsigned int, bool, unsigned int, unsigned int, at::cuda::detail::TensorInfo<c10::BFloat16, unsigned int>, unsigned int, at::cuda::detail::TensorInfo<long, unsigned int>, unsigned int, c10::BFloat16*)",5341958117.042596,14870996892.988232,0.04882512092590332,2684519720.881265
b200,NVIDIA B200,2048,64,3,fp32,131072,0.02388063907623291,0.00950382000000002,"void at::native::sbtopk::gatherTopK<float, unsigned int, 2, false>(at::cuda::detail::TensorInfo<float const, unsigned int>, unsigned int, unsigned int, bool, unsigned int, unsigned int, at::cuda::detail::TensorInfo<float, unsigned int>, unsigned int, at::cuda::detail::TensorInfo<long, unsigned int>, unsigned int, float*)",5488630332.780699,13791506994.02974,0.048632478713989256,2695153598.2947297
b200,NVIDIA B200,2048,64,3,bf16,131072,0.02359663963317871,0.00877188999999999,"void at::native::sbtopk::gatherTopK<c10::BFloat16, unsigned int, 2, false>(at::cuda::detail::TensorInfo<c10::BFloat16 const, unsigned int>, unsigned int, unsigned int, bool, unsigned int, unsigned int, at::cuda::detail::TensorInfo<c10::BFloat16, unsigned int>, unsigned int, at::cuda::detail::TensorInfo<long, unsigned int>, unsigned int, c10::BFloat16*)",5554689228.533311,14942275837.93232,0.052855520248413085,2479816665.959981
b200,NVIDIA B200,2048,64,4,fp32,131072,0.11314479827880859,0.009772804999999976,"void at::native::sbtopk::gatherTopK<float, unsigned int, 2, false>(at::cuda::detail::TensorInfo<float const, unsigned int>, unsigned int, unsigned int, bool, unsigned int, unsigned int, at::cuda::detail::TensorInfo<float, unsigned int>, unsigned int, at::cuda::detail::TensorInfo<long, unsigned int>, unsigned int, float*)",1158444771.601569,13411911933.165588,0.04928048133850098,2659714281.191454
b200,NVIDIA B200,2048,64,4,bf16,131072,0.023974881172180176,0.008762245000000009,"void at::native::sbtopk::gatherTopK<c10::BFloat16, unsigned int, 2, false>(at::cuda::detail::TensorInfo<c10::BFloat16 const, unsigned int>, unsigned int, unsigned int, bool, unsigned int, unsigned int, at::cuda::detail::TensorInfo<c10::BFloat16, unsigned int>, unsigned int, at::cuda::detail::TensorInfo<long, unsigned int>, unsigned int, c10::BFloat16*)",5467055250.81361,14958723477.830153,0.04826335906982422,2715766215.326491
b200,NVIDIA B200,2048,64,8,fp32,131072,0.023639678955078125,0.010124954999999993,"void at::native::sbtopk::gatherTopK<float, unsigned int, 2, false>(at::cuda::detail::TensorInfo<float const, unsigned int>, unsigned int, unsigned int, bool, unsigned int, unsigned int, at::cuda::detail::TensorInfo<float, unsigned int>, unsigned int, at::cuda::detail::TensorInfo<long, unsigned int>, unsigned int, float*)",5544576144.58609,12945440251.3394,0.048978719711303714,2676100983.70436
b200,NVIDIA B200,2048,64,8,bf16,131072,0.023805921077728272,0.008748835000000012,"void at::native::sbtopk::gatherTopK<c10::BFloat16, unsigned int, 2, false>(at::cuda::detail::TensorInfo<c10::BFloat16 const, unsigned int>, unsigned int, unsigned int, bool, unsigned int, unsigned int, at::cuda::detail::TensorInfo<c10::BFloat16, unsigned int>, unsigned int, at::cuda::detail::TensorInfo<long, unsigned int>, unsigned int, c10::BFloat16*)",5505857117.312925,14981651842.788189,0.05179376125335693,2530652279.8922
b200,NVIDIA B200,2048,128,1,fp32,262144,0.01546623945236206,0.013864934999999981,"void at::native::sbtopk::gatherTopK<float, unsigned int, 2, false>(at::cuda::detail::TensorInfo<float const, unsigned int>, unsigned int, unsigned int, bool, unsigned int, unsigned int, at::cuda::detail::TensorInfo<float, unsigned int>, unsigned int, at::cuda::detail::TensorInfo<long, unsigned int>, unsigned int, float*)",16949433687.965075,18906976484.2028,0.048150401115417484,5444274480.11566
b200,NVIDIA B200,2048,128,1,bf16,262144,0.01442944049835205,0.013491224999999987,"void at::native::sbtopk::gatherTopK<c10::BFloat16, unsigned int, 2, false>(at::cuda::detail::TensorInfo<c10::BFloat16 const, unsigned int>, unsigned int, unsigned int, bool, unsigned int, unsigned int, at::cuda::detail::TensorInfo<c10::BFloat16, unsigned int>, unsigned int, at::cuda::detail::TensorInfo<long, unsigned int>, unsigned int, c10::BFloat16*)",18167301776.52687,19430704031.694695,0.048024320602416994,5458567590.580483
b200,NVIDIA B200,2048,128,2,fp32,262144,0.023556480407714842,0.014580974999999956,"void at::native::sbtopk::gatherTopK<float, unsigned int, 2, false>(at::cuda::detail::TensorInfo<float const, unsigned int>, unsigned int, unsigned int, bool, unsigned int, unsigned int, at::cuda::detail::TensorInfo<float, unsigned int>, unsigned int, at::cuda::detail::TensorInfo<long, unsigned int>, unsigned int, float*)",11128317790.383778,17978495951.05957,0.07655424118041992,3424291011.9400134
b200,NVIDIA B200,2048,128,2,bf16,262144,0.024654080867767336,0.014437459999999992,"void at::native::sbtopk::gatherTopK<c10::BFloat16, unsigned int, 2, false>(at::cuda::detail::TensorInfo<c10::BFloat16 const, unsigned int>, unsigned int, unsigned int, bool, unsigned int, unsigned int, at::cuda::detail::TensorInfo<c10::BFloat16, unsigned int>, unsigned int, at::cuda::detail::TensorInfo<long, unsigned int>, unsigned int, c10::BFloat16*)",10632884730.362274,18157210478.85155,0.05688591957092285,4608240527.309583
b200,NVIDIA B200,2048,128,3,fp32,262144,0.024482879638671875,0.014988909999999946,"void at::native::sbtopk::gatherTopK<float, unsigned int, 2, false>(at::cuda::detail::TensorInfo<float const, unsigned int>, unsigned int, unsigned int, bool, unsigned int, unsigned int, at::cuda::detail::TensorInfo<float, unsigned int>, unsigned int, at::cuda::detail::TensorInfo<long, unsigned int>, unsigned int, float*)",10707237215.099937,17489197012.99167,0.04856847763061523,5397410270.78759
b200,NVIDIA B200,2048,128,3,bf16,262144,0.024066879749298095,0.014644029999999997,"void at::native::sbtopk::gatherTopK<c10::BFloat16, unsigned int, 2, false>(at::cuda::detail::TensorInfo<c10::BFloat16 const, unsigned int>, unsigned int, unsigned int, bool, unsigned int, unsigned int, at::cuda::detail::TensorInfo<c10::BFloat16, unsigned int>, unsigned int, at::cuda::detail::TensorInfo<long, unsigned int>, unsigned int, c10::BFloat16*)",10892313533.400414,17901083240.064384,0.0483515214920044,5421628770.117383
b200,NVIDIA B200,2048,128,4,fp32,262144,0.02443007946014404,0.015138475000000018,"void at::native::sbtopk::gatherTopK<float, unsigned int, 2, false>(at::cuda::detail::TensorInfo<float const, unsigned int>, unsigned int, unsigned int, bool, unsigned int, unsigned int, at::cuda::detail::TensorInfo<float, unsigned int>, unsigned int, at::cuda::detail::TensorInfo<long, unsigned int>, unsigned int, float*)",10730378524.87011,17316407365.999527,0.06916624069213867,3790057076.64252
b200,NVIDIA B200,2048,128,4,bf16,262144,0.023659679889678955,0.01459470000000003,"void at::native::sbtopk::gatherTopK<c10::BFloat16, unsigned int, 2, false>(at::cuda::detail::TensorInfo<c10::BFloat16 const, unsigned int>, unsigned int, unsigned int, bool, unsigned int, unsigned int, at::cuda::detail::TensorInfo<c10::BFloat16, unsigned int>, unsigned int, at::cuda::detail::TensorInfo<long, unsigned int>, unsigned int, c10::BFloat16*)",11079777969.200459,17961588795.93273,0.05519328117370605,4749563614.001713
b200,NVIDIA B200,2048,128,8,fp32,262144,0.024164960384368897,0.015027565000000012,"void at::native::sbtopk::gatherTopK<float, unsigned int, 2, false>(at::cuda::detail::TensorInfo<float const, unsigned int>, unsigned int, unsigned int, bool, unsigned int, unsigned int, at::cuda::detail::TensorInfo<float, unsigned int>, unsigned int, at::cuda::detail::TensorInfo<long, unsigned int>, unsigned int, float*)",10848103859.072239,17444210023.380356,0.04804080009460449,5456695131.716626
b200,NVIDIA B200,2048,128,8,bf16,262144,0.023664801120758056,0.014288635000000013,"void at::native::sbtopk::gatherTopK<c10::BFloat16, unsigned int, 2, false>(at::cuda::detail::TensorInfo<c10::BFloat16 const, unsigned int>, unsigned int, unsigned int, bool, unsigned int, unsigned int, at::cuda::detail::TensorInfo<c10::BFloat16, unsigned int>, unsigned int, at::cuda::detail::TensorInfo<long, unsigned int>, unsigned int, c10::BFloat16*)",11077380226.536327,18346329093.016914,0.06299007892608642,4161671242.0316863
b200,NVIDIA B200,2048,256,1,fp32,524288,0.02479520082473755,0.023854600000000007,"void at::native::sbtopk::gatherTopK<float, unsigned int, 2, false>(at::cuda::detail::TensorInfo<float const, unsigned int>, unsigned int, unsigned int, bool, unsigned int, unsigned int, at::cuda::detail::TensorInfo<float, unsigned int>, unsigned int, at::cuda::detail::TensorInfo<long, unsigned int>, unsigned int, float*)",21144736987.850124,21978486329.68064,0.04957344055175781,10575985732.775803
b200,NVIDIA B200,2048,256,1,bf16,524288,0.025130879878997803,0.02404535,"void at::native::sbtopk::gatherTopK<c10::BFloat16, unsigned int, 2, false>(at::cuda::detail::TensorInfo<c10::BFloat16 const, unsigned int>, unsigned int, unsigned int, bool, unsigned int, unsigned int, at::cuda::detail::TensorInfo<c10::BFloat16, unsigned int>, unsigned int, at::cuda::detail::TensorInfo<long, unsigned int>, unsigned int, c10::BFloat16*)",20862301778.703503,21804132607.759922,0.04774400234222412,10981232705.250751
b200,NVIDIA B200,2048,256,2,fp32,524288,0.03339616060256958,0.026196860000000002,"void at::native::sbtopk::gatherTopK<float, unsigned int, 2, false>(at::cuda::detail::TensorInfo<float const, unsigned int>, unsigned int, unsigned int, bool, unsigned int, unsigned int, at::cuda::detail::TensorInfo<float, unsigned int>, unsigned int, at::cuda::detail::TensorInfo<long, unsigned int>, unsigned int, float*)",15699050146.490793,20013390917.842823,0.05297776222229004,9896378744.729414
b200,NVIDIA B200,2048,256,2,bf16,524288,0.03295792102813721,0.025670504999999982,"void at::native::sbtopk::gatherTopK<c10::BFloat16, unsigned int, 2, false>(at::cuda::detail::TensorInfo<c10::BFloat16 const, unsigned int>, unsigned int, unsigned int, bool, unsigned int, unsigned int, at::cuda::detail::TensorInfo<c10::BFloat16, unsigned int>, unsigned int, at::cuda::detail::TensorInfo<long, unsigned int>, unsigned int, c10::BFloat16*)",15907799510.54555,20423750915.690998,0.04786032199859619,10954543933.39389
b200,NVIDIA B200,2048,256,3,fp32,524288,0.034906558990478516,0.027138320000000018,"void at::native::sbtopk::gatherTopK<float, unsigned int, 2, false>(at::cuda::detail::TensorInfo<float const, unsigned int>, unsigned int, unsigned int, bool, unsigned int, unsigned int, at::cuda::detail::TensorInfo<float, unsigned int>, unsigned int, at::cuda::detail::TensorInfo<long, unsigned int>, unsigned int, float*)",15019756033.329165,19319103024.800343,0.05003615856170654,10478182479.844604
b200,NVIDIA B200,2048,256,3,bf16,524288,0.03315696001052856,0.02605055,"void at::native::sbtopk::gatherTopK<c10::BFloat16, unsigned int, 2, false>(at::cuda::detail::TensorInfo<c10::BFloat16 const, unsigned int>, unsigned int, unsigned int, bool, unsigned int, unsigned int, at::cuda::detail::TensorInfo<c10::BFloat16, unsigned int>, unsigned int, at::cuda::detail::TensorInfo<long, unsigned int>, unsigned int, c10::BFloat16*)",15812306068.877216,20125793889.188522,0.05506624221801758,9521041910.291346
b200,NVIDIA B200,2048,256,4,fp32,524288,0.034908640384674075,0.027352049999999985,"void at::native::sbtopk::gatherTopK<float, unsigned int, 2, false>(at::cuda::detail::TensorInfo<float const, unsigned int>, unsigned int, unsigned int, bool, unsigned int, unsigned int, at::cuda::detail::TensorInfo<float, unsigned int>, unsigned int, at::cuda::detail::TensorInfo<long, unsigned int>, unsigned int, float*)",15018860494.78392,19168142790.028545,0.04803967952728271,10913644827.756317
b200,NVIDIA B200,2048,256,4,bf16,524288,0.0340881609916687,0.026373895,"void at::native::sbtopk::gatherTopK<c10::BFloat16, unsigned int, 2, false>(at::cuda::detail::TensorInfo<c10::BFloat16 const, unsigned int>, unsigned int, unsigned int, bool, unsigned int, unsigned int, at::cuda::detail::TensorInfo<c10::BFloat16, unsigned int>, unsigned int, at::cuda::detail::TensorInfo<long, unsigned int>, unsigned int, c10::BFloat16*)",15380354491.054487,19879050856.917416,0.04824895858764648,10866307073.708263
b200,NVIDIA B200,2048,256,8,fp32,524288,0.03487152099609375,0.02702758500000001,"void at::native::sbtopk::gatherTopK<float, unsigned int, 2, false>(at::cuda::detail::TensorInfo<float const, unsigned int>, unsigned int, unsigned int, bool, unsigned int, unsigned int, at::cuda::detail::TensorInfo<float, unsigned int>, unsigned int, at::cuda::detail::TensorInfo<long, unsigned int>, unsigned int, float*)",15034847492.27686,19398255523.01472,0.047930240631103516,10938563902.384672
b200,NVIDIA B200,2048,256,8,bf16,524288,0.033135039806365965,0.025751949999999982,"void at::native::sbtopk::gatherTopK<c10::BFloat16, unsigned int, 2, false>(at::cuda::detail::TensorInfo<c10::BFloat16 const, unsigned int>, unsigned int, unsigned int, bool, unsigned int, unsigned int, at::cuda::detail::TensorInfo<c10::BFloat16, unsigned int>, unsigned int, at::cuda::detail::TensorInfo<long, unsigned int>, unsigned int, c10::BFloat16*)",15822766565.660585,20359157267.702072,0.05453120231628418,9614458836.962713
b200,NVIDIA B200,4096,32,1,fp32,131072,0.051233921051025394,0.00868391999999997,"void at::native::sbtopk::gatherTopK<float, unsigned int, 2, false>(at::cuda::detail::TensorInfo<float const, unsigned int>, unsigned int, unsigned int, bool, unsigned int, unsigned int, at::cuda::detail::TensorInfo<float, unsigned int>, unsigned int, at::cuda::detail::TensorInfo<long, unsigned int>, unsigned int, float*)",2558305070.3744006,15093644344.95026,0.05046703815460205,2597180353.609629
b200,NVIDIA B200,4096,32,1,bf16,131072,0.012053279876708985,0.008308329999999989,"void at::native::sbtopk::gatherTopK<c10::BFloat16, unsigned int, 2, false>(at::cuda::detail::TensorInfo<c10::BFloat16 const, unsigned int>, unsigned int, unsigned int, bool, unsigned int, unsigned int, at::cuda::detail::TensorInfo<c10::BFloat16, unsigned int>, unsigned int, at::cuda::detail::TensorInfo<long, unsigned int>, unsigned int, c10::BFloat16*)",10874384511.163261,15775974233.088982,0.04782639980316162,2740578436.5842094
b200,NVIDIA B200,4096,32,2,fp32,131072,0.023781280517578125,0.009440504999999986,"void at::native::sbtopk::gatherTopK<float, unsigned int, 2, false>(at::cuda::detail::TensorInfo<float const, unsigned int>, unsigned int, unsigned int, bool, unsigned int, unsigned int, at::cuda::detail::TensorInfo<float, unsigned int>, unsigned int, at::cuda::detail::TensorInfo<long, unsigned int>, unsigned int, float*)",5511561915.394635,13884003027.380442,0.09782591819763184,1339849422.473123
b200,NVIDIA B200,4096,32,2,bf16,131072,0.02387615919113159,0.008626129999999987,"void at::native::sbtopk::gatherTopK<c10::BFloat16, unsigned int, 2, false>(at::cuda::detail::TensorInfo<c10::BFloat16 const, unsigned int>, unsigned int, unsigned int, bool, unsigned int, unsigned int, at::cuda::detail::TensorInfo<c10::BFloat16, unsigned int>, unsigned int, at::cuda::detail::TensorInfo<long, unsigned int>, unsigned int, c10::BFloat16*)",5489660164.800901,15194762889.03601,0.0521614408493042,2512814022.501229
b200,NVIDIA B200,4096,32,3,fp32,131072,0.02378159999847412,0.009270575,"void at::native::sbtopk::gatherTopK<float, unsigned int, 2, false>(at::cuda::detail::TensorInfo<float const, unsigned int>, unsigned int, unsigned int, bool, unsigned int, unsigned int, at::cuda::detail::TensorInfo<float, unsigned int>, unsigned int, at::cuda::detail::TensorInfo<long, unsigned int>, unsigned int, float*)",5511487873.331057,14138497342.397858,0.048519678115844726,2701419405.278304
b200,NVIDIA B200,4096,32,3,bf16,131072,0.023728320598602293,0.008633115000000018,"void at::native::sbtopk::gatherTopK<c10::BFloat16, unsigned int, 2, false>(at::cuda::detail::TensorInfo<c10::BFloat16 const, unsigned int>, unsigned int, unsigned int, bool, unsigned int, unsigned int, at::cuda::detail::TensorInfo<c10::BFloat16, unsigned int>, unsigned int, at::cuda::detail::TensorInfo<long, unsigned int>, unsigned int, c10::BFloat16*)",5523863328.436347,15182468900.275246,0.04819536209106445,2719597785.2047534
b200,NVIDIA B200,4096,32,4,fp32,131072,0.02399631977081299,0.009205305000000026,"void at::native::sbtopk::gatherTopK<float, unsigned int, 2, false>(at::cuda::detail::TensorInfo<float const, unsigned int>, unsigned int, unsigned int, bool, unsigned int, unsigned int, at::cuda::detail::TensorInfo<float, unsigned int>, unsigned int, at::cuda::detail::TensorInfo<long, unsigned int>, unsigned int, float*)",5462170918.368259,14238746027.426535,0.04795584201812744,2733181078.3439984
b200,NVIDIA B200,4096,32,4,bf16,131072,0.023881759643554688,0.008572514999999992,"void at::native::sbtopk::gatherTopK<c10::BFloat16, unsigned int, 2, false>(at::cuda::detail::TensorInfo<c10::BFloat16 const, unsigned int>, unsigned int, unsigned int, bool, unsigned int, unsigned int, at::cuda::detail::TensorInfo<c10::BFloat16, unsigned int>, unsigned int, at::cuda::detail::TensorInfo<long, unsigned int>, unsigned int, c10::BFloat16*)",5488372798.164991,15289795351.77251,0.04819983959197998,2719345149.47658
b200,NVIDIA B200,4096,32,8,fp32,131072,0.02363248109817505,0.009554159999999982,"void at::native::sbtopk::gatherTopK<float, unsigned int, 2, false>(at::cuda::detail::TensorInfo<float const, unsigned int>, unsigned int, unsigned int, bool, unsigned int, unsigned int, at::cuda::detail::TensorInfo<float, unsigned int>, unsigned int, at::cuda::detail::TensorInfo<long, unsigned int>, unsigned int, float*)",5546264882.451199,13718840798.1445,0.04728400230407715,2772015768.8237414
b200,NVIDIA B200,4096,32,8,bf16,131072,0.023703999519348144,0.008704210000000014,"void at::native::sbtopk::gatherTopK<c10::BFloat16, unsigned int, 2, false>(at::cuda::detail::TensorInfo<c10::BFloat16 const, unsigned int>, unsigned int, unsigned int, bool, unsigned int, unsigned int, at::cuda::detail::TensorInfo<c10::BFloat16, unsigned int>, unsigned int, at::cuda::detail::TensorInfo<long, unsigned int>, unsigned int, c10::BFloat16*)",5529530992.987654,15058460216.378027,0.04849455833435059,2702818718.2634177
b200,NVIDIA B200,4096,64,1,fp32,262144,0.014414880275726318,0.012987325000000006,"void at::native::sbtopk::gatherTopK<float, unsigned int, 2, false>(at::cuda::detail::TensorInfo<float const, unsigned int>, unsigned int, unsigned int, bool, unsigned int, unsigned int, at::cuda::detail::TensorInfo<float, unsigned int>, unsigned int, at::cuda::detail::TensorInfo<long, unsigned int>, unsigned int, float*)",18185652255.567654,20184603064.911354,0.04803936004638672,5456858703.922663
b200,NVIDIA B200,4096,64,1,bf16,262144,0.014400320053100586,0.012705785000000002,"void at::native::sbtopk::gatherTopK<c10::BFloat16, unsigned int, 2, false>(at::cuda::detail::TensorInfo<c10::BFloat16 const, unsigned int>, unsigned int, unsigned int, bool, unsigned int, unsigned int, at::cuda::detail::TensorInfo<c10::BFloat16, unsigned int>, unsigned int, at::cuda::detail::TensorInfo<long, unsigned int>, unsigned int, c10::BFloat16*)",18204039843.09757,20631861785.792847,0.04799744129180908,5461624472.984891
b200,NVIDIA B200,4096,64,2,fp32,262144,0.02460416078567505,0.014557190000000032,"void at::native::sbtopk::gatherTopK<float, unsigned int, 2, false>(at::cuda::detail::TensorInfo<float const, unsigned int>, unsigned int, unsigned int, bool, unsigned int, unsigned int, at::cuda::detail::TensorInfo<float, unsigned int>, unsigned int, at::cuda::detail::TensorInfo<long, unsigned int>, unsigned int, float*)",10654458092.820812,18007871024.55896,0.047328319549560544,5538840222.828788
b200,NVIDIA B200,4096,64,2,bf16,262144,0.02373248100280762,0.014018245000000021,"void at::native::sbtopk::gatherTopK<c10::BFloat16, unsigned int, 2, false>(at::cuda::detail::TensorInfo<c10::BFloat16 const, unsigned int>, unsigned int, unsigned int, bool, unsigned int, unsigned int, at::cuda::detail::TensorInfo<c10::BFloat16, unsigned int>, unsigned int, at::cuda::detail::TensorInfo<long, unsigned int>, unsigned int, c10::BFloat16*)",11045789943.705744,18700201059.405056,0.047966079711914064,5465195437.576844
b200,NVIDIA B200,4096,64,3,fp32,262144,0.02470576047897339,0.015135850000000003,"void at::native::sbtopk::gatherTopK<float, unsigned int, 2, false>(at::cuda::detail::TensorInfo<float const, unsigned int>, unsigned int, unsigned int, bool, unsigned int, unsigned int, at::cuda::detail::TensorInfo<float, unsigned int>, unsigned int, at::cuda::detail::TensorInfo<long, unsigned int>, unsigned int, float*)",10610642818.42714,17319410538.55581,0.04866191864013672,5387046119.956759
b200,NVIDIA B200,4096,64,3,bf16,262144,0.02383984088897705,0.01409954000000002,"void at::native::sbtopk::gatherTopK<c10::BFloat16, unsigned int, 2, false>(at::cuda::detail::TensorInfo<c10::BFloat16 const, unsigned int>, unsigned int, unsigned int, bool, unsigned int, unsigned int, at::cuda::detail::TensorInfo<c10::BFloat16, unsigned int>, unsigned int, at::cuda::detail::TensorInfo<long, unsigned int>, unsigned int, c10::BFloat16*)",10996046543.297564,18592379609.54752,0.04849071979522705,5406065348.318522
b200,NVIDIA B200,4096,64,4,fp32,262144,0.0245249605178833,0.014580515000000013,"void at::native::sbtopk::gatherTopK<float, unsigned int, 2, false>(at::cuda::detail::TensorInfo<float const, unsigned int>, unsigned int, unsigned int, bool, unsigned int, unsigned int, at::cuda::detail::TensorInfo<float, unsigned int>, unsigned int, at::cuda::detail::TensorInfo<long, unsigned int>, unsigned int, float*)",10688865321.87678,17979063153.80491,0.0479311990737915,5469172586.240155
b200,NVIDIA B200,4096,64,4,bf16,262144,0.02400383949279785,0.014118084999999992,"void at::native::sbtopk::gatherTopK<c10::BFloat16, unsigned int, 2, false>(at::cuda::detail::TensorInfo<c10::BFloat16 const, unsigned int>, unsigned int, unsigned int, bool, unsigned int, unsigned int, at::cuda::detail::TensorInfo<c10::BFloat16, unsigned int>, unsigned int, at::cuda::detail::TensorInfo<long, unsigned int>, unsigned int, c10::BFloat16*)",10920919550.335024,18567957339.823364,0.048216481208801266,5436813169.023814
b200,NVIDIA B200,4096,64,8,fp32,262144,0.024549760818481446,0.014717339999999957,"void at::native::sbtopk::gatherTopK<float, unsigned int, 2, false>(at::cuda::detail::TensorInfo<float const, unsigned int>, unsigned int, unsigned int, bool, unsigned int, unsigned int, at::cuda::detail::TensorInfo<float, unsigned int>, unsigned int, at::cuda::detail::TensorInfo<long, unsigned int>, unsigned int, float*)",10678067372.560871,17811914381.26732,0.048451838493347166,5410403570.877801
b200,NVIDIA B200,4096,64,8,bf16,262144,0.02385472059249878,0.014329734999999972,"void at::native::sbtopk::gatherTopK<c10::BFloat16, unsigned int, 2, false>(at::cuda::detail::TensorInfo<c10::BFloat16 const, unsigned int>, unsigned int, unsigned int, bool, unsigned int, unsigned int, at::cuda::detail::TensorInfo<c10::BFloat16, unsigned int>, unsigned int, at::cuda::detail::TensorInfo<long, unsigned int>, unsigned int, c10::BFloat16*)",10989187611.043842,18293708850.86155,0.04837552070617676,5418939086.820589
b200,NVIDIA B200,4096,128,1,fp32,524288,0.024025919437408446,0.02232181499999998,"void at::native::sbtopk::gatherTopK<float, unsigned int, 2, false>(at::cuda::detail::TensorInfo<float const, unsigned int>, unsigned int, unsigned int, bool, unsigned int, unsigned int, at::cuda::detail::TensorInfo<float, unsigned int>, unsigned int, at::cuda::detail::TensorInfo<long, unsigned int>, unsigned int, float*)",21821766337.220028,23487695781.01066,0.048004798889160157,10921574761.94298
b200,NVIDIA B200,4096,128,1,bf16,524288,0.02420448064804077,0.02242011499999998,"void at::native::sbtopk::gatherTopK<c10::BFloat16, unsigned int, 2, false>(at::cuda::detail::TensorInfo<c10::BFloat16 const, unsigned int>, unsigned int, unsigned int, bool, unsigned int, unsigned int, at::cuda::detail::TensorInfo<c10::BFloat16, unsigned int>, unsigned int, at::cuda::detail::TensorInfo<long, unsigned int>, unsigned int, c10::BFloat16*)",21660782878.33201,23384715020.41807,0.04786159992218018,10954251442.75281
b200,NVIDIA B200,4096,128,2,fp32,524288,0.0348801589012146,0.02541345999999999,"void at::native::sbtopk::gatherTopK<float, unsigned int, 2, false>(at::cuda::detail::TensorInfo<float const, unsigned int>, unsigned int, unsigned int, bool, unsigned int, unsigned int, at::cuda::detail::TensorInfo<float, unsigned int>, unsigned int, at::cuda::detail::TensorInfo<long, unsigned int>, unsigned int, float*)",15031124183.948118,20630327393.4364,0.04758592128753662,11017712504.33514
b200,NVIDIA B200,4096,128,2,bf16,524288,0.03487535953521728,0.024869600000000002,"void at::native::sbtopk::gatherTopK<c10::BFloat16, unsigned int, 2, false>(at::cuda::detail::TensorInfo<c10::BFloat16 const, unsigned int>, unsigned int, unsigned int, bool, unsigned int, unsigned int, at::cuda::detail::TensorInfo<c10::BFloat16, unsigned int>, unsigned int, at::cuda::detail::TensorInfo<long, unsigned int>, unsigned int, c10::BFloat16*)",15033192689.255917,21081481004.92167,0.04814832210540772,10889019119.964624
b200,NVIDIA B200,4096,128,3,fp32,524288,0.03492432117462158,0.02554578000000002,"void at::native::sbtopk::gatherTopK<float, unsigned int, 2, false>(at::cuda::detail::TensorInfo<float const, unsigned int>, unsigned int, unsigned int, bool, unsigned int, unsigned int, at::cuda::detail::TensorInfo<float, unsigned int>, unsigned int, at::cuda::detail::TensorInfo<long, unsigned int>, unsigned int, float*)",15012117125.442764,20523468064.00116,0.04767392158508301,10997375138.61347
b200,NVIDIA B200,4096,128,3,bf16,524288,0.03487920045852661,0.025088189999999982,"void at::native::sbtopk::gatherTopK<c10::BFloat16, unsigned int, 2, false>(at::cuda::detail::TensorInfo<c10::BFloat16 const, unsigned int>, unsigned int, unsigned int, bool, unsigned int, unsigned int, at::cuda::detail::TensorInfo<c10::BFloat16, unsigned int>, unsigned int, at::cuda::detail::TensorInfo<long, unsigned int>, unsigned int, c10::BFloat16*)",15031537222.97645,20897800917.483498,0.04742879867553711,11054212095.623203
b200,NVIDIA B200,4096,128,4,fp32,524288,0.03506047964096069,0.025820625000000028,"void at::native::sbtopk::gatherTopK<float, unsigned int, 2, false>(at::cuda::detail::TensorInfo<float const, unsigned int>, unsigned int, unsigned int, bool, unsigned int, unsigned int, at::cuda::detail::TensorInfo<float, unsigned int>, unsigned int, at::cuda::detail::TensorInfo<long, unsigned int>, unsigned int, float*)",14953817100.308044,20305008108.82771,0.047929120063781736,10938819642.47003
b200,NVIDIA B200,4096,128,4,bf16,524288,0.03486831903457641,0.024880655,"void at::native::sbtopk::gatherTopK<c10::BFloat16, unsigned int, 2, false>(at::cuda::detail::TensorInfo<c10::BFloat16 const, unsigned int>, unsigned int, unsigned int, bool, unsigned int, unsigned int, at::cuda::detail::TensorInfo<c10::BFloat16, unsigned int>, unsigned int, at::cuda::detail::TensorInfo<long, unsigned int>, unsigned int, c10::BFloat16*)",15036228143.95214,21072114058.09051,0.04794623851776123,10934914108.137648
b200,NVIDIA B200,4096,128,8,fp32,524288,0.03491856098175049,0.025622144999999992,"void at::native::sbtopk::gatherTopK<float, unsigned int, 2, false>(at::cuda::detail::TensorInfo<float const, unsigned int>, unsigned int, unsigned int, bool, unsigned int, unsigned int, at::cuda::detail::TensorInfo<float, unsigned int>, unsigned int, at::cuda::detail::TensorInfo<long, unsigned int>, unsigned int, float*)",15014593535.913723,20462299311.786743,0.048388800621032714,10834903805.656895
b200,NVIDIA B200,4096,128,8,bf16,524288,0.03487215995788574,0.024797124999999958,"void at::native::sbtopk::gatherTopK<c10::BFloat16, unsigned int, 2, false>(at::cuda::detail::TensorInfo<c10::BFloat16 const, unsigned int>, unsigned int, unsigned int, bool, unsigned int, unsigned int, at::cuda::detail::TensorInfo<c10::BFloat16, unsigned int>, unsigned int, at::cuda::detail::TensorInfo<long, unsigned int>, unsigned int, c10::BFloat16*)",15034572009.10898,21143096225.872993,0.047586398124694826,11017602101.889746
b200,NVIDIA B200,4096,256,1,fp32,1048576,0.04321584224700928,0.042478345000000015,"void at::native::sbtopk::gatherTopK<float, unsigned int, 2, false>(at::cuda::detail::TensorInfo<float const, unsigned int>, unsigned int, unsigned int, bool, unsigned int, unsigned int, at::cuda::detail::TensorInfo<float, unsigned int>, unsigned int, at::cuda::detail::TensorInfo<long, unsigned int>, unsigned int, float*)",24263694642.50268,24684954180.771397,0.04733744144439697,22151091567.373108
b200,NVIDIA B200,4096,256,1,bf16,1048576,0.04337152004241943,0.04261990000000002,"void at::native::sbtopk::gatherTopK<c10::BFloat16, unsigned int, 2, false>(at::cuda::detail::TensorInfo<c10::BFloat16 const, unsigned int>, unsigned int, unsigned int, bool, unsigned int, unsigned int, at::cuda::detail::TensorInfo<c10::BFloat16, unsigned int>, unsigned int, at::cuda::detail::TensorInfo<long, unsigned int>, unsigned int, c10::BFloat16*)",24176602502.6202,24602967158.533913,0.04769728183746338,21983978113.74664
b200,NVIDIA B200,4096,256,2,fp32,1048576,0.055635838508605956,0.04667233000000003,"void at::native::sbtopk::gatherTopK<float, unsigned int, 2, false>(at::cuda::detail::TensorInfo<float const, unsigned int>, unsigned int, unsigned int, bool, unsigned int, unsigned int, at::cuda::detail::TensorInfo<float, unsigned int>, unsigned int, at::cuda::detail::TensorInfo<long, unsigned int>, unsigned int, float*)",18847132138.357227,22466759212.5784,0.04784560203552246,21915828318.379105
b200,NVIDIA B200,4096,256,2,bf16,1048576,0.05539792060852051,0.046276240000000045,"void at::native::sbtopk::gatherTopK<c10::BFloat16, unsigned int, 2, false>(at::cuda::detail::TensorInfo<c10::BFloat16 const, unsigned int>, unsigned int, unsigned int, bool, unsigned int, unsigned int, at::cuda::detail::TensorInfo<c10::BFloat16, unsigned int>, unsigned int, at::cuda::detail::TensorInfo<long, unsigned int>, unsigned int, c10::BFloat16*)",18928075070.00043,22659057866.412632,0.04807680130004883,21810436044.939934
b200,NVIDIA B200,4096,256,3,fp32,1048576,0.057428321838378905,0.0481524,"void at::native::sbtopk::gatherTopK<float, unsigned int, 2, false>(at::cuda::detail::TensorInfo<float const, unsigned int>, unsigned int, unsigned int, bool, unsigned int, unsigned int, at::cuda::detail::TensorInfo<float, unsigned int>, unsigned int, at::cuda::detail::TensorInfo<long, unsigned int>, unsigned int, float*)",18258865424.46805,21776193917.644814,0.048259520530700685,21727857808.552822
b200,NVIDIA B200,4096,256,3,bf16,1048576,0.05691328048706055,0.04719047999999997,"void at::native::sbtopk::gatherTopK<c10::BFloat16, unsigned int, 2, false>(at::cuda::detail::TensorInfo<c10::BFloat16 const, unsigned int>, unsigned int, unsigned int, bool, unsigned int, unsigned int, at::cuda::detail::TensorInfo<c10::BFloat16, unsigned int>, unsigned int, at::cuda::detail::TensorInfo<long, unsigned int>, unsigned int, c10::BFloat16*)",18424100509.16671,22220074896.46218,0.04748528003692627,22082127328.39712
b200,NVIDIA B200,4096,256,4,fp32,1048576,0.057935361862182615,0.048850830000000046,"void at::native::sbtopk::gatherTopK<float, unsigned int, 2, false>(at::cuda::detail::TensorInfo<float const, unsigned int>, unsigned int, unsigned int, bool, unsigned int, unsigned int, at::cuda::detail::TensorInfo<float, unsigned int>, unsigned int, at::cuda::detail::TensorInfo<long, unsigned int>, unsigned int, float*)",18099067068.820007,21464855356.60293,0.048077120780944824,21810291110.768826
b200,NVIDIA B200,4096,256,4,bf16,1048576,0.05742080211639404,0.04777918000000002,"void at::native::sbtopk::gatherTopK<c10::BFloat16, unsigned int, 2, false>(at::cuda::detail::TensorInfo<c10::BFloat16 const, unsigned int>, unsigned int, unsigned int, bool, unsigned int, unsigned int, at::cuda::detail::TensorInfo<c10::BFloat16, unsigned int>, unsigned int, at::cuda::detail::TensorInfo<long, unsigned int>, unsigned int, c10::BFloat16*)",18261256571.69502,21946295436.631596,0.04803055763244629,21831435063.1576
b200,NVIDIA B200,4096,256,8,fp32,1048576,0.057374401092529295,0.04764865499999992,"void at::native::sbtopk::gatherTopK<float, unsigned int, 2, false>(at::cuda::detail::TensorInfo<float const, unsigned int>, unsigned int, unsigned int, bool, unsigned int, unsigned int, at::cuda::detail::TensorInfo<float, unsigned int>, unsigned int, at::cuda::detail::TensorInfo<long, unsigned int>, unsigned int, float*)",18276025196.479736,22006413402.435005,0.04818543910980225,21761262725.25118
b200,NVIDIA B200,4096,256,8,bf16,1048576,0.05557439804077149,0.04676970999999999,"void at::native::sbtopk::gatherTopK<c10::BFloat16, unsigned int, 2, false>(at::cuda::detail::TensorInfo<c10::BFloat16 const, unsigned int>, unsigned int, unsigned int, bool, unsigned int, unsigned int, at::cuda::detail::TensorInfo<c10::BFloat16, unsigned int>, unsigned int, at::cuda::detail::TensorInfo<long, unsigned int>, unsigned int, c10::BFloat16*)",18867968650.433693,22419980795.262577,0.047865438461303714,21906745946.71706
b200,NVIDIA B200,8192,32,1,fp32,262144,0.014551680088043212,0.013231365000000004,"void at::native::sbtopk::gatherTopK<float, unsigned int, 2, false>(at::cuda::detail::TensorInfo<float const, unsigned int>, unsigned int, unsigned int, bool, unsigned int, unsigned int, at::cuda::detail::TensorInfo<float, unsigned int>, unsigned int, at::cuda::detail::TensorInfo<long, unsigned int>, unsigned int, float*)",18014689603.80718,19812317172.113377,0.04766160011291504,5500109089.475698
b200,NVIDIA B200,8192,32,1,bf16,262144,0.014398080110549927,0.01271029,"void at::native::sbtopk::gatherTopK<c10::BFloat16, unsigned int, 2, false>(at::cuda::detail::TensorInfo<c10::BFloat16 const, unsigned int>, unsigned int, unsigned int, bool, unsigned int, unsigned int, at::cuda::detail::TensorInfo<c10::BFloat16, unsigned int>, unsigned int, at::cuda::detail::TensorInfo<long, unsigned int>, unsigned int, c10::BFloat16*)",18206871887.587208,20624549085.819443,0.04734288215637207,5537136483.033426
b200,NVIDIA B200,8192,32,2,fp32,262144,0.026769440174102783,0.014939119999999962,"void at::native::sbtopk::gatherTopK<float, unsigned int, 2, false>(at::cuda::detail::TensorInfo<float const, unsigned int>, unsigned int, unsigned int, bool, unsigned int, unsigned int, at::cuda::detail::TensorInfo<float, unsigned int>, unsigned int, at::cuda::detail::TensorInfo<long, unsigned int>, unsigned int, float*)",9792659028.170586,17547486063.436176,0.04869056224822998,5383877036.859018
b200,NVIDIA B200,8192,32,2,bf16,262144,0.026647520065307618,0.014335679999999967,"void at::native::sbtopk::gatherTopK<c10::BFloat16, unsigned int, 2, false>(at::cuda::detail::TensorInfo<c10::BFloat16 const, unsigned int>, unsigned int, unsigned int, bool, unsigned int, unsigned int, at::cuda::detail::TensorInfo<c10::BFloat16, unsigned int>, unsigned int, at::cuda::detail::TensorInfo<long, unsigned int>, unsigned int, c10::BFloat16*)",9837463274.53882,18286122458.090626,0.09647120475769043,2717328975.609197
b200,NVIDIA B200,8192,32,3,fp32,262144,0.026710879802703858,0.014964029999999991,"void at::native::sbtopk::gatherTopK<float, unsigned int, 2, false>(at::cuda::detail::TensorInfo<float const, unsigned int>, unsigned int, unsigned int, bool, unsigned int, unsigned int, at::cuda::detail::TensorInfo<float, unsigned int>, unsigned int, at::cuda::detail::TensorInfo<long, unsigned int>, unsigned int, float*)",9814128247.975718,17518275491.294804,0.047666401863098146,5499555027.310416
b200,NVIDIA B200,8192,32,3,bf16,262144,0.026671199798583983,0.014417790000000015,"void at::native::sbtopk::gatherTopK<c10::BFloat16, unsigned int, 2, false>(at::cuda::detail::TensorInfo<c10::BFloat16 const, unsigned int>, unsigned int, unsigned int, bool, unsigned int, unsigned int, at::cuda::detail::TensorInfo<c10::BFloat16, unsigned int>, unsigned int, at::cuda::detail::TensorInfo<long, unsigned int>, unsigned int, c10::BFloat16*)",9828729190.275034,18181982120.69948,0.04741983890533447,5528150370.213725
b200,NVIDIA B200,8192,32,4,fp32,262144,0.026699039936065674,0.014604350000000016,"void at::native::sbtopk::gatherTopK<float, unsigned int, 2, false>(at::cuda::detail::TensorInfo<float const, unsigned int>, unsigned int, unsigned int, bool, unsigned int, unsigned int, at::cuda::detail::TensorInfo<float, unsigned int>, unsigned int, at::cuda::detail::TensorInfo<long, unsigned int>, unsigned int, float*)",9818480388.348717,17949720459.999912,0.047847042083740236,5478792179.905388
b200,NVIDIA B200,8192,32,4,bf16,262144,0.026698880195617676,0.014569489999999996,"void at::native::sbtopk::gatherTopK<c10::BFloat16, unsigned int, 2, false>(at::cuda::detail::TensorInfo<c10::BFloat16 const, unsigned int>, unsigned int, unsigned int, bool, unsigned int, unsigned int, at::cuda::detail::TensorInfo<c10::BFloat16, unsigned int>, unsigned int, at::cuda::detail::TensorInfo<long, unsigned int>, unsigned int, c10::BFloat16*)",9818539132.702204,17992668240.274715,0.048237757682800295,5434415126.088465
b200,NVIDIA B200,8192,32,8,fp32,262144,0.026711521148681642,0.014957360000000017,"void at::native::sbtopk::gatherTopK<float, unsigned int, 2, false>(at::cuda::detail::TensorInfo<float const, unsigned int>, unsigned int, unsigned int, bool, unsigned int, unsigned int, at::cuda::detail::TensorInfo<float, unsigned int>, unsigned int, at::cuda::detail::TensorInfo<long, unsigned int>, unsigned int, float*)",9813892609.891228,17526087491.375465,0.04719151973724365,5554896334.332615
b200,NVIDIA B200,8192,32,8,bf16,262144,0.026723361015319823,0.01455281500000002,"void at::native::sbtopk::gatherTopK<c10::BFloat16, unsigned int, 2, false>(at::cuda::detail::TensorInfo<c10::BFloat16 const, unsigned int>, unsigned int, unsigned int, bool, unsigned int, unsigned int, at::cuda::detail::TensorInfo<c10::BFloat16, unsigned int>, unsigned int, at::cuda::detail::TensorInfo<long, unsigned int>, unsigned int, c10::BFloat16*)",9809544534.825523,18013284715.01903,0.04792704105377197,5469647076.811737
b200,NVIDIA B200,8192,64,1,fp32,524288,0.022604479789733886,0.021103599999999993,"void at::native::sbtopk::gatherTopK<float, unsigned int, 2, false>(at::cuda::detail::TensorInfo<float const, unsigned int>, unsigned int, unsigned int, bool, unsigned int, unsigned int, at::cuda::detail::TensorInfo<float, unsigned int>, unsigned int, at::cuda::detail::TensorInfo<long, unsigned int>, unsigned int, float*)",23193986540.584408,24843533804.65893,0.047743520736694335,10981343476.771435
b200,NVIDIA B200,8192,64,1,bf16,524288,0.022598400115966796,0.02102487,"void at::native::sbtopk::gatherTopK<c10::BFloat16, unsigned int, 2, false>(at::cuda::detail::TensorInfo<c10::BFloat16 const, unsigned int>, unsigned int, unsigned int, bool, unsigned int, unsigned int, at::cuda::detail::TensorInfo<c10::BFloat16, unsigned int>, unsigned int, at::cuda::detail::TensorInfo<long, unsigned int>, unsigned int, c10::BFloat16*)",23200226445.657394,24936563222.50744,0.048101921081542966,10899523100.360598
b200,NVIDIA B200,8192,64,2,fp32,524288,0.03682224035263062,0.02463518500000001,"void at::native::sbtopk::gatherTopK<float, unsigned int, 2, false>(at::cuda::detail::TensorInfo<float const, unsigned int>, unsigned int, unsigned int, bool, unsigned int, unsigned int, at::cuda::detail::TensorInfo<float, unsigned int>, unsigned int, at::cuda::detail::TensorInfo<long, unsigned int>, unsigned int, float*)",14238351468.545132,21282080893.648647,0.04837135791778564,10838810870.083612
b200,NVIDIA B200,8192,64,2,bf16,524288,0.03668400049209595,0.024481690000000018,"void at::native::sbtopk::gatherTopK<c10::BFloat16, unsigned int, 2, false>(at::cuda::detail::TensorInfo<c10::BFloat16 const, unsigned int>, unsigned int, unsigned int, bool, unsigned int, unsigned int, at::cuda::detail::TensorInfo<c10::BFloat16, unsigned int>, unsigned int, at::cuda::detail::TensorInfo<long, unsigned int>, unsigned int, c10::BFloat16*)",14292007222.957178,21415515023.67686,0.04794288158416748,10935679764.671036
b200,NVIDIA B200,8192,64,3,fp32,524288,0.036925599575042725,0.024919565000000057,"void at::native::sbtopk::gatherTopK<float, unsigned int, 2, false>(at::cuda::detail::TensorInfo<float const, unsigned int>, unsigned int, unsigned int, bool, unsigned int, unsigned int, at::cuda::detail::TensorInfo<float, unsigned int>, unsigned int, at::cuda::detail::TensorInfo<long, unsigned int>, unsigned int, float*)",14198496599.479883,21039211559.270752,0.047594242095947266,11015786299.171766
b200,NVIDIA B200,8192,64,3,bf16,524288,0.03655951976776123,0.02442611000000003,"void at::native::sbtopk::gatherTopK<c10::BFloat16, unsigned int, 2, false>(at::cuda::detail::TensorInfo<c10::BFloat16 const, unsigned int>, unsigned int, unsigned int, bool, unsigned int, unsigned int, at::cuda::detail::TensorInfo<c10::BFloat16, unsigned int>, unsigned int, at::cuda::detail::TensorInfo<long, unsigned int>, unsigned int, c10::BFloat16*)",14340669771.66165,21464244613.653152,0.048255839347839356,10864757655.9763
b200,NVIDIA B200,8192,64,4,fp32,524288,0.036926560401916504,0.024934915000000033,"void at::native::sbtopk::gatherTopK<float, unsigned int, 2, false>(at::cuda::detail::TensorInfo<float const, unsigned int>, unsigned int, unsigned int, bool, unsigned int, unsigned int, at::cuda::detail::TensorInfo<float, unsigned int>, unsigned int, at::cuda::detail::TensorInfo<long, unsigned int>, unsigned int, float*)",14198127155.454998,21026259764.671318,0.047389922142028806,11063280467.705675
b200,NVIDIA B200,8192,64,4,bf16,524288,0.03689984083175659,0.024613345000000033,"void at::native::sbtopk::gatherTopK<c10::BFloat16, unsigned int, 2, false>(at::cuda::detail::TensorInfo<c10::BFloat16 const, unsigned int>, unsigned int, unsigned int, bool, unsigned int, unsigned int, at::cuda::detail::TensorInfo<c10::BFloat16, unsigned int>, unsigned int, at::cuda::detail::TensorInfo<long, unsigned int>, unsigned int, c10::BFloat16*)",14208408171.47345,21300964984.645496,0.04762656211853027,11008310839.131784
b200,NVIDIA B200,8192,64,8,fp32,524288,0.03700767993927002,0.02562876500000003,"void at::native::sbtopk::gatherTopK<float, unsigned int, 2, false>(at::cuda::detail::TensorInfo<float const, unsigned int>, unsigned int, unsigned int, bool, unsigned int, unsigned int, at::cuda::detail::TensorInfo<float, unsigned int>, unsigned int, at::cuda::detail::TensorInfo<long, unsigned int>, unsigned int, float*)",14167005358.357023,20457013828.01705,0.056477599143981934,9283114154.045382
b200,NVIDIA B200,8192,64,8,bf16,524288,0.036931679248809815,0.025063710000000017,"void at::native::sbtopk::gatherTopK<c10::BFloat16, unsigned int, 2, false>(at::cuda::detail::TensorInfo<c10::BFloat16 const, unsigned int>, unsigned int, unsigned int, bool, unsigned int, unsigned int, at::cuda::detail::TensorInfo<c10::BFloat16, unsigned int>, unsigned int, at::cuda::detail::TensorInfo<long, unsigned int>, unsigned int, c10::BFloat16*)",14196159250.378414,20918212028.46664,0.048222718238830564,10872219964.942282
b200,NVIDIA B200,8192,128,1,fp32,1048576,0.04185887813568115,0.04079865499999998,"void at::native::sbtopk::gatherTopK<float, unsigned int, 2, false>(at::cuda::detail::TensorInfo<float const, unsigned int>, unsigned int, unsigned int, bool, unsigned int, unsigned int, at::cuda::detail::TensorInfo<float, unsigned int>, unsigned int, at::cuda::detail::TensorInfo<long, unsigned int>, unsigned int, float*)",25050265241.250645,25701239415.858204,0.048016958236694336,21837618177.127327
b200,NVIDIA B200,8192,128,1,bf16,1048576,0.04102352142333984,0.03971101999999999,"void at::native::sbtopk::gatherTopK<c10::BFloat16, unsigned int, 2, false>(at::cuda::detail::TensorInfo<c10::BFloat16 const, unsigned int>, unsigned int, unsigned int, bool, unsigned int, unsigned int, at::cuda::detail::TensorInfo<c10::BFloat16, unsigned int>, unsigned int, at::cuda::detail::TensorInfo<long, unsigned int>, unsigned int, c10::BFloat16*)",25560360583.853367,26405164108.098965,0.04777472019195557,21948344140.72742
b200,NVIDIA B200,8192,128,2,fp32,1048576,0.05588848114013672,0.04486096500000006,"void at::native::sbtopk::gatherTopK<float, unsigned int, 2, false>(at::cuda::detail::TensorInfo<float const, unsigned int>, unsigned int, unsigned int, bool, unsigned int, unsigned int, at::cuda::detail::TensorInfo<float, unsigned int>, unsigned int, at::cuda::detail::TensorInfo<long, unsigned int>, unsigned int, float*)",18761934098.204678,23373906468.574596,0.047801761627197265,21935927972.231945
b200,NVIDIA B200,8192,128,2,bf16,1048576,0.05552879810333252,0.044681324999999994,"void at::native::sbtopk::gatherTopK<c10::BFloat16, unsigned int, 2, false>(at::cuda::detail::TensorInfo<c10::BFloat16 const, unsigned int>, unsigned int, unsigned int, bool, unsigned int, unsigned int, at::cuda::detail::TensorInfo<c10::BFloat16, unsigned int>, unsigned int, at::cuda::detail::TensorInfo<long, unsigned int>, unsigned int, c10::BFloat16*)",18883462920.424175,23467880596.647484,0.047861762046813965,21908428673.69529
b200,NVIDIA B200,8192,128,3,fp32,1048576,0.057392640113830565,0.04570575499999999,"void at::native::sbtopk::gatherTopK<float, unsigned int, 2, false>(at::cuda::detail::TensorInfo<float const, unsigned int>, unsigned int, unsigned int, bool, unsigned int, unsigned int, at::cuda::detail::TensorInfo<float, unsigned int>, unsigned int, at::cuda::detail::TensorInfo<long, unsigned int>, unsigned int, float*)",18270217190.223186,22941881170.106483,0.04825568199157715,21729586169.41783
b200,NVIDIA B200,8192,128,3,bf16,1048576,0.056878881454467775,0.045090770000000016,"void at::native::sbtopk::gatherTopK<c10::BFloat16, unsigned int, 2, false>(at::cuda::detail::TensorInfo<c10::BFloat16 const, unsigned int>, unsigned int, unsigned int, bool, unsigned int, unsigned int, at::cuda::detail::TensorInfo<c10::BFloat16, unsigned int>, unsigned int, at::cuda::detail::TensorInfo<long, unsigned int>, unsigned int, c10::BFloat16*)",18435242979.231186,23254781410.918457,0.04781472206115723,21929982122.63627
b200,NVIDIA B200,8192,128,4,fp32,1048576,0.05718912124633789,0.045253724999999995,"void at::native::sbtopk::gatherTopK<float, unsigned int, 2, false>(at::cuda::detail::TensorInfo<float const, unsigned int>, unsigned int, unsigned int, bool, unsigned int, unsigned int, at::cuda::detail::TensorInfo<float, unsigned int>, unsigned int, at::cuda::detail::TensorInfo<long, unsigned int>, unsigned int, float*)",18335235393.51718,23171042825.756336,0.04816703796386719,21769576131.84759
b200,NVIDIA B200,8192,128,4,bf16,1048576,0.055861921310424806,0.04486115999999997,"void at::native::sbtopk::gatherTopK<c10::BFloat16, unsigned int, 2, false>(at::cuda::detail::TensorInfo<c10::BFloat16 const, unsigned int>, unsigned int, unsigned int, bool, unsigned int, unsigned int, at::cuda::detail::TensorInfo<c10::BFloat16, unsigned int>, unsigned int, at::cuda::detail::TensorInfo<long, unsigned int>, unsigned int, c10::BFloat16*)",18770854553.552876,23373804868.175518,0.04777904033660889,21946359588.067493
b200,NVIDIA B200,8192,128,8,fp32,1048576,0.05751952171325683,0.046363614999999976,"void at::native::sbtopk::gatherTopK<float, unsigned int, 2, false>(at::cuda::detail::TensorInfo<float const, unsigned int>, unsigned int, unsigned int, bool, unsigned int, unsigned int, at::cuda::detail::TensorInfo<float, unsigned int>, unsigned int, at::cuda::detail::TensorInfo<long, unsigned int>, unsigned int, float*)",18229915144.762566,22616355519.301083,0.04796048164367676,21863333395.82396
b200,NVIDIA B200,8192,128,8,bf16,1048576,0.056721439361572264,0.04502877,"void at::native::sbtopk::gatherTopK<c10::BFloat16, unsigned int, 2, false>(at::cuda::detail::TensorInfo<c10::BFloat16 const, unsigned int>, unsigned int, unsigned int, bool, unsigned int, unsigned int, at::cuda::detail::TensorInfo<c10::BFloat16, unsigned int>, unsigned int, at::cuda::detail::TensorInfo<long, unsigned int>, unsigned int, c10::BFloat16*)",18486413811.113388,23286800860.871838,0.04819295883178711,21757867236.58022
b200,NVIDIA B200,8192,256,1,fp32,2097152,0.08009008407592773,0.07977317999999996,"void at::native::sbtopk::gatherTopK<float, unsigned int, 2, false>(at::cuda::detail::TensorInfo<float const, unsigned int>, unsigned int, unsigned int, bool, unsigned int, unsigned int, at::cuda::detail::TensorInfo<float, unsigned int>, unsigned int, at::cuda::detail::TensorInfo<long, unsigned int>, unsigned int, float*)",26184914452.229053,26288935704.957497,0.04818640232086182,43521655466.94195
b200,NVIDIA B200,8192,256,1,bf16,2097152,0.08048864364624024,0.08012269,"void at::native::sbtopk::gatherTopK<c10::BFloat16, unsigned int, 2, false>(at::cuda::detail::TensorInfo<c10::BFloat16 const, unsigned int>, unsigned int, unsigned int, bool, unsigned int, unsigned int, at::cuda::detail::TensorInfo<c10::BFloat16, unsigned int>, unsigned int, at::cuda::detail::TensorInfo<long, unsigned int>, unsigned int, c10::BFloat16*)",26055253325.143612,26174258502.80364,0.04811423778533935,43586931780.07722
b200,NVIDIA B200,8192,256,2,fp32,2097152,0.0983944034576416,0.08752940000000001,"void at::native::sbtopk::gatherTopK<float, unsigned int, 2, false>(at::cuda::detail::TensorInfo<float const, unsigned int>, unsigned int, unsigned int, bool, unsigned int, unsigned int, at::cuda::detail::TensorInfo<float, unsigned int>, unsigned int, at::cuda::detail::TensorInfo<long, unsigned int>, unsigned int, float*)",21313732552.917156,23959401069.81197,0.048246722221374515,43467243025.90879
b200,NVIDIA B200,8192,256,2,bf16,2097152,0.09834719657897949,0.08710369999999992,"void at::native::sbtopk::gatherTopK<c10::BFloat16, unsigned int, 2, false>(at::cuda::detail::TensorInfo<c10::BFloat16 const, unsigned int>, unsigned int, unsigned int, bool, unsigned int, unsigned int, at::cuda::detail::TensorInfo<c10::BFloat16, unsigned int>, unsigned int, at::cuda::detail::TensorInfo<long, unsigned int>, unsigned int, c10::BFloat16*)",21323963193.153595,24076497324.453518,0.04738607883453369,44256711075.904686
b200,NVIDIA B200,8192,256,3,fp32,2097152,0.10136207580566406,0.090488615,"void at::native::sbtopk::gatherTopK<float, unsigned int, 2, false>(at::cuda::detail::TensorInfo<float const, unsigned int>, unsigned int, unsigned int, bool, unsigned int, unsigned int, at::cuda::detail::TensorInfo<float, unsigned int>, unsigned int, at::cuda::detail::TensorInfo<long, unsigned int>, unsigned int, float*)",20689710459.568275,23175865825.772667,0.04712768077850342,44499367788.88946
b200,NVIDIA B200,8192,256,3,bf16,2097152,0.1004310417175293,0.08935328500000009,"void at::native::sbtopk::gatherTopK<c10::BFloat16, unsigned int, 2, false>(at::cuda::detail::TensorInfo<c10::BFloat16 const, unsigned int>, unsigned int, unsigned int, bool, unsigned int, unsigned int, at::cuda::detail::TensorInfo<c10::BFloat16, unsigned int>, unsigned int, at::cuda::detail::TensorInfo<long, unsigned int>, unsigned int, c10::BFloat16*)",20881511972.149162,23470340234.2734,0.047611360549926755,44047302487.835045
b200,NVIDIA B200,8192,256,4,fp32,2097152,0.10261504173278808,0.09194009499999999,"void at::native::sbtopk::gatherTopK<float, unsigned int, 2, false>(at::cuda::detail::TensorInfo<float const, unsigned int>, unsigned int, unsigned int, bool, unsigned int, unsigned int, at::cuda::detail::TensorInfo<float, unsigned int>, unsigned int, at::cuda::detail::TensorInfo<long, unsigned int>, unsigned int, float*)",20437081782.42554,22809982956.837276,0.04727503776550293,44360662605.97073
b200,NVIDIA B200,8192,256,4,bf16,2097152,0.10061296463012695,0.09014783000000003,"void at::native::sbtopk::gatherTopK<c10::BFloat16, unsigned int, 2, false>(at::cuda::detail::TensorInfo<c10::BFloat16 const, unsigned int>, unsigned int, unsigned int, bool, unsigned int, unsigned int, at::cuda::detail::TensorInfo<c10::BFloat16, unsigned int>, unsigned int, at::cuda::detail::TensorInfo<long, unsigned int>, unsigned int, c10::BFloat16*)",20843755153.319885,23263477334.95082,0.04743552207946777,44210581186.11372
b200,NVIDIA B200,8192,256,8,fp32,2097152,0.10073920249938965,0.09009638500000004,"void at::native::sbtopk::gatherTopK<float, unsigned int, 2, false>(at::cuda::detail::TensorInfo<float const, unsigned int>, unsigned int, unsigned int, bool, unsigned int, unsigned int, at::cuda::detail::TensorInfo<float, unsigned int>, unsigned int, at::cuda::detail::TensorInfo<long, unsigned int>, unsigned int, float*)",20817635517.937576,23276760771.256237,0.04772736072540283,43940246603.323975
b200,NVIDIA B200,8192,256,8,bf16,2097152,0.09855296134948731,0.088098575,"void at::native::sbtopk::gatherTopK<c10::BFloat16, unsigned int, 2, false>(at::cuda::detail::TensorInfo<c10::BFloat16 const, unsigned int>, unsigned int, unsigned int, bool, unsigned int, unsigned int, at::cuda::detail::TensorInfo<c10::BFloat16, unsigned int>, unsigned int, at::cuda::detail::TensorInfo<long, unsigned int>, unsigned int, c10::BFloat16*)",21279441746.68791,23804607509.258804,0.0471992015838623,44431938033.397354
b200,NVIDIA B200,16384,32,1,fp32,524288,0.022593278884887696,0.021036670000000018,"void at::native::sbtopk::gatherTopK<float, unsigned int, 2, false>(at::cuda::detail::TensorInfo<float const, unsigned int>, unsigned int, unsigned int, bool, unsigned int, unsigned int, at::cuda::detail::TensorInfo<float, unsigned int>, unsigned int, at::cuda::detail::TensorInfo<long, unsigned int>, unsigned int, float*)",23205485253.877354,24922575673.811474,0.04711008071899414,11128998125.206232
b200,NVIDIA B200,16384,32,1,bf16,524288,0.022584960460662842,0.02088880000000001,"void at::native::sbtopk::gatherTopK<c10::BFloat16, unsigned int, 2, false>(at::cuda::detail::TensorInfo<c10::BFloat16 const, unsigned int>, unsigned int, unsigned int, bool, unsigned int, unsigned int, at::cuda::detail::TensorInfo<c10::BFloat16, unsigned int>, unsigned int, at::cuda::detail::TensorInfo<long, unsigned int>, unsigned int, c10::BFloat16*)",23214032227.914417,25099000421.278378,0.04732240200042725,11079065682.15338
b200,NVIDIA B200,16384,32,2,fp32,524288,0.04307487964630127,0.025243104999999984,"void at::native::sbtopk::gatherTopK<float, unsigned int, 2, false>(at::cuda::detail::TensorInfo<float const, unsigned int>, unsigned int, unsigned int, bool, unsigned int, unsigned int, at::cuda::detail::TensorInfo<float, unsigned int>, unsigned int, at::cuda::detail::TensorInfo<long, unsigned int>, unsigned int, float*)",12171548807.682373,20769552715.4841,0.04740528106689453,11059696054.964146
b200,NVIDIA B200,16384,32,2,bf16,524288,0.04269567966461182,0.024462235000000013,"void at::native::sbtopk::gatherTopK<c10::BFloat16, unsigned int, 2, false>(at::cuda::detail::TensorInfo<c10::BFloat16 const, unsigned int>, unsigned int, unsigned int, bool, unsigned int, unsigned int, at::cuda::detail::TensorInfo<c10::BFloat16, unsigned int>, unsigned int, at::cuda::detail::TensorInfo<long, unsigned int>, unsigned int, c10::BFloat16*)",12279649934.57065,21432546944.30005,0.04725215911865235,11095535310.534462
b200,NVIDIA B200,16384,32,3,fp32,524288,0.04307951927185059,0.025263679999999976,"void at::native::sbtopk::gatherTopK<float, unsigned int, 2, false>(at::cuda::detail::TensorInfo<float const, unsigned int>, unsigned int, unsigned int, bool, unsigned int, unsigned int, at::cuda::detail::TensorInfo<float, unsigned int>, unsigned int, at::cuda::detail::TensorInfo<long, unsigned int>, unsigned int, float*)",12170237942.803253,20752637778.81926,0.04742735862731934,11054547737.3053
b200,NVIDIA B200,16384,32,3,bf16,524288,0.04305888175964356,0.02471780500000003,"void at::native::sbtopk::gatherTopK<c10::BFloat16, unsigned int, 2, false>(at::cuda::detail::TensorInfo<c10::BFloat16 const, unsigned int>, unsigned int, unsigned int, bool, unsigned int, unsigned int, at::cuda::detail::TensorInfo<c10::BFloat16, unsigned int>, unsigned int, at::cuda::detail::TensorInfo<long, unsigned int>, unsigned int, c10::BFloat16*)",12176070965.488539,21210944903.88606,0.047603998184204105,11013528695.032354
b200,NVIDIA B200,16384,32,4,fp32,524288,0.04308127880096436,0.02512419500000003,"void at::native::sbtopk::gatherTopK<float, unsigned int, 2, false>(at::cuda::detail::TensorInfo<float const, unsigned int>, unsigned int, unsigned int, bool, unsigned int, unsigned int, at::cuda::detail::TensorInfo<float, unsigned int>, unsigned int, at::cuda::detail::TensorInfo<long, unsigned int>, unsigned int, float*)",12169740884.949404,20867852681.449074,0.04777647972106933,10973767909.668531
b200,NVIDIA B200,16384,32,4,bf16,524288,0.04305856227874756,0.02487780999999996,"void at::native::sbtopk::gatherTopK<c10::BFloat16, unsigned int, 2, false>(at::cuda::detail::TensorInfo<c10::BFloat16 const, unsigned int>, unsigned int, unsigned int, bool, unsigned int, unsigned int, at::cuda::detail::TensorInfo<c10::BFloat16, unsigned int>, unsigned int, at::cuda::detail::TensorInfo<long, unsigned int>, unsigned int, c10::BFloat16*)",12176161308.079092,21074523842.73378,0.04773888111114502,10982410726.790176
b200,NVIDIA B200,16384,32,8,fp32,524288,0.043100957870483396,0.02557753500000001,"void at::native::sbtopk::gatherTopK<float, unsigned int, 2, false>(at::cuda::detail::TensorInfo<float const, unsigned int>, unsigned int, unsigned int, bool, unsigned int, unsigned int, at::cuda::detail::TensorInfo<float, unsigned int>, unsigned int, at::cuda::detail::TensorInfo<long, unsigned int>, unsigned int, float*)",12164184415.006828,20497987784.983963,0.047000160217285154,11155025803.660637
b200,NVIDIA B200,16384,32,8,bf16,524288,0.043064961433410646,0.024857054999999982,"void at::native::sbtopk::gatherTopK<c10::BFloat16, unsigned int, 2, false>(at::cuda::detail::TensorInfo<c10::BFloat16 const, unsigned int>, unsigned int, unsigned int, bool, unsigned int, unsigned int, at::cuda::detail::TensorInfo<c10::BFloat16, unsigned int>, unsigned int, at::cuda::detail::TensorInfo<long, unsigned int>, unsigned int, c10::BFloat16*)",12174352014.93637,21092120526.747852,0.047354722023010255,11071504120.438969
b200,NVIDIA B200,16384,64,1,fp32,1048576,0.03764015913009643,0.03664016000000001,"void at::native::sbtopk::gatherTopK<float, unsigned int, 2, false>(at::cuda::detail::TensorInfo<float const, unsigned int>, unsigned int, unsigned int, bool, unsigned int, unsigned int, at::cuda::detail::TensorInfo<float, unsigned int>, unsigned int, at::cuda::detail::TensorInfo<long, unsigned int>, unsigned int, float*)",27857905604.909527,28618215640.979725,0.046733279228210446,22437458216.43582
b200,NVIDIA B200,16384,64,1,bf16,1048576,0.037858879566192626,0.03675892500000001,"void at::native::sbtopk::gatherTopK<c10::BFloat16, unsigned int, 2, false>(at::cuda::detail::TensorInfo<c10::BFloat16 const, unsigned int>, unsigned int, unsigned int, bool, unsigned int, unsigned int, at::cuda::detail::TensorInfo<c10::BFloat16, unsigned int>, unsigned int, at::cuda::detail::TensorInfo<long, unsigned int>, unsigned int, c10::BFloat16*)",27696963354.836353,28525752589.337135,0.046940159797668454,22338569031.71607
b200,NVIDIA B200,16384,64,2,fp32,1048576,0.06159167766571045,0.04435713000000001,"void at::native::sbtopk::gatherTopK<float, unsigned int, 2, false>(at::cuda::detail::TensorInfo<float const, unsigned int>, unsigned int, unsigned int, bool, unsigned int, unsigned int, at::cuda::detail::TensorInfo<float, unsigned int>, unsigned int, at::cuda::detail::TensorInfo<long, unsigned int>, unsigned int, float*)",17024637739.065308,23639401376.960136,0.047369279861450196,22136203106.041862
b200,NVIDIA B200,16384,64,2,bf16,1048576,0.06150688171386719,0.04401945500000006,"void at::native::sbtopk::gatherTopK<c10::BFloat16, unsigned int, 2, false>(at::cuda::detail::TensorInfo<c10::BFloat16 const, unsigned int>, unsigned int, unsigned int, bool, unsigned int, unsigned int, at::cuda::detail::TensorInfo<c10::BFloat16, unsigned int>, unsigned int, at::cuda::detail::TensorInfo<long, unsigned int>, unsigned int, c10::BFloat16*)",17048108614.545332,23820740170.454147,0.0469163179397583,22349921009.282894
b200,NVIDIA B200,16384,64,3,fp32,1048576,0.0617252779006958,0.04452881999999999,"void at::native::sbtopk::gatherTopK<float, unsigned int, 2, false>(at::cuda::detail::TensorInfo<float const, unsigned int>, unsigned int, unsigned int, bool, unsigned int, unsigned int, at::cuda::detail::TensorInfo<float, unsigned int>, unsigned int, at::cuda::detail::TensorInfo<long, unsigned int>, unsigned int, float*)",16987789049.519695,23548254815.645245,0.04712607860565186,22250440329.958702
b200,NVIDIA B200,16384,64,3,bf16,1048576,0.06152912139892578,0.04425023500000002,"void at::native::sbtopk::gatherTopK<c10::BFloat16, unsigned int, 2, false>(at::cuda::detail::TensorInfo<c10::BFloat16 const, unsigned int>, unsigned int, unsigned int, bool, unsigned int, unsigned int, at::cuda::detail::TensorInfo<c10::BFloat16, unsigned int>, unsigned int, at::cuda::detail::TensorInfo<long, unsigned int>, unsigned int, c10::BFloat16*)",17041946580.084057,23696506922.505596,0.047264318466186526,22185361685.69032
b200,NVIDIA B200,16384,64,4,fp32,1048576,0.0626416015625,0.045016500000000015,"void at::native::sbtopk::gatherTopK<float, unsigned int, 2, false>(at::cuda::detail::TensorInfo<float const, unsigned int>, unsigned int, unsigned int, bool, unsigned int, unsigned int, at::cuda::detail::TensorInfo<float, unsigned int>, unsigned int, at::cuda::detail::TensorInfo<long, unsigned int>, unsigned int, float*)",16739291043.729053,23293148067.93064,0.04731696128845215,22160679203.546154
b200,NVIDIA B200,16384,64,4,bf16,1048576,0.06160399913787842,0.04456626999999999,"void at::native::sbtopk::gatherTopK<c10::BFloat16, unsigned int, 2, false>(at::cuda::detail::TensorInfo<c10::BFloat16 const, unsigned int>, unsigned int, unsigned int, bool, unsigned int, unsigned int, at::cuda::detail::TensorInfo<c10::BFloat16, unsigned int>, unsigned int, at::cuda::detail::TensorInfo<long, unsigned int>, unsigned int, c10::BFloat16*)",17021232625.712162,23528466708.11805,0.047519679069519045,22066142291.617393
b200,NVIDIA B200,16384,64,8,fp32,1048576,0.06360623836517335,0.046369529999999985,"void at::native::sbtopk::gatherTopK<float, unsigned int, 2, false>(at::cuda::detail::TensorInfo<float const, unsigned int>, unsigned int, unsigned int, bool, unsigned int, unsigned int, at::cuda::detail::TensorInfo<float, unsigned int>, unsigned int, at::cuda::detail::TensorInfo<long, unsigned int>, unsigned int, float*)",16485427010.79038,22613470526.874012,0.0474945592880249,22077813032.03679
b200,NVIDIA B200,16384,64,8,bf16,1048576,0.06352943897247315,0.045566730000000014,"void at::native::sbtopk::gatherTopK<c10::BFloat16, unsigned int, 2, false>(at::cuda::detail::TensorInfo<c10::BFloat16 const, unsigned int>, unsigned int, unsigned int, bool, unsigned int, unsigned int, at::cuda::detail::TensorInfo<c10::BFloat16, unsigned int>, unsigned int, at::cuda::detail::TensorInfo<long, unsigned int>, unsigned int, c10::BFloat16*)",16505355894.207415,23011877306.09591,0.04747712135314942,22085922021.26935
b200,NVIDIA B200,16384,128,1,fp32,2097152,0.07388319969177246,0.07345021500000004,"void at::native::sbtopk::gatherTopK<float, unsigned int, 2, false>(at::cuda::detail::TensorInfo<float const, unsigned int>, unsigned int, unsigned int, bool, unsigned int, unsigned int, at::cuda::detail::TensorInfo<float, unsigned int>, unsigned int, at::cuda::detail::TensorInfo<long, unsigned int>, unsigned int, float*)",28384693797.087082,28552019895.38082,0.04647759914398193,45121779924.63162
b200,NVIDIA B200,16384,128,1,bf16,2097152,0.07461088180541992,0.07405851,"void at::native::sbtopk::gatherTopK<c10::BFloat16, unsigned int, 2, false>(at::cuda::detail::TensorInfo<c10::BFloat16 const, unsigned int>, unsigned int, unsigned int, bool, unsigned int, unsigned int, at::cuda::detail::TensorInfo<c10::BFloat16, unsigned int>, unsigned int, at::cuda::detail::TensorInfo<long, unsigned int>, unsigned int, c10::BFloat16*)",28107857047.839603,28317501931.918427,0.04703311920166016,44588835178.21151
b200,NVIDIA B200,16384,128,2,fp32,2097152,0.1024180793762207,0.0848712050000001,"void at::native::sbtopk::gatherTopK<float, unsigned int, 2, false>(at::cuda::detail::TensorInfo<float const, unsigned int>, unsigned int, unsigned int, bool, unsigned int, unsigned int, at::cuda::detail::TensorInfo<float, unsigned int>, unsigned int, at::cuda::detail::TensorInfo<long, unsigned int>, unsigned int, float*)",20476384763.04911,24709817658.41545,0.04762176036834717,44037683272.9165
b200,NVIDIA B200,16384,128,2,bf16,2097152,0.10240240097045898,0.08466161500000004,"void at::native::sbtopk::gatherTopK<c10::BFloat16, unsigned int, 2, false>(at::cuda::detail::TensorInfo<c10::BFloat16 const, unsigned int>, unsigned int, unsigned int, bool, unsigned int, unsigned int, at::cuda::detail::TensorInfo<c10::BFloat16, unsigned int>, unsigned int, at::cuda::detail::TensorInfo<long, unsigned int>, unsigned int, c10::BFloat16*)",20479519817.167038,24770989780.906013,0.04769760131835937,43967661727.944824
b200,NVIDIA B200,16384,128,3,fp32,2097152,0.1025879955291748,0.08580109500000006,"void at::native::sbtopk::gatherTopK<float, unsigned int, 2, false>(at::cuda::detail::TensorInfo<float const, unsigned int>, unsigned int, unsigned int, bool, unsigned int, unsigned int, at::cuda::detail::TensorInfo<float, unsigned int>, unsigned int, at::cuda::detail::TensorInfo<long, unsigned int>, unsigned int, float*)",20442469795.636032,24442019067.472256,0.047600960731506346,44056925905.949776
b200,NVIDIA B200,16384,128,3,bf16,2097152,0.10247167587280273,0.08533124500000006,"void at::native::sbtopk::gatherTopK<c10::BFloat16, unsigned int, 2, false>(at::cuda::detail::TensorInfo<c10::BFloat16 const, unsigned int>, unsigned int, unsigned int, bool, unsigned int, unsigned int, at::cuda::detail::TensorInfo<c10::BFloat16, unsigned int>, unsigned int, at::cuda::detail::TensorInfo<long, unsigned int>, unsigned int, c10::BFloat16*)",20465674852.46536,24576601454.71918,0.047616801261901855,44042269628.00899
b200,NVIDIA B200,16384,128,4,fp32,2097152,0.10254480361938477,0.08561090500000006,"void at::native::sbtopk::gatherTopK<float, unsigned int, 2, false>(at::cuda::detail::TensorInfo<float const, unsigned int>, unsigned int, unsigned int, bool, unsigned int, unsigned int, at::cuda::detail::TensorInfo<float, unsigned int>, unsigned int, at::cuda::detail::TensorInfo<long, unsigned int>, unsigned int, float*)",20451080171.590096,24496318547.269165,0.12898608207702636,16258746418.451937
b200,NVIDIA B200,16384,128,4,bf16,2097152,0.10245216369628907,0.08496211000000008,"void at::native::sbtopk::gatherTopK<c10::BFloat16, unsigned int, 2, false>(at::cuda::detail::TensorInfo<c10::BFloat16 const, unsigned int>, unsigned int, unsigned int, bool, unsigned int, unsigned int, at::cuda::detail::TensorInfo<c10::BFloat16, unsigned int>, unsigned int, at::cuda::detail::TensorInfo<long, unsigned int>, unsigned int, c10::BFloat16*)",20469572572.589417,24683379449.96891,0.04736432075500488,44277041591.025
b200,NVIDIA B200,16384,128,8,fp32,2097152,0.10399744033813477,0.08653598499999994,"void at::native::sbtopk::gatherTopK<float, unsigned int, 2, false>(at::cuda::detail::TensorInfo<float const, unsigned int>, unsigned int, unsigned int, bool, unsigned int, unsigned int, at::cuda::detail::TensorInfo<float, unsigned int>, unsigned int, at::cuda::detail::TensorInfo<long, unsigned int>, unsigned int, float*)",20165419390.91357,24234449980.548573,0.04747712135314942,44171844042.5387
b200,NVIDIA B200,16384,128,8,bf16,2097152,0.10251728057861328,0.08539720500000005,"void at::native::sbtopk::gatherTopK<c10::BFloat16, unsigned int, 2, false>(at::cuda::detail::TensorInfo<c10::BFloat16 const, unsigned int>, unsigned int, unsigned int, bool, unsigned int, unsigned int, at::cuda::detail::TensorInfo<c10::BFloat16, unsigned int>, unsigned int, at::cuda::detail::TensorInfo<long, unsigned int>, unsigned int, c10::BFloat16*)",20456570718.258972,24557618718.317524,0.047622880935668944,44036647065.36599
b200,NVIDIA B200,16384,256,1,fp32,4194304,0.15380319595336914,0.15423795500000004,"void at::native::sbtopk::gatherTopK<float, unsigned int, 2, false>(at::cuda::detail::TensorInfo<float const, unsigned int>, unsigned int, unsigned int, bool, unsigned int, unsigned int, at::cuda::detail::TensorInfo<float, unsigned int>, unsigned int, at::cuda::detail::TensorInfo<long, unsigned int>, unsigned int, float*)",27270590666.215096,27193721545.387447,0.046807680130004886,89607175325.72922
b200,NVIDIA B200,16384,256,1,bf16,4194304,0.15434351921081543,0.15475684000000003,"void at::native::sbtopk::gatherTopK<c10::BFloat16, unsigned int, 2, false>(at::cuda::detail::TensorInfo<c10::BFloat16 const, unsigned int>, unsigned int, unsigned int, bool, unsigned int, unsigned int, at::cuda::detail::TensorInfo<c10::BFloat16, unsigned int>, unsigned int, at::cuda::detail::TensorInfo<long, unsigned int>, unsigned int, c10::BFloat16*)",27175122230.244503,27102543577.395344,0.04690991878509521,89411879377.0469
b200,NVIDIA B200,16384,256,2,fp32,4194304,0.1862775993347168,0.16969866500000005,"void at::native::sbtopk::gatherTopK<float, unsigned int, 2, false>(at::cuda::detail::TensorInfo<float const, unsigned int>, unsigned int, unsigned int, bool, unsigned int, unsigned int, at::cuda::detail::TensorInfo<float, unsigned int>, unsigned int, at::cuda::detail::TensorInfo<long, unsigned int>, unsigned int, float*)",22516416439.656693,24716187366.588882,0.04721983909606933,88825037956.32675
b200,NVIDIA B200,16384,256,2,bf16,4194304,0.18557487487792967,0.16914114,"void at::native::sbtopk::gatherTopK<c10::BFloat16, unsigned int, 2, false>(at::cuda::detail::TensorInfo<c10::BFloat16 const, unsigned int>, unsigned int, unsigned int, bool, unsigned int, unsigned int, at::cuda::detail::TensorInfo<c10::BFloat16, unsigned int>, unsigned int, at::cuda::detail::TensorInfo<long, unsigned int>, unsigned int, c10::BFloat16*)",22601680333.92987,24797657151.891018,0.0477948808670044,87756343857.64467
b200,NVIDIA B200,16384,256,3,fp32,4194304,0.19175519943237304,0.17543581999999985,"void at::native::sbtopk::gatherTopK<float, unsigned int, 2, false>(at::cuda::detail::TensorInfo<float const, unsigned int>, unsigned int, unsigned int, bool, unsigned int, unsigned int, at::cuda::detail::TensorInfo<float, unsigned int>, unsigned int, at::cuda::detail::TensorInfo<long, unsigned int>, unsigned int, float*)",21873221755.737682,23907911166.602142,0.04748799800872803,88323453838.35954
b200,NVIDIA B200,16384,256,3,bf16,4194304,0.19023616790771483,0.17346885499999995,"void at::native::sbtopk::gatherTopK<c10::BFloat16, unsigned int, 2, false>(at::cuda::detail::TensorInfo<c10::BFloat16 const, unsigned int>, unsigned int, unsigned int, bool, unsigned int, unsigned int, at::cuda::detail::TensorInfo<c10::BFloat16, unsigned int>, unsigned int, at::cuda::detail::TensorInfo<long, unsigned int>, unsigned int, c10::BFloat16*)",22047878939.79599,24179003199.162186,0.04745151996612549,88391351910.20674
b200,NVIDIA B200,16384,256,4,fp32,4194304,0.19309167861938475,0.17724595500000004,"void at::native::sbtopk::gatherTopK<float, unsigned int, 2, false>(at::cuda::detail::TensorInfo<float const, unsigned int>, unsigned int, unsigned int, bool, unsigned int, unsigned int, at::cuda::detail::TensorInfo<float, unsigned int>, unsigned int, at::cuda::detail::TensorInfo<long, unsigned int>, unsigned int, float*)",21721826802.633263,23663750182.620525,0.04729951858520508,88675405700.89325
b200,NVIDIA B200,16384,256,4,bf16,4194304,0.19091535568237306,0.17510987499999997,"void at::native::sbtopk::gatherTopK<c10::BFloat16, unsigned int, 2, false>(at::cuda::detail::TensorInfo<c10::BFloat16 const, unsigned int>, unsigned int, unsigned int, bool, unsigned int, unsigned int, at::cuda::detail::TensorInfo<c10::BFloat16, unsigned int>, unsigned int, at::cuda::detail::TensorInfo<long, unsigned int>, unsigned int, c10::BFloat16*)",21969442871.73048,23952412735.147007,0.04780816078186035,87731967333.73244
b200,NVIDIA B200,16384,256,8,fp32,4194304,0.19052352905273437,0.17427756500000005,"void at::native::sbtopk::gatherTopK<float, unsigned int, 2, false>(at::cuda::detail::TensorInfo<float const, unsigned int>, unsigned int, unsigned int, bool, unsigned int, unsigned int, at::cuda::detail::TensorInfo<float, unsigned int>, unsigned int, at::cuda::detail::TensorInfo<long, unsigned int>, unsigned int, float*)",22014624759.753807,24066804008.880886,0.047758078575134276,87823968742.82558
b200,NVIDIA B200,16384,256,8,bf16,4194304,0.18679407119750976,0.17100227000000007,"void at::native::sbtopk::gatherTopK<c10::BFloat16, unsigned int, 2, false>(at::cuda::detail::TensorInfo<c10::BFloat16 const, unsigned int>, unsigned int, unsigned int, bool, unsigned int, unsigned int, at::cuda::detail::TensorInfo<c10::BFloat16, unsigned int>, unsigned int, at::cuda::detail::TensorInfo<long, unsigned int>, unsigned int, c10::BFloat16*)",22454160204.93008,24527767964.71765,0.06844751834869385,61277663547.0238
b200,NVIDIA B200,32768,32,1,fp32,1048576,0.037208480834960936,0.036540104999999996,"void at::native::sbtopk::gatherTopK<float, unsigned int, 2, false>(at::cuda::detail::TensorInfo<float const, unsigned int>, unsigned int, unsigned int, bool, unsigned int, unsigned int, at::cuda::detail::TensorInfo<float, unsigned int>, unsigned int, at::cuda::detail::TensorInfo<long, unsigned int>, unsigned int, float*)",28181102169.985996,28696578731.77978,0.1217966365814209,8609236095.768772
b200,NVIDIA B200,32768,32,1,bf16,1048576,0.060476641654968265,0.036783570000000036,"void at::native::sbtopk::gatherTopK<c10::BFloat16, unsigned int, 2, false>(at::cuda::detail::TensorInfo<c10::BFloat16 const, unsigned int>, unsigned int, unsigned int, bool, unsigned int, unsigned int, at::cuda::detail::TensorInfo<c10::BFloat16, unsigned int>, unsigned int, at::cuda::detail::TensorInfo<long, unsigned int>, unsigned int, c10::BFloat16*)",17338528914.72286,28506640328.820694,0.047322559356689456,22158057684.42181
b200,NVIDIA B200,32768,32,2,fp32,1048576,0.07220016002655029,0.044951449999999914,"void at::native::sbtopk::gatherTopK<float, unsigned int, 2, false>(at::cuda::detail::TensorInfo<float const, unsigned int>, unsigned int, unsigned int, bool, unsigned int, unsigned int, at::cuda::detail::TensorInfo<float, unsigned int>, unsigned int, at::cuda::detail::TensorInfo<long, unsigned int>, unsigned int, float*)",14523181106.723383,23326855974.612656,0.05098576068878174,20566055813.12265
b200,NVIDIA B200,32768,32,2,bf16,1048576,0.06972000122070313,0.04470694499999998,"void at::native::sbtopk::gatherTopK<c10::BFloat16, unsigned int, 2, false>(at::cuda::detail::TensorInfo<c10::BFloat16 const, unsigned int>, unsigned int, unsigned int, bool, unsigned int, unsigned int, at::cuda::detail::TensorInfo<c10::BFloat16, unsigned int>, unsigned int, at::cuda::detail::TensorInfo<long, unsigned int>, unsigned int, c10::BFloat16*)",15039816145.16422,23454431968.00856,0.05227424144744873,20059133733.277275
b200,NVIDIA B200,32768,32,3,fp32,1048576,0.07377056121826171,0.04566396500000009,"void at::native::sbtopk::gatherTopK<float, unsigned int, 2, false>(at::cuda::detail::TensorInfo<float const, unsigned int>, unsigned int, unsigned int, bool, unsigned int, unsigned int, at::cuda::detail::TensorInfo<float, unsigned int>, unsigned int, at::cuda::detail::TensorInfo<long, unsigned int>, unsigned int, float*)",14214016847.419992,22962876745.37237,0.047224478721618654,22204077808.485744
b200,NVIDIA B200,32768,32,3,bf16,1048576,0.07048448085784913,0.04511494999999993,"void at::native::sbtopk::gatherTopK<c10::BFloat16, unsigned int, 2, false>(at::cuda::detail::TensorInfo<c10::BFloat16 const, unsigned int>, unsigned int, unsigned int, bool, unsigned int, unsigned int, at::cuda::detail::TensorInfo<c10::BFloat16, unsigned int>, unsigned int, at::cuda::detail::TensorInfo<long, unsigned int>, unsigned int, c10::BFloat16*)",14876693241.377983,23242317679.616215,0.04758848190307617,22034239338.326504
b200,NVIDIA B200,32768,32,4,fp32,1048576,0.07378431797027588,0.04587703499999997,"void at::native::sbtopk::gatherTopK<float, unsigned int, 2, false>(at::cuda::detail::TensorInfo<float const, unsigned int>, unsigned int, unsigned int, bool, unsigned int, unsigned int, at::cuda::detail::TensorInfo<float, unsigned int>, unsigned int, at::cuda::detail::TensorInfo<long, unsigned int>, unsigned int, float*)",14211366708.335238,22856228611.984203,0.04699552059173584,22312254163.73815
b200,NVIDIA B200,32768,32,4,bf16,1048576,0.07172192096710205,0.04549055000000008,"void at::native::sbtopk::gatherTopK<c10::BFloat16, unsigned int, 2, false>(at::cuda::detail::TensorInfo<c10::BFloat16 const, unsigned int>, unsigned int, unsigned int, bool, unsigned int, unsigned int, at::cuda::detail::TensorInfo<c10::BFloat16, unsigned int>, unsigned int, at::cuda::detail::TensorInfo<long, unsigned int>, unsigned int, c10::BFloat16*)",14620021129.676222,23050413767.254917,0.047320318222045896,22159107110.811497
b200,NVIDIA B200,32768,32,8,fp32,1048576,0.07380239963531494,0.04612264500000005,"void at::native::sbtopk::gatherTopK<float, unsigned int, 2, false>(at::cuda::detail::TensorInfo<float const, unsigned int>, unsigned int, unsigned int, bool, unsigned int, unsigned int, at::cuda::detail::TensorInfo<float, unsigned int>, unsigned int, at::cuda::detail::TensorInfo<long, unsigned int>, unsigned int, float*)",14207884908.639872,22734515767.68849,0.052807040214538574,19856746292.539062
b200,NVIDIA B200,32768,32,8,bf16,1048576,0.07209551811218262,0.04548411000000003,"void at::native::sbtopk::gatherTopK<c10::BFloat16, unsigned int, 2, false>(at::cuda::detail::TensorInfo<c10::BFloat16 const, unsigned int>, unsigned int, unsigned int, bool, unsigned int, unsigned int, at::cuda::detail::TensorInfo<c10::BFloat16, unsigned int>, unsigned int, at::cuda::detail::TensorInfo<long, unsigned int>, unsigned int, c10::BFloat16*)",14544260551.236856,23053677427.127834,0.05360400199890137,19561524529.856762
b200,NVIDIA B200,32768,64,1,fp32,2097152,0.06791359901428223,0.06744276000000003,"void at::native::sbtopk::gatherTopK<float, unsigned int, 2, false>(at::cuda::detail::TensorInfo<float const, unsigned int>, unsigned int, unsigned int, bool, unsigned int, unsigned int, at::cuda::detail::TensorInfo<float, unsigned int>, unsigned int, at::cuda::detail::TensorInfo<long, unsigned int>, unsigned int, float*)",30879706427.559063,31095287322.1677,0.052652959823608396,39829707713.02556
b200,NVIDIA B200,32768,64,1,bf16,2097152,0.06891327857971191,0.06802096000000002,"void at::native::sbtopk::gatherTopK<c10::BFloat16, unsigned int, 2, false>(at::cuda::detail::TensorInfo<c10::BFloat16 const, unsigned int>, unsigned int, unsigned int, bool, unsigned int, unsigned int, at::cuda::detail::TensorInfo<c10::BFloat16, unsigned int>, unsigned int, at::cuda::detail::TensorInfo<long, unsigned int>, unsigned int, c10::BFloat16*)",30431754855.114414,30830967395.93207,0.0536843204498291,39064516090.12919
b200,NVIDIA B200,32768,64,2,fp32,2097152,0.11064512252807618,0.08313137999999999,"void at::native::sbtopk::gatherTopK<float, unsigned int, 2, false>(at::cuda::detail::TensorInfo<float const, unsigned int>, unsigned int, unsigned int, bool, unsigned int, unsigned int, at::cuda::detail::TensorInfo<float, unsigned int>, unsigned int, at::cuda::detail::TensorInfo<long, unsigned int>, unsigned int, float*)",18953858535.136494,25226960024.00057,0.053266558647155765,39370893357.15852
b200,NVIDIA B200,32768,64,2,bf16,2097152,0.10866671562194824,0.08353767999999995,"void at::native::sbtopk::gatherTopK<c10::BFloat16, unsigned int, 2, false>(at::cuda::detail::TensorInfo<c10::BFloat16 const, unsigned int>, unsigned int, unsigned int, bool, unsigned int, unsigned int, at::cuda::detail::TensorInfo<c10::BFloat16, unsigned int>, unsigned int, at::cuda::detail::TensorInfo<long, unsigned int>, unsigned int, c10::BFloat16*)",19298936090.936962,25104264327.187458,0.05365920066833496,39082803580.36639
b200,NVIDIA B200,32768,64,3,fp32,2097152,0.11150752067565918,0.08418852999999994,"void at::native::sbtopk::gatherTopK<float, unsigned int, 2, false>(at::cuda::detail::TensorInfo<float const, unsigned int>, unsigned int, unsigned int, bool, unsigned int, unsigned int, at::cuda::detail::TensorInfo<float, unsigned int>, unsigned int, at::cuda::detail::TensorInfo<long, unsigned int>, unsigned int, float*)",18807269566.148506,24910186696.453796,0.053799519538879396,38980868564.90321
b200,NVIDIA B200,32768,64,3,bf16,2097152,0.10876943588256836,0.08395240999999999,"void at::native::sbtopk::gatherTopK<c10::BFloat16, unsigned int, 2, false>(at::cuda::detail::TensorInfo<c10::BFloat16 const, unsigned int>, unsigned int, unsigned int, bool, unsigned int, unsigned int, at::cuda::detail::TensorInfo<c10::BFloat16, unsigned int>, unsigned int, at::cuda::detail::TensorInfo<long, unsigned int>, unsigned int, c10::BFloat16*)",19280710458.62705,24980247737.97441,0.05253615856170654,39918259298.2466
b200,NVIDIA B200,32768,64,4,fp32,2097152,0.11270144462585449,0.08511668999999998,"void at::native::sbtopk::gatherTopK<float, unsigned int, 2, false>(at::cuda::detail::TensorInfo<float const, unsigned int>, unsigned int, unsigned int, bool, unsigned int, unsigned int, at::cuda::detail::TensorInfo<float, unsigned int>, unsigned int, at::cuda::detail::TensorInfo<long, unsigned int>, unsigned int, float*)",18608031218.784386,24638552086.55318,0.0535811185836792,39139757725.005615
b200,NVIDIA B200,32768,64,4,bf16,2097152,0.11007599830627442,0.08440358499999998,"void at::native::sbtopk::gatherTopK<c10::BFloat16, unsigned int, 2, false>(at::cuda::detail::TensorInfo<c10::BFloat16 const, unsigned int>, unsigned int, unsigned int, bool, unsigned int, unsigned int, at::cuda::detail::TensorInfo<c10::BFloat16, unsigned int>, unsigned int, at::cuda::detail::TensorInfo<long, unsigned int>, unsigned int, c10::BFloat16*)",19051855375.09189,24846717115.15572,0.0543561601638794,38581680414.46006
b200,NVIDIA B200,32768,64,8,fp32,2097152,0.11494943618774414,0.08789211999999991,"void at::native::sbtopk::gatherTopK<float, unsigned int, 2, false>(at::cuda::detail::TensorInfo<float const, unsigned int>, unsigned int, unsigned int, bool, unsigned int, unsigned int, at::cuda::detail::TensorInfo<float, unsigned int>, unsigned int, at::cuda::detail::TensorInfo<long, unsigned int>, unsigned int, float*)",18244126022.286636,23860523560.01883,0.05334256172180176,39314797270.84176
b200,NVIDIA B200,32768,64,8,bf16,2097152,0.11248335838317872,0.08653833000000011,"void at::native::sbtopk::gatherTopK<c10::BFloat16, unsigned int, 2, false>(at::cuda::detail::TensorInfo<c10::BFloat16 const, unsigned int>, unsigned int, unsigned int, bool, unsigned int, unsigned int, at::cuda::detail::TensorInfo<c10::BFloat16, unsigned int>, unsigned int, at::cuda::detail::TensorInfo<long, unsigned int>, unsigned int, c10::BFloat16*)",18644109049.944744,24233793279.8102,0.05359519958496094,39129474584.29599
b200,NVIDIA B200,32768,128,1,fp32,4194304,0.14140992164611815,0.14148997500000005,"void at::native::sbtopk::gatherTopK<float, unsigned int, 2, false>(at::cuda::detail::TensorInfo<float const, unsigned int>, unsigned int, unsigned int, bool, unsigned int, unsigned int, at::cuda::detail::TensorInfo<float, unsigned int>, unsigned int, at::cuda::detail::TensorInfo<long, unsigned int>, unsigned int, float*)",29660606209.06325,29643824588.98589,0.05291359901428223,79267033014.85674
b200,NVIDIA B200,32768,128,1,bf16,4194304,0.14308192253112792,0.14283660999999992,"void at::native::sbtopk::gatherTopK<c10::BFloat16, unsigned int, 2, false>(at::cuda::detail::TensorInfo<c10::BFloat16 const, unsigned int>, unsigned int, unsigned int, bool, unsigned int, unsigned int, at::cuda::detail::TensorInfo<c10::BFloat16, unsigned int>, unsigned int, at::cuda::detail::TensorInfo<long, unsigned int>, unsigned int, c10::BFloat16*)",29314003654.70709,29364348537.815357,0.05286479949951172,79340204440.55104
b200,NVIDIA B200,32768,128,2,fp32,4194304,0.19056255340576173,0.16413805499999995,"void at::native::sbtopk::gatherTopK<float, unsigned int, 2, false>(at::cuda::detail::TensorInfo<float const, unsigned int>, unsigned int, unsigned int, bool, unsigned int, unsigned int, at::cuda::detail::TensorInfo<float, unsigned int>, unsigned int, at::cuda::detail::TensorInfo<long, unsigned int>, unsigned int, float*)",22010116494.761368,25553513473.764515,0.05312191963195801,78956182853.69186
b200,NVIDIA B200,32768,128,2,bf16,4194304,0.18856271743774414,0.1642807299999999,"void at::native::sbtopk::gatherTopK<c10::BFloat16, unsigned int, 2, false>(at::cuda::detail::TensorInfo<c10::BFloat16 const, unsigned int>, unsigned int, unsigned int, bool, unsigned int, unsigned int, at::cuda::detail::TensorInfo<c10::BFloat16, unsigned int>, unsigned int, at::cuda::detail::TensorInfo<long, unsigned int>, unsigned int, c10::BFloat16*)",22243548761.884975,25531320685.024975,0.053958401679992676,77732176443.52896
b200,NVIDIA B200,32768,128,3,fp32,4194304,0.1925542449951172,0.16594532999999997,"void at::native::sbtopk::gatherTopK<float, unsigned int, 2, false>(at::cuda::detail::TensorInfo<float const, unsigned int>, unsigned int, unsigned int, bool, unsigned int, unsigned int, at::cuda::detail::TensorInfo<float, unsigned int>, unsigned int, at::cuda::detail::TensorInfo<long, unsigned int>, unsigned int, float*)",21782454082.51768,25275215638.788994,0.04829984188079834,86838876416.02095
b200,NVIDIA B200,32768,128,3,bf16,4194304,0.19046640396118164,0.16567095499999993,"void at::native::sbtopk::gatherTopK<c10::BFloat16, unsigned int, 2, false>(at::cuda::detail::TensorInfo<c10::BFloat16 const, unsigned int>, unsigned int, unsigned int, bool, unsigned int, unsigned int, at::cuda::detail::TensorInfo<c10::BFloat16, unsigned int>, unsigned int, at::cuda::detail::TensorInfo<long, unsigned int>, unsigned int, c10::BFloat16*)",22021227433.132133,25317075041.910645,0.047342081069946286,88595682851.43742
b200,NVIDIA B200,32768,128,4,fp32,4194304,0.19225248336791992,0.16521638999999969,"void at::native::sbtopk::gatherTopK<float, unsigned int, 2, false>(at::cuda::detail::TensorInfo<float const, unsigned int>, unsigned int, unsigned int, bool, unsigned int, unsigned int, at::cuda::detail::TensorInfo<float, unsigned int>, unsigned int, at::cuda::detail::TensorInfo<long, unsigned int>, unsigned int, float*)",21816644063.69837,25386730699.054787,0.04765408039093018,88015631937.32904
b200,NVIDIA B200,32768,128,4,bf16,4194304,0.1895412826538086,0.16505881500000016,"void at::native::sbtopk::gatherTopK<c10::BFloat16, unsigned int, 2, false>(at::cuda::detail::TensorInfo<c10::BFloat16 const, unsigned int>, unsigned int, unsigned int, bool, unsigned int, unsigned int, at::cuda::detail::TensorInfo<c10::BFloat16, unsigned int>, unsigned int, at::cuda::detail::TensorInfo<long, unsigned int>, unsigned int, c10::BFloat16*)",22128709594.41996,25410966387.950836,0.04718463897705078,88891302146.87
b200,NVIDIA B200,32768,128,8,fp32,4194304,0.19462656021118163,0.16790698499999987,"void at::native::sbtopk::gatherTopK<float, unsigned int, 2, false>(at::cuda::detail::TensorInfo<float const, unsigned int>, unsigned int, unsigned int, bool, unsigned int, unsigned int, at::cuda::detail::TensorInfo<float, unsigned int>, unsigned int, at::cuda::detail::TensorInfo<long, unsigned int>, unsigned int, float*)",21550522166.39356,24979925641.568775,0.04760672092437744,88103190443.68942
b200,NVIDIA B200,32768,128,8,bf16,4194304,0.19053680419921876,0.16593741000000012,"void at::native::sbtopk::gatherTopK<c10::BFloat16, unsigned int, 2, false>(at::cuda::detail::TensorInfo<c10::BFloat16 const, unsigned int>, unsigned int, unsigned int, bool, unsigned int, unsigned int, at::cuda::detail::TensorInfo<c10::BFloat16, unsigned int>, unsigned int, at::cuda::detail::TensorInfo<long, unsigned int>, unsigned int, c10::BFloat16*)",22013090949.161606,25276421995.49816,0.0471017599105835,89047713035.82573
b200,NVIDIA B200,32768,256,1,fp32,8388608,0.30101312637329103,0.30277315499999996,"void at::native::sbtopk::gatherTopK<float, unsigned int, 2, false>(at::cuda::detail::TensorInfo<float const, unsigned int>, unsigned int, unsigned int, bool, unsigned int, unsigned int, at::cuda::detail::TensorInfo<float, unsigned int>, unsigned int, at::cuda::detail::TensorInfo<long, unsigned int>, unsigned int, float*)",27867914270.28055,27705917322.8221,0.04732736110687256,177246476537.26596
b200,NVIDIA B200,32768,256,1,bf16,8388608,0.3015950393676758,0.304000365,"void at::native::sbtopk::gatherTopK<c10::BFloat16, unsigned int, 2, false>(at::cuda::detail::TensorInfo<c10::BFloat16 const, unsigned int>, unsigned int, unsigned int, bool, unsigned int, unsigned int, at::cuda::detail::TensorInfo<c10::BFloat16, unsigned int>, unsigned int, at::cuda::detail::TensorInfo<long, unsigned int>, unsigned int, c10::BFloat16*)",27814144481.910435,27594072132.117344,0.04738160133361816,177043573114.7001
b200,NVIDIA B200,32768,256,2,fp32,8388608,0.3585467147827148,0.33401963499999987,"void at::native::sbtopk::gatherTopK<float, unsigned int, 2, false>(at::cuda::detail::TensorInfo<float const, unsigned int>, unsigned int, unsigned int, bool, unsigned int, unsigned int, at::cuda::detail::TensorInfo<float, unsigned int>, unsigned int, at::cuda::detail::TensorInfo<long, unsigned int>, unsigned int, float*)",23396136832.77961,25114116420.13202,0.047272958755493165,177450454146.26675
b200,NVIDIA B200,32768,256,2,bf16,8388608,0.3556062316894531,0.3328441399999999,"void at::native::sbtopk::gatherTopK<c10::BFloat16, unsigned int, 2, false>(at::cuda::detail::TensorInfo<c10::BFloat16 const, unsigned int>, unsigned int, unsigned int, bool, unsigned int, unsigned int, at::cuda::detail::TensorInfo<c10::BFloat16, unsigned int>, unsigned int, at::cuda::detail::TensorInfo<long, unsigned int>, unsigned int, c10::BFloat16*)",23589597854.1953,25202811141.57516,0.0481547212600708,174201153708.17676
b200,NVIDIA B200,32768,256,3,fp32,8388608,0.36880126953125,0.3442296950000002,"void at::native::sbtopk::gatherTopK<float, unsigned int, 2, false>(at::cuda::detail::TensorInfo<float const, unsigned int>, unsigned int, unsigned int, bool, unsigned int, unsigned int, at::cuda::detail::TensorInfo<float, unsigned int>, unsigned int, at::cuda::detail::TensorInfo<long, unsigned int>, unsigned int, float*)",22745604999.304916,24369216606.95192,0.047231040000915527,177607945957.51852
b200,NVIDIA B200,32768,256,3,bf16,8388608,0.36454048156738283,0.341801625,"void at::native::sbtopk::gatherTopK<c10::BFloat16, unsigned int, 2, false>(at::cuda::detail::TensorInfo<c10::BFloat16 const, unsigned int>, unsigned int, unsigned int, bool, unsigned int, unsigned int, at::cuda::detail::TensorInfo<c10::BFloat16, unsigned int>, unsigned int, at::cuda::detail::TensorInfo<long, unsigned int>, unsigned int, c10::BFloat16*)",23011458052.428734,24542329194.60228,0.04820367813110352,174024230623.74643
b200,NVIDIA B200,32768,256,4,fp32,8388608,0.3735843276977539,0.3490514400000001,"void at::native::sbtopk::gatherTopK<float, unsigned int, 2, false>(at::cuda::detail::TensorInfo<float const, unsigned int>, unsigned int, unsigned int, bool, unsigned int, unsigned int, at::cuda::detail::TensorInfo<float, unsigned int>, unsigned int, at::cuda::detail::TensorInfo<long, unsigned int>, unsigned int, float*)",22454389486.024563,24032583850.678276,0.047079038619995114,178181378504.9817
b200,NVIDIA B200,32768,256,4,bf16,8388608,0.3674448013305664,0.34494956499999996,"void at::native::sbtopk::gatherTopK<c10::BFloat16, unsigned int, 2, false>(at::cuda::detail::TensorInfo<c10::BFloat16 const, unsigned int>, unsigned int, unsigned int, bool, unsigned int, unsigned int, at::cuda::detail::TensorInfo<c10::BFloat16, unsigned int>, unsigned int, at::cuda::detail::TensorInfo<long, unsigned int>, unsigned int, c10::BFloat16*)",22829573230.11167,24318360859.507103,0.04774208068847656,175706795326.68015
b200,NVIDIA B200,32768,256,8,fp32,8388608,0.36735729217529295,0.34317183499999965,"void at::native::sbtopk::gatherTopK<float, unsigned int, 2, false>(at::cuda::detail::TensorInfo<float const, unsigned int>, unsigned int, unsigned int, bool, unsigned int, unsigned int, at::cuda::detail::TensorInfo<float, unsigned int>, unsigned int, at::cuda::detail::TensorInfo<long, unsigned int>, unsigned int, float*)",22835011523.32423,24444337047.64847,0.0472327995300293,177601329657.93732
b200,NVIDIA B200,32768,256,8,bf16,8388608,0.36039024353027344,0.33746300500000015,"void at::native::sbtopk::gatherTopK<c10::BFloat16, unsigned int, 2, false>(at::cuda::detail::TensorInfo<c10::BFloat16 const, unsigned int>, unsigned int, unsigned int, bool, unsigned int, unsigned int, at::cuda::detail::TensorInfo<c10::BFloat16, unsigned int>, unsigned int, at::cuda::detail::TensorInfo<long, unsigned int>, unsigned int, c10::BFloat16*)",23276456981.264923,24857859604.492043,0.04760672092437744,176206380887.37885
