device,gpu_name,num_tokens,num_experts,k,dtype,n_elements,event_time_ms,profiler_kernel_ms,kernel_name,elements_per_sec_event,elements_per_sec_kernel
a100,NVIDIA A100-SXM4-40GB,1024,32,1,fp32,32768,0.010845760107040405,0.007938529999999973,"void at::native::sbtopk::gatherTopK<float, unsigned int, 2, false>(at::cuda::detail::TensorInfo<float const, unsigned int>, unsigned int, unsigned int, bool, unsigned int, unsigned int, at::cuda::detail::TensorInfo<float, unsigned int>, unsigned int, at::cuda::detail::TensorInfo<long, unsigned int>, unsigned int, float*)",3021272799.3798256,4127716340.4307985
a100,NVIDIA A100-SXM4-40GB,1024,32,1,bf16,32768,0.014501760005950928,0.008090840000000066,"void at::native::sbtopk::gatherTopK<c10::BFloat16, unsigned int, 2, false>(at::cuda::detail::TensorInfo<c10::BFloat16 const, unsigned int>, unsigned int, unsigned int, bool, unsigned int, unsigned int, at::cuda::detail::TensorInfo<c10::BFloat16, unsigned int>, unsigned int, at::cuda::detail::TensorInfo<long, unsigned int>, unsigned int, c10::BFloat16*)",2259587800.829234,4050012112.4629498
a100,NVIDIA A100-SXM4-40GB,1024,32,2,fp32,32768,0.05569568157196045,0.009417239999999978,"void at::native::sbtopk::gatherTopK<float, unsigned int, 2, false>(at::cuda::detail::TensorInfo<float const, unsigned int>, unsigned int, unsigned int, bool, unsigned int, unsigned int, at::cuda::detail::TensorInfo<float, unsigned int>, unsigned int, at::cuda::detail::TensorInfo<long, unsigned int>, unsigned int, float*)",588340048.5486974,3479575756.803488
a100,NVIDIA A100-SXM4-40GB,1024,32,2,bf16,32768,0.027129600048065184,0.008500790000000029,"void at::native::sbtopk::gatherTopK<c10::BFloat16, unsigned int, 2, false>(at::cuda::detail::TensorInfo<c10::BFloat16 const, unsigned int>, unsigned int, unsigned int, bool, unsigned int, unsigned int, at::cuda::detail::TensorInfo<c10::BFloat16, unsigned int>, unsigned int, at::cuda::detail::TensorInfo<long, unsigned int>, unsigned int, c10::BFloat16*)",1207832033.717612,3854700563.12412
a100,NVIDIA A100-SXM4-40GB,1024,32,3,fp32,32768,0.027153599262237548,0.00909147999999998,"void at::native::sbtopk::gatherTopK<float, unsigned int, 2, false>(at::cuda::detail::TensorInfo<float const, unsigned int>, unsigned int, unsigned int, bool, unsigned int, unsigned int, at::cuda::detail::TensorInfo<float, unsigned int>, unsigned int, at::cuda::detail::TensorInfo<long, unsigned int>, unsigned int, float*)",1206764513.3722801,3604253652.870608
a100,NVIDIA A100-SXM4-40GB,1024,32,3,bf16,32768,0.027338879108428957,0.008337889999999952,"void at::native::sbtopk::gatherTopK<c10::BFloat16, unsigned int, 2, false>(at::cuda::detail::TensorInfo<c10::BFloat16 const, unsigned int>, unsigned int, unsigned int, bool, unsigned int, unsigned int, at::cuda::detail::TensorInfo<c10::BFloat16, unsigned int>, unsigned int, at::cuda::detail::TensorInfo<long, unsigned int>, unsigned int, c10::BFloat16*)",1198586082.1154575,3930011069.9469757
a100,NVIDIA A100-SXM4-40GB,1024,32,4,fp32,32768,0.02729088068008423,0.008831660000000014,"void at::native::sbtopk::gatherTopK<float, unsigned int, 2, false>(at::cuda::detail::TensorInfo<float const, unsigned int>, unsigned int, unsigned int, bool, unsigned int, unsigned int, at::cuda::detail::TensorInfo<float, unsigned int>, unsigned int, at::cuda::detail::TensorInfo<long, unsigned int>, unsigned int, float*)",1200694121.3851244,3710287760.1719213
a100,NVIDIA A100-SXM4-40GB,1024,32,4,bf16,32768,0.027594239711761476,0.008360940000000016,"void at::native::sbtopk::gatherTopK<c10::BFloat16, unsigned int, 2, false>(at::cuda::detail::TensorInfo<c10::BFloat16 const, unsigned int>, unsigned int, unsigned int, bool, unsigned int, unsigned int, at::cuda::detail::TensorInfo<c10::BFloat16, unsigned int>, unsigned int, at::cuda::detail::TensorInfo<long, unsigned int>, unsigned int, c10::BFloat16*)",1187494214.0925636,3919176551.9187956
a100,NVIDIA A100-SXM4-40GB,1024,32,8,fp32,32768,0.027332479953765868,0.008796109999999973,"void at::native::sbtopk::gatherTopK<float, unsigned int, 2, false>(at::cuda::detail::TensorInfo<float const, unsigned int>, unsigned int, unsigned int, bool, unsigned int, unsigned int, at::cuda::detail::TensorInfo<float, unsigned int>, unsigned int, at::cuda::detail::TensorInfo<long, unsigned int>, unsigned int, float*)",1198866698.3540668,3725283108.101206
a100,NVIDIA A100-SXM4-40GB,1024,32,8,bf16,32768,0.02784800052642822,0.008151970000000005,"void at::native::sbtopk::gatherTopK<c10::BFloat16, unsigned int, 2, false>(at::cuda::detail::TensorInfo<c10::BFloat16 const, unsigned int>, unsigned int, unsigned int, bool, unsigned int, unsigned int, at::cuda::detail::TensorInfo<c10::BFloat16, unsigned int>, unsigned int, at::cuda::detail::TensorInfo<long, unsigned int>, unsigned int, c10::BFloat16*)",1176673347.4779496,4019641877.975505
a100,NVIDIA A100-SXM4-40GB,1024,64,1,fp32,65536,0.014249279499053955,0.01010783000000002,"void at::native::sbtopk::gatherTopK<float, unsigned int, 2, false>(at::cuda::detail::TensorInfo<float const, unsigned int>, unsigned int, unsigned int, bool, unsigned int, unsigned int, at::cuda::detail::TensorInfo<float, unsigned int>, unsigned int, at::cuda::detail::TensorInfo<long, unsigned int>, unsigned int, float*)",4599250088.704562,6483686409.44692
a100,NVIDIA A100-SXM4-40GB,1024,64,1,bf16,65536,0.014561280012130737,0.00956155999999998,"void at::native::sbtopk::gatherTopK<c10::BFloat16, unsigned int, 2, false>(at::cuda::detail::TensorInfo<c10::BFloat16 const, unsigned int>, unsigned int, unsigned int, bool, unsigned int, unsigned int, at::cuda::detail::TensorInfo<c10::BFloat16, unsigned int>, unsigned int, at::cuda::detail::TensorInfo<long, unsigned int>, unsigned int, c10::BFloat16*)",4500703231.130996,6854111672.153932
a100,NVIDIA A100-SXM4-40GB,1024,64,2,fp32,65536,0.02736095905303955,0.010763500000000021,"void at::native::sbtopk::gatherTopK<float, unsigned int, 2, false>(at::cuda::detail::TensorInfo<float const, unsigned int>, unsigned int, unsigned int, bool, unsigned int, unsigned int, at::cuda::detail::TensorInfo<float, unsigned int>, unsigned int, at::cuda::detail::TensorInfo<long, unsigned int>, unsigned int, float*)",2395237676.901518,6088725786.221942
a100,NVIDIA A100-SXM4-40GB,1024,64,2,bf16,65536,0.027032639980316162,0.010062680000000006,"void at::native::sbtopk::gatherTopK<c10::BFloat16, unsigned int, 2, false>(at::cuda::detail::TensorInfo<c10::BFloat16 const, unsigned int>, unsigned int, unsigned int, bool, unsigned int, unsigned int, at::cuda::detail::TensorInfo<c10::BFloat16, unsigned int>, unsigned int, at::cuda::detail::TensorInfo<long, unsigned int>, unsigned int, c10::BFloat16*)",2424328517.2191873,6512777908.072199
a100,NVIDIA A100-SXM4-40GB,1024,64,3,fp32,65536,0.02731328010559082,0.010725070000000008,"void at::native::sbtopk::gatherTopK<float, unsigned int, 2, false>(at::cuda::detail::TensorInfo<float const, unsigned int>, unsigned int, unsigned int, bool, unsigned int, unsigned int, at::cuda::detail::TensorInfo<float, unsigned int>, unsigned int, at::cuda::detail::TensorInfo<long, unsigned int>, unsigned int, float*)",2399418881.46145,6110542868.251671
a100,NVIDIA A100-SXM4-40GB,1024,64,3,bf16,65536,0.027326080799102783,0.010055930000000012,"void at::native::sbtopk::gatherTopK<c10::BFloat16, unsigned int, 2, false>(at::cuda::detail::TensorInfo<c10::BFloat16 const, unsigned int>, unsigned int, unsigned int, bool, unsigned int, unsigned int, at::cuda::detail::TensorInfo<c10::BFloat16, unsigned int>, unsigned int, at::cuda::detail::TensorInfo<long, unsigned int>, unsigned int, c10::BFloat16*)",2398294892.041445,6517149582.385709
a100,NVIDIA A100-SXM4-40GB,1024,64,4,fp32,65536,0.027774720191955565,0.010663940000000002,"void at::native::sbtopk::gatherTopK<float, unsigned int, 2, false>(at::cuda::detail::TensorInfo<float const, unsigned int>, unsigned int, unsigned int, bool, unsigned int, unsigned int, at::cuda::detail::TensorInfo<float, unsigned int>, unsigned int, at::cuda::detail::TensorInfo<long, unsigned int>, unsigned int, float*)",2359555723.5885777,6145570961.577052
a100,NVIDIA A100-SXM4-40GB,1024,64,4,bf16,65536,0.02790463924407959,0.010076119999999992,"void at::native::sbtopk::gatherTopK<c10::BFloat16, unsigned int, 2, false>(at::cuda::detail::TensorInfo<c10::BFloat16 const, unsigned int>, unsigned int, unsigned int, bool, unsigned int, unsigned int, at::cuda::detail::TensorInfo<c10::BFloat16, unsigned int>, unsigned int, at::cuda::detail::TensorInfo<long, unsigned int>, unsigned int, c10::BFloat16*)",2348570050.5482974,6504090860.370862
a100,NVIDIA A100-SXM4-40GB,1024,64,8,fp32,65536,0.027403199672698976,0.010840880000000021,"void at::native::sbtopk::gatherTopK<float, unsigned int, 2, false>(at::cuda::detail::TensorInfo<float const, unsigned int>, unsigned int, unsigned int, bool, unsigned int, unsigned int, at::cuda::detail::TensorInfo<float, unsigned int>, unsigned int, at::cuda::detail::TensorInfo<long, unsigned int>, unsigned int, float*)",2391545541.497172,6045265697.987605
a100,NVIDIA A100-SXM4-40GB,1024,64,8,bf16,65536,0.027250559329986573,0.009777899999999987,"void at::native::sbtopk::gatherTopK<c10::BFloat16, unsigned int, 2, false>(at::cuda::detail::TensorInfo<c10::BFloat16 const, unsigned int>, unsigned int, unsigned int, bool, unsigned int, unsigned int, at::cuda::detail::TensorInfo<c10::BFloat16, unsigned int>, unsigned int, at::cuda::detail::TensorInfo<long, unsigned int>, unsigned int, c10::BFloat16*)",2404941462.1696973,6702461673.774542
a100,NVIDIA A100-SXM4-40GB,1024,128,1,fp32,131072,0.015560640096664429,0.014640579999999976,"void at::native::sbtopk::gatherTopK<float, unsigned int, 2, false>(at::cuda::detail::TensorInfo<float const, unsigned int>, unsigned int, unsigned int, bool, unsigned int, unsigned int, at::cuda::detail::TensorInfo<float, unsigned int>, unsigned int, at::cuda::detail::TensorInfo<long, unsigned int>, unsigned int, float*)",8423303873.476037,8952650782.960798
a100,NVIDIA A100-SXM4-40GB,1024,128,1,bf16,131072,0.01571552038192749,0.014821690000000004,"void at::native::sbtopk::gatherTopK<c10::BFloat16, unsigned int, 2, false>(at::cuda::detail::TensorInfo<c10::BFloat16 const, unsigned int>, unsigned int, unsigned int, bool, unsigned int, unsigned int, at::cuda::detail::TensorInfo<c10::BFloat16, unsigned int>, unsigned int, at::cuda::detail::TensorInfo<long, unsigned int>, unsigned int, c10::BFloat16*)",8340290159.957414,8843256065.941196
a100,NVIDIA A100-SXM4-40GB,1024,128,2,fp32,131072,0.02716831922531128,0.01500790999999998,"void at::native::sbtopk::gatherTopK<float, unsigned int, 2, false>(at::cuda::detail::TensorInfo<float const, unsigned int>, unsigned int, unsigned int, bool, unsigned int, unsigned int, at::cuda::detail::TensorInfo<float, unsigned int>, unsigned int, at::cuda::detail::TensorInfo<long, unsigned int>, unsigned int, float*)",4824442723.6369915,8733527852.978874
a100,NVIDIA A100-SXM4-40GB,1024,128,2,bf16,131072,0.027220799922943115,0.015264910000000013,"void at::native::sbtopk::gatherTopK<c10::BFloat16, unsigned int, 2, false>(at::cuda::detail::TensorInfo<c10::BFloat16 const, unsigned int>, unsigned int, unsigned int, bool, unsigned int, unsigned int, at::cuda::detail::TensorInfo<c10::BFloat16, unsigned int>, unsigned int, at::cuda::detail::TensorInfo<long, unsigned int>, unsigned int, c10::BFloat16*)",4815141376.118255,8586490192.212065
a100,NVIDIA A100-SXM4-40GB,1024,128,3,fp32,131072,0.027608320713043213,0.015542659999999962,"void at::native::sbtopk::gatherTopK<float, unsigned int, 2, false>(at::cuda::detail::TensorInfo<float const, unsigned int>, unsigned int, unsigned int, bool, unsigned int, unsigned int, at::cuda::detail::TensorInfo<float, unsigned int>, unsigned int, at::cuda::detail::TensorInfo<long, unsigned int>, unsigned int, float*)",4747554237.809062,8433048139.765028
a100,NVIDIA A100-SXM4-40GB,1024,128,3,bf16,131072,0.027243199348449706,0.015560260000000022,"void at::native::sbtopk::gatherTopK<c10::BFloat16, unsigned int, 2, false>(at::cuda::detail::TensorInfo<c10::BFloat16 const, unsigned int>, unsigned int, unsigned int, bool, unsigned int, unsigned int, at::cuda::detail::TensorInfo<c10::BFloat16, unsigned int>, unsigned int, at::cuda::detail::TensorInfo<long, unsigned int>, unsigned int, c10::BFloat16*)",4811182355.0363865,8423509632.872447
a100,NVIDIA A100-SXM4-40GB,1024,128,4,fp32,131072,0.027529919147491456,0.015810490000000003,"void at::native::sbtopk::gatherTopK<float, unsigned int, 2, false>(at::cuda::detail::TensorInfo<float const, unsigned int>, unsigned int, unsigned int, bool, unsigned int, unsigned int, at::cuda::detail::TensorInfo<float, unsigned int>, unsigned int, at::cuda::detail::TensorInfo<long, unsigned int>, unsigned int, float*)",4761074643.836844,8290192144.582487
a100,NVIDIA A100-SXM4-40GB,1024,128,4,bf16,131072,0.027427520751953125,0.015560550000000012,"void at::native::sbtopk::gatherTopK<c10::BFloat16, unsigned int, 2, false>(at::cuda::detail::TensorInfo<c10::BFloat16 const, unsigned int>, unsigned int, unsigned int, bool, unsigned int, unsigned int, at::cuda::detail::TensorInfo<c10::BFloat16, unsigned int>, unsigned int, at::cuda::detail::TensorInfo<long, unsigned int>, unsigned int, c10::BFloat16*)",4778849724.894157,8423352644.990048
a100,NVIDIA A100-SXM4-40GB,1024,128,8,fp32,131072,0.027320001125335693,0.015553239999999996,"void at::native::sbtopk::gatherTopK<float, unsigned int, 2, false>(at::cuda::detail::TensorInfo<float const, unsigned int>, unsigned int, unsigned int, bool, unsigned int, unsigned int, at::cuda::detail::TensorInfo<float, unsigned int>, unsigned int, at::cuda::detail::TensorInfo<long, unsigned int>, unsigned int, float*)",4797657196.230787,8427311608.385137
a100,NVIDIA A100-SXM4-40GB,1024,128,8,bf16,131072,0.027404160499572755,0.015260060000000016,"void at::native::sbtopk::gatherTopK<c10::BFloat16, unsigned int, 2, false>(at::cuda::detail::TensorInfo<c10::BFloat16 const, unsigned int>, unsigned int, unsigned int, bool, unsigned int, unsigned int, at::cuda::detail::TensorInfo<c10::BFloat16, unsigned int>, unsigned int, at::cuda::detail::TensorInfo<long, unsigned int>, unsigned int, c10::BFloat16*)",4782923381.361873,8589219177.381992
a100,NVIDIA A100-SXM4-40GB,1024,256,1,fp32,262144,0.024641599655151367,0.02382774000000002,"void at::native::sbtopk::gatherTopK<float, unsigned int, 2, false>(at::cuda::detail::TensorInfo<float const, unsigned int>, unsigned int, unsigned int, bool, unsigned int, unsigned int, at::cuda::detail::TensorInfo<float, unsigned int>, unsigned int, at::cuda::detail::TensorInfo<long, unsigned int>, unsigned int, float*)",10638270391.0701,11001630872.252247
a100,NVIDIA A100-SXM4-40GB,1024,256,1,bf16,262144,0.025060479640960694,0.02428693,"void at::native::sbtopk::gatherTopK<c10::BFloat16, unsigned int, 2, false>(at::cuda::detail::TensorInfo<c10::BFloat16 const, unsigned int>, unsigned int, unsigned int, bool, unsigned int, unsigned int, at::cuda::detail::TensorInfo<c10::BFloat16, unsigned int>, unsigned int, at::cuda::detail::TensorInfo<long, unsigned int>, unsigned int, c10::BFloat16*)",10460454219.381042,10793624389.743784
a100,NVIDIA A100-SXM4-40GB,1024,256,2,fp32,262144,0.035498878955841064,0.026262909999999983,"void at::native::sbtopk::gatherTopK<float, unsigned int, 2, false>(at::cuda::detail::TensorInfo<float const, unsigned int>, unsigned int, unsigned int, bool, unsigned int, unsigned int, at::cuda::detail::TensorInfo<float, unsigned int>, unsigned int, at::cuda::detail::TensorInfo<long, unsigned int>, unsigned int, float*)",7384571223.39257,9981529084.172323
a100,NVIDIA A100-SXM4-40GB,1024,256,2,bf16,262144,0.03521055936813355,0.02562453,"void at::native::sbtopk::gatherTopK<c10::BFloat16, unsigned int, 2, false>(at::cuda::detail::TensorInfo<c10::BFloat16 const, unsigned int>, unsigned int, unsigned int, bool, unsigned int, unsigned int, at::cuda::detail::TensorInfo<c10::BFloat16, unsigned int>, unsigned int, at::cuda::detail::TensorInfo<long, unsigned int>, unsigned int, c10::BFloat16*)",7445039349.112044,10230197392.888767
a100,NVIDIA A100-SXM4-40GB,1024,256,3,fp32,262144,0.0358185601234436,0.02656306999999997,"void at::native::sbtopk::gatherTopK<float, unsigned int, 2, false>(at::cuda::detail::TensorInfo<float const, unsigned int>, unsigned int, unsigned int, bool, unsigned int, unsigned int, at::cuda::detail::TensorInfo<float, unsigned int>, unsigned int, at::cuda::detail::TensorInfo<long, unsigned int>, unsigned int, float*)",7318663818.326527,9868738816.710579
a100,NVIDIA A100-SXM4-40GB,1024,256,3,bf16,262144,0.03591423988342285,0.02629619999999998,"void at::native::sbtopk::gatherTopK<c10::BFloat16, unsigned int, 2, false>(at::cuda::detail::TensorInfo<c10::BFloat16 const, unsigned int>, unsigned int, unsigned int, bool, unsigned int, unsigned int, at::cuda::detail::TensorInfo<c10::BFloat16, unsigned int>, unsigned int, at::cuda::detail::TensorInfo<long, unsigned int>, unsigned int, c10::BFloat16*)",7299166036.951248,9968892843.832956
a100,NVIDIA A100-SXM4-40GB,1024,256,4,fp32,262144,0.036580801010131836,0.02729395999999999,"void at::native::sbtopk::gatherTopK<float, unsigned int, 2, false>(at::cuda::detail::TensorInfo<float const, unsigned int>, unsigned int, unsigned int, bool, unsigned int, unsigned int, at::cuda::detail::TensorInfo<float, unsigned int>, unsigned int, at::cuda::detail::TensorInfo<long, unsigned int>, unsigned int, float*)",7166163472.675013,9604469267.193184
a100,NVIDIA A100-SXM4-40GB,1024,256,4,bf16,262144,0.03613951921463013,0.026612359999999977,"void at::native::sbtopk::gatherTopK<c10::BFloat16, unsigned int, 2, false>(at::cuda::detail::TensorInfo<c10::BFloat16 const, unsigned int>, unsigned int, unsigned int, bool, unsigned int, unsigned int, at::cuda::detail::TensorInfo<c10::BFloat16, unsigned int>, unsigned int, at::cuda::detail::TensorInfo<long, unsigned int>, unsigned int, c10::BFloat16*)",7253665950.649337,9850460462.732363
a100,NVIDIA A100-SXM4-40GB,1024,256,8,fp32,262144,0.035635519027709964,0.026449490000000037,"void at::native::sbtopk::gatherTopK<float, unsigned int, 2, false>(at::cuda::detail::TensorInfo<float const, unsigned int>, unsigned int, unsigned int, bool, unsigned int, unsigned int, at::cuda::detail::TensorInfo<float, unsigned int>, unsigned int, at::cuda::detail::TensorInfo<long, unsigned int>, unsigned int, float*)",7356255981.4593525,9911117378.82279
a100,NVIDIA A100-SXM4-40GB,1024,256,8,bf16,262144,0.03534944057464599,0.025830569999999945,"void at::native::sbtopk::gatherTopK<c10::BFloat16, unsigned int, 2, false>(at::cuda::detail::TensorInfo<c10::BFloat16 const, unsigned int>, unsigned int, unsigned int, bool, unsigned int, unsigned int, at::cuda::detail::TensorInfo<c10::BFloat16, unsigned int>, unsigned int, at::cuda::detail::TensorInfo<long, unsigned int>, unsigned int, c10::BFloat16*)",7415789210.198136,10148595249.737057
a100,NVIDIA A100-SXM4-40GB,2048,32,1,fp32,65536,0.014570879936218261,0.00946201999999998,"void at::native::sbtopk::gatherTopK<float, unsigned int, 2, false>(at::cuda::detail::TensorInfo<float const, unsigned int>, unsigned int, unsigned int, bool, unsigned int, unsigned int, at::cuda::detail::TensorInfo<float, unsigned int>, unsigned int, at::cuda::detail::TensorInfo<long, unsigned int>, unsigned int, float*)",4497737973.7444515,6926216600.683589
a100,NVIDIA A100-SXM4-40GB,2048,32,1,bf16,65536,0.014568320512771606,0.009151670000000002,"void at::native::sbtopk::gatherTopK<c10::BFloat16, unsigned int, 2, false>(at::cuda::detail::TensorInfo<c10::BFloat16 const, unsigned int>, unsigned int, unsigned int, bool, unsigned int, unsigned int, at::cuda::detail::TensorInfo<c10::BFloat16, unsigned int>, unsigned int, at::cuda::detail::TensorInfo<long, unsigned int>, unsigned int, c10::BFloat16*)",4498528155.153271,7161097373.484838
a100,NVIDIA A100-SXM4-40GB,2048,32,2,fp32,65536,0.04370751857757568,0.010280249999999987,"void at::native::sbtopk::gatherTopK<float, unsigned int, 2, false>(at::cuda::detail::TensorInfo<float const, unsigned int>, unsigned int, unsigned int, bool, unsigned int, unsigned int, at::cuda::detail::TensorInfo<float, unsigned int>, unsigned int, at::cuda::detail::TensorInfo<long, unsigned int>, unsigned int, float*)",1499421658.6256514,6374942243.622488
a100,NVIDIA A100-SXM4-40GB,2048,32,2,bf16,65536,0.02790719985961914,0.00989596000000001,"void at::native::sbtopk::gatherTopK<c10::BFloat16, unsigned int, 2, false>(at::cuda::detail::TensorInfo<c10::BFloat16 const, unsigned int>, unsigned int, unsigned int, bool, unsigned int, unsigned int, at::cuda::detail::TensorInfo<c10::BFloat16, unsigned int>, unsigned int, at::cuda::detail::TensorInfo<long, unsigned int>, unsigned int, c10::BFloat16*)",2348354558.309828,6622500495.151551
a100,NVIDIA A100-SXM4-40GB,2048,32,3,fp32,65536,0.02769023895263672,0.010514199999999996,"void at::native::sbtopk::gatherTopK<float, unsigned int, 2, false>(at::cuda::detail::TensorInfo<float const, unsigned int>, unsigned int, unsigned int, bool, unsigned int, unsigned int, at::cuda::detail::TensorInfo<float, unsigned int>, unsigned int, at::cuda::detail::TensorInfo<long, unsigned int>, unsigned int, float*)",2366754584.96755,6233094291.529552
a100,NVIDIA A100-SXM4-40GB,2048,32,3,bf16,65536,0.027224318981170656,0.009866499999999992,"void at::native::sbtopk::gatherTopK<c10::BFloat16, unsigned int, 2, false>(at::cuda::detail::TensorInfo<c10::BFloat16 const, unsigned int>, unsigned int, unsigned int, bool, unsigned int, unsigned int, at::cuda::detail::TensorInfo<c10::BFloat16, unsigned int>, unsigned int, at::cuda::detail::TensorInfo<long, unsigned int>, unsigned int, c10::BFloat16*)",2407259481.690878,6642274362.7426195
a100,NVIDIA A100-SXM4-40GB,2048,32,4,fp32,65536,0.027535679340362548,0.010144259999999988,"void at::native::sbtopk::gatherTopK<float, unsigned int, 2, false>(at::cuda::detail::TensorInfo<float const, unsigned int>, unsigned int, unsigned int, bool, unsigned int, unsigned int, at::cuda::detail::TensorInfo<float, unsigned int>, unsigned int, at::cuda::detail::TensorInfo<long, unsigned int>, unsigned int, float*)",2380039336.960739,6460402237.324367
a100,NVIDIA A100-SXM4-40GB,2048,32,4,bf16,65536,0.028015038967132568,0.009750990000000008,"void at::native::sbtopk::gatherTopK<c10::BFloat16, unsigned int, 2, false>(at::cuda::detail::TensorInfo<c10::BFloat16 const, unsigned int>, unsigned int, unsigned int, bool, unsigned int, unsigned int, at::cuda::detail::TensorInfo<c10::BFloat16, unsigned int>, unsigned int, at::cuda::detail::TensorInfo<long, unsigned int>, unsigned int, c10::BFloat16*)",2339314968.538408,6720958589.845743
a100,NVIDIA A100-SXM4-40GB,2048,32,8,fp32,65536,0.027384641170501708,0.011008610000000033,"void at::native::sbtopk::gatherTopK<float, unsigned int, 2, false>(at::cuda::detail::TensorInfo<float const, unsigned int>, unsigned int, unsigned int, bool, unsigned int, unsigned int, at::cuda::detail::TensorInfo<float, unsigned int>, unsigned int, at::cuda::detail::TensorInfo<long, unsigned int>, unsigned int, float*)",2393166285.8739343,5953158482.315188
a100,NVIDIA A100-SXM4-40GB,2048,32,8,bf16,65536,0.027798399925231934,0.009734350000000003,"void at::native::sbtopk::gatherTopK<c10::BFloat16, unsigned int, 2, false>(at::cuda::detail::TensorInfo<c10::BFloat16 const, unsigned int>, unsigned int, unsigned int, bool, unsigned int, unsigned int, at::cuda::detail::TensorInfo<c10::BFloat16, unsigned int>, unsigned int, at::cuda::detail::TensorInfo<long, unsigned int>, unsigned int, c10::BFloat16*)",2357545764.37022,6732447466.9597845
a100,NVIDIA A100-SXM4-40GB,2048,64,1,fp32,131072,0.015083199739456177,0.014081550000000002,"void at::native::sbtopk::gatherTopK<float, unsigned int, 2, false>(at::cuda::detail::TensorInfo<float const, unsigned int>, unsigned int, unsigned int, bool, unsigned int, unsigned int, at::cuda::detail::TensorInfo<float, unsigned int>, unsigned int, at::cuda::detail::TensorInfo<long, unsigned int>, unsigned int, float*)",8689933320.787926,9308066228.504673
a100,NVIDIA A100-SXM4-40GB,2048,64,1,bf16,131072,0.01487231969833374,0.013884750000000003,"void at::native::sbtopk::gatherTopK<c10::BFloat16, unsigned int, 2, false>(at::cuda::detail::TensorInfo<c10::BFloat16 const, unsigned int>, unsigned int, unsigned int, bool, unsigned int, unsigned int, at::cuda::detail::TensorInfo<c10::BFloat16, unsigned int>, unsigned int, at::cuda::detail::TensorInfo<long, unsigned int>, unsigned int, c10::BFloat16*)",8813151052.332811,9439997119.141502
a100,NVIDIA A100-SXM4-40GB,2048,64,2,fp32,131072,0.027401599884033203,0.015141690000000034,"void at::native::sbtopk::gatherTopK<float, unsigned int, 2, false>(at::cuda::detail::TensorInfo<float const, unsigned int>, unsigned int, unsigned int, bool, unsigned int, unsigned int, at::cuda::detail::TensorInfo<float, unsigned int>, unsigned int, at::cuda::detail::TensorInfo<long, unsigned int>, unsigned int, float*)",4783370334.386026,8656365306.646729
a100,NVIDIA A100-SXM4-40GB,2048,64,2,bf16,131072,0.02748960018157959,0.014942950000000005,"void at::native::sbtopk::gatherTopK<c10::BFloat16, unsigned int, 2, false>(at::cuda::detail::TensorInfo<c10::BFloat16 const, unsigned int>, unsigned int, unsigned int, bool, unsigned int, unsigned int, at::cuda::detail::TensorInfo<c10::BFloat16, unsigned int>, unsigned int, at::cuda::detail::TensorInfo<long, unsigned int>, unsigned int, c10::BFloat16*)",4768057706.704282,8771494249.796724
a100,NVIDIA A100-SXM4-40GB,2048,64,3,fp32,131072,0.027473599910736085,0.014914800000000028,"void at::native::sbtopk::gatherTopK<float, unsigned int, 2, false>(at::cuda::detail::TensorInfo<float const, unsigned int>, unsigned int, unsigned int, bool, unsigned int, unsigned int, at::cuda::detail::TensorInfo<float, unsigned int>, unsigned int, at::cuda::detail::TensorInfo<long, unsigned int>, unsigned int, float*)",4770834562.120122,8788049454.233362
a100,NVIDIA A100-SXM4-40GB,2048,64,3,bf16,131072,0.027298879623413087,0.015048560000000025,"void at::native::sbtopk::gatherTopK<c10::BFloat16, unsigned int, 2, false>(at::cuda::detail::TensorInfo<c10::BFloat16 const, unsigned int>, unsigned int, unsigned int, bool, unsigned int, unsigned int, at::cuda::detail::TensorInfo<c10::BFloat16, unsigned int>, unsigned int, at::cuda::detail::TensorInfo<long, unsigned int>, unsigned int, c10::BFloat16*)",4801369206.653636,8709936366.00444
a100,NVIDIA A100-SXM4-40GB,2048,64,4,fp32,131072,0.027443840503692626,0.015261700000000008,"void at::native::sbtopk::gatherTopK<float, unsigned int, 2, false>(at::cuda::detail::TensorInfo<float const, unsigned int>, unsigned int, unsigned int, bool, unsigned int, unsigned int, at::cuda::detail::TensorInfo<float, unsigned int>, unsigned int, at::cuda::detail::TensorInfo<long, unsigned int>, unsigned int, float*)",4776007934.544146,8588296192.429411
a100,NVIDIA A100-SXM4-40GB,2048,64,4,bf16,131072,0.02743328094482422,0.01492313000000002,"void at::native::sbtopk::gatherTopK<c10::BFloat16, unsigned int, 2, false>(at::cuda::detail::TensorInfo<c10::BFloat16 const, unsigned int>, unsigned int, unsigned int, bool, unsigned int, unsigned int, at::cuda::detail::TensorInfo<c10::BFloat16, unsigned int>, unsigned int, at::cuda::detail::TensorInfo<long, unsigned int>, unsigned int, c10::BFloat16*)",4777846305.136501,8783144018.714561
a100,NVIDIA A100-SXM4-40GB,2048,64,8,fp32,131072,0.02743488073348999,0.015367599999999976,"void at::native::sbtopk::gatherTopK<float, unsigned int, 2, false>(at::cuda::detail::TensorInfo<float const, unsigned int>, unsigned int, unsigned int, bool, unsigned int, unsigned int, at::cuda::detail::TensorInfo<float, unsigned int>, unsigned int, at::cuda::detail::TensorInfo<long, unsigned int>, unsigned int, float*)",4777567698.335182,8529113199.198327
a100,NVIDIA A100-SXM4-40GB,2048,64,8,bf16,131072,0.02733151912689209,0.015050149999999998,"void at::native::sbtopk::gatherTopK<c10::BFloat16, unsigned int, 2, false>(at::cuda::detail::TensorInfo<c10::BFloat16 const, unsigned int>, unsigned int, unsigned int, bool, unsigned int, unsigned int, at::cuda::detail::TensorInfo<c10::BFloat16, unsigned int>, unsigned int, at::cuda::detail::TensorInfo<long, unsigned int>, unsigned int, c10::BFloat16*)",4795635375.826415,8709016189.207417
a100,NVIDIA A100-SXM4-40GB,2048,128,1,fp32,262144,0.023613440990447997,0.022684369999999943,"void at::native::sbtopk::gatherTopK<float, unsigned int, 2, false>(at::cuda::detail::TensorInfo<float const, unsigned int>, unsigned int, unsigned int, bool, unsigned int, unsigned int, at::cuda::detail::TensorInfo<float, unsigned int>, unsigned int, at::cuda::detail::TensorInfo<long, unsigned int>, unsigned int, float*)",11101473948.927702,11556150776.944683
a100,NVIDIA A100-SXM4-40GB,2048,128,1,bf16,262144,0.023915839195251466,0.02300022000000004,"void at::native::sbtopk::gatherTopK<c10::BFloat16, unsigned int, 2, false>(at::cuda::detail::TensorInfo<c10::BFloat16 const, unsigned int>, unsigned int, unsigned int, bool, unsigned int, unsigned int, at::cuda::detail::TensorInfo<c10::BFloat16, unsigned int>, unsigned int, at::cuda::detail::TensorInfo<long, unsigned int>, unsigned int, c10::BFloat16*)",10961103972.134466,11397456198.24504
a100,NVIDIA A100-SXM4-40GB,2048,128,2,fp32,262144,0.034561600685119626,0.024776829999999982,"void at::native::sbtopk::gatherTopK<float, unsigned int, 2, false>(at::cuda::detail::TensorInfo<float const, unsigned int>, unsigned int, unsigned int, bool, unsigned int, unsigned int, at::cuda::detail::TensorInfo<float, unsigned int>, unsigned int, at::cuda::detail::TensorInfo<long, unsigned int>, unsigned int, float*)",7584833885.106056,10580207395.37706
a100,NVIDIA A100-SXM4-40GB,2048,128,2,bf16,262144,0.03489343881607056,0.024925950000000006,"void at::native::sbtopk::gatherTopK<c10::BFloat16, unsigned int, 2, false>(at::cuda::detail::TensorInfo<c10::BFloat16 const, unsigned int>, unsigned int, unsigned int, bool, unsigned int, unsigned int, at::cuda::detail::TensorInfo<c10::BFloat16, unsigned int>, unsigned int, at::cuda::detail::TensorInfo<long, unsigned int>, unsigned int, c10::BFloat16*)",7512701782.756554,10516911090.650505
a100,NVIDIA A100-SXM4-40GB,2048,128,3,fp32,262144,0.0346287989616394,0.02489205999999998,"void at::native::sbtopk::gatherTopK<float, unsigned int, 2, false>(at::cuda::detail::TensorInfo<float const, unsigned int>, unsigned int, unsigned int, bool, unsigned int, unsigned int, at::cuda::detail::TensorInfo<float, unsigned int>, unsigned int, at::cuda::detail::TensorInfo<long, unsigned int>, unsigned int, float*)",7570115275.738963,10531229637.08107
a100,NVIDIA A100-SXM4-40GB,2048,128,3,bf16,262144,0.035041279792785644,0.025268689999999965,"void at::native::sbtopk::gatherTopK<c10::BFloat16, unsigned int, 2, false>(at::cuda::detail::TensorInfo<c10::BFloat16 const, unsigned int>, unsigned int, unsigned int, bool, unsigned int, unsigned int, at::cuda::detail::TensorInfo<c10::BFloat16, unsigned int>, unsigned int, at::cuda::detail::TensorInfo<long, unsigned int>, unsigned int, c10::BFloat16*)",7481005304.320267,10374261586.176424
a100,NVIDIA A100-SXM4-40GB,2048,128,4,fp32,262144,0.03473984003067017,0.025011409999999984,"void at::native::sbtopk::gatherTopK<float, unsigned int, 2, false>(at::cuda::detail::TensorInfo<float const, unsigned int>, unsigned int, unsigned int, bool, unsigned int, unsigned int, at::cuda::detail::TensorInfo<float, unsigned int>, unsigned int, at::cuda::detail::TensorInfo<long, unsigned int>, unsigned int, float*)",7545918454.678128,10480976482.33347
a100,NVIDIA A100-SXM4-40GB,2048,128,4,bf16,262144,0.03488672018051148,0.025039229999999992,"void at::native::sbtopk::gatherTopK<c10::BFloat16, unsigned int, 2, false>(at::cuda::detail::TensorInfo<c10::BFloat16 const, unsigned int>, unsigned int, unsigned int, bool, unsigned int, unsigned int, at::cuda::detail::TensorInfo<c10::BFloat16, unsigned int>, unsigned int, at::cuda::detail::TensorInfo<long, unsigned int>, unsigned int, c10::BFloat16*)",7514148611.380202,10469331524.97102
a100,NVIDIA A100-SXM4-40GB,2048,128,8,fp32,262144,0.035201599597930906,0.025437619999999987,"void at::native::sbtopk::gatherTopK<float, unsigned int, 2, false>(at::cuda::detail::TensorInfo<float const, unsigned int>, unsigned int, unsigned int, bool, unsigned int, unsigned int, at::cuda::detail::TensorInfo<float, unsigned int>, unsigned int, at::cuda::detail::TensorInfo<long, unsigned int>, unsigned int, float*)",7446934315.320387,10305366618.417923
a100,NVIDIA A100-SXM4-40GB,2048,128,8,bf16,262144,0.034812800884246826,0.02492881000000001,"void at::native::sbtopk::gatherTopK<c10::BFloat16, unsigned int, 2, false>(at::cuda::detail::TensorInfo<c10::BFloat16 const, unsigned int>, unsigned int, unsigned int, bool, unsigned int, unsigned int, at::cuda::detail::TensorInfo<c10::BFloat16, unsigned int>, unsigned int, at::cuda::detail::TensorInfo<long, unsigned int>, unsigned int, c10::BFloat16*)",7530103678.575975,10515704520.191694
a100,NVIDIA A100-SXM4-40GB,2048,256,1,fp32,524288,0.041423678398132324,0.04078892999999997,"void at::native::sbtopk::gatherTopK<float, unsigned int, 2, false>(at::cuda::detail::TensorInfo<float const, unsigned int>, unsigned int, unsigned int, bool, unsigned int, unsigned int, at::cuda::detail::TensorInfo<float, unsigned int>, unsigned int, at::cuda::detail::TensorInfo<long, unsigned int>, unsigned int, float*)",12656722441.714365,12853683585.227667
a100,NVIDIA A100-SXM4-40GB,2048,256,1,bf16,524288,0.04209504127502441,0.04134125000000003,"void at::native::sbtopk::gatherTopK<c10::BFloat16, unsigned int, 2, false>(at::cuda::detail::TensorInfo<c10::BFloat16 const, unsigned int>, unsigned int, unsigned int, bool, unsigned int, unsigned int, at::cuda::detail::TensorInfo<c10::BFloat16, unsigned int>, unsigned int, at::cuda::detail::TensorInfo<long, unsigned int>, unsigned int, c10::BFloat16*)",12454863663.741495,12681958092.704008
a100,NVIDIA A100-SXM4-40GB,2048,256,2,fp32,524288,0.05454527854919434,0.04506282999999994,"void at::native::sbtopk::gatherTopK<float, unsigned int, 2, false>(at::cuda::detail::TensorInfo<float const, unsigned int>, unsigned int, unsigned int, bool, unsigned int, unsigned int, at::cuda::detail::TensorInfo<float, unsigned int>, unsigned int, at::cuda::detail::TensorInfo<long, unsigned int>, unsigned int, float*)",9611977680.655624,11634599957.43722
a100,NVIDIA A100-SXM4-40GB,2048,256,2,bf16,524288,0.05437183856964111,0.04476972000000001,"void at::native::sbtopk::gatherTopK<c10::BFloat16, unsigned int, 2, false>(at::cuda::detail::TensorInfo<c10::BFloat16 const, unsigned int>, unsigned int, unsigned int, bool, unsigned int, unsigned int, at::cuda::detail::TensorInfo<c10::BFloat16, unsigned int>, unsigned int, at::cuda::detail::TensorInfo<long, unsigned int>, unsigned int, c10::BFloat16*)",9642638795.972954,11710772370.25382
a100,NVIDIA A100-SXM4-40GB,2048,256,3,fp32,524288,0.054946880340576175,0.04553228,"void at::native::sbtopk::gatherTopK<float, unsigned int, 2, false>(at::cuda::detail::TensorInfo<float const, unsigned int>, unsigned int, unsigned int, bool, unsigned int, unsigned int, at::cuda::detail::TensorInfo<float, unsigned int>, unsigned int, at::cuda::detail::TensorInfo<long, unsigned int>, unsigned int, float*)",9541724602.93134,11514644116.218208
a100,NVIDIA A100-SXM4-40GB,2048,256,3,bf16,524288,0.05541440010070801,0.04580395000000001,"void at::native::sbtopk::gatherTopK<c10::BFloat16, unsigned int, 2, false>(at::cuda::detail::TensorInfo<c10::BFloat16 const, unsigned int>, unsigned int, unsigned int, bool, unsigned int, unsigned int, at::cuda::detail::TensorInfo<c10::BFloat16, unsigned int>, unsigned int, at::cuda::detail::TensorInfo<long, unsigned int>, unsigned int, c10::BFloat16*)",9461223058.395996,11446349059.41518
a100,NVIDIA A100-SXM4-40GB,2048,256,4,fp32,524288,0.05600255966186524,0.04651753999999997,"void at::native::sbtopk::gatherTopK<float, unsigned int, 2, false>(at::cuda::detail::TensorInfo<float const, unsigned int>, unsigned int, unsigned int, bool, unsigned int, unsigned int, at::cuda::detail::TensorInfo<float, unsigned int>, unsigned int, at::cuda::detail::TensorInfo<long, unsigned int>, unsigned int, float*)",9361857800.17145,11270759373.776009
a100,NVIDIA A100-SXM4-40GB,2048,256,4,bf16,524288,0.05581696033477783,0.046153689999999976,"void at::native::sbtopk::gatherTopK<c10::BFloat16, unsigned int, 2, false>(at::cuda::detail::TensorInfo<c10::BFloat16 const, unsigned int>, unsigned int, unsigned int, bool, unsigned int, unsigned int, at::cuda::detail::TensorInfo<c10::BFloat16, unsigned int>, unsigned int, at::cuda::detail::TensorInfo<long, unsigned int>, unsigned int, c10::BFloat16*)",9392987308.076902,11359611766.686483
a100,NVIDIA A100-SXM4-40GB,2048,256,8,fp32,524288,0.05493023872375488,0.04555818999999998,"void at::native::sbtopk::gatherTopK<float, unsigned int, 2, false>(at::cuda::detail::TensorInfo<float const, unsigned int>, unsigned int, unsigned int, bool, unsigned int, unsigned int, at::cuda::detail::TensorInfo<float, unsigned int>, unsigned int, at::cuda::detail::TensorInfo<long, unsigned int>, unsigned int, float*)",9544615355.426605,11508095470.869238
a100,NVIDIA A100-SXM4-40GB,2048,256,8,bf16,524288,0.054885759353637695,0.04513930999999997,"void at::native::sbtopk::gatherTopK<c10::BFloat16, unsigned int, 2, false>(at::cuda::detail::TensorInfo<c10::BFloat16 const, unsigned int>, unsigned int, unsigned int, bool, unsigned int, unsigned int, at::cuda::detail::TensorInfo<c10::BFloat16, unsigned int>, unsigned int, at::cuda::detail::TensorInfo<long, unsigned int>, unsigned int, c10::BFloat16*)",9552350303.143824,11614887334.3434
a100,NVIDIA A100-SXM4-40GB,4096,32,1,fp32,131072,0.014506239891052247,0.01360921999999998,"void at::native::sbtopk::gatherTopK<float, unsigned int, 2, false>(at::cuda::detail::TensorInfo<float const, unsigned int>, unsigned int, unsigned int, bool, unsigned int, unsigned int, at::cuda::detail::TensorInfo<float, unsigned int>, unsigned int, at::cuda::detail::TensorInfo<long, unsigned int>, unsigned int, float*)",9035559937.268648,9631117727.540607
a100,NVIDIA A100-SXM4-40GB,4096,32,1,bf16,131072,0.01454848051071167,0.013575940000000005,"void at::native::sbtopk::gatherTopK<c10::BFloat16, unsigned int, 2, false>(at::cuda::detail::TensorInfo<c10::BFloat16 const, unsigned int>, unsigned int, unsigned int, bool, unsigned int, unsigned int, at::cuda::detail::TensorInfo<c10::BFloat16, unsigned int>, unsigned int, at::cuda::detail::TensorInfo<long, unsigned int>, unsigned int, c10::BFloat16*)",9009325743.91498,9654727407.457602
a100,NVIDIA A100-SXM4-40GB,4096,32,2,fp32,131072,0.027279999256134033,0.015162490000000002,"void at::native::sbtopk::gatherTopK<float, unsigned int, 2, false>(at::cuda::detail::TensorInfo<float const, unsigned int>, unsigned int, unsigned int, bool, unsigned int, unsigned int, at::cuda::detail::TensorInfo<float, unsigned int>, unsigned int, at::cuda::detail::TensorInfo<long, unsigned int>, unsigned int, float*)",4804692213.124891,8644490449.7876
a100,NVIDIA A100-SXM4-40GB,4096,32,2,bf16,131072,0.027205119132995604,0.015175950000000016,"void at::native::sbtopk::gatherTopK<c10::BFloat16, unsigned int, 2, false>(at::cuda::detail::TensorInfo<c10::BFloat16 const, unsigned int>, unsigned int, unsigned int, bool, unsigned int, unsigned int, at::cuda::detail::TensorInfo<c10::BFloat16, unsigned int>, unsigned int, at::cuda::detail::TensorInfo<long, unsigned int>, unsigned int, c10::BFloat16*)",4817916781.001334,8636823394.911016
a100,NVIDIA A100-SXM4-40GB,4096,32,3,fp32,131072,0.02733695983886719,0.015402149999999991,"void at::native::sbtopk::gatherTopK<float, unsigned int, 2, false>(at::cuda::detail::TensorInfo<float const, unsigned int>, unsigned int, unsigned int, bool, unsigned int, unsigned int, at::cuda::detail::TensorInfo<float, unsigned int>, unsigned int, at::cuda::detail::TensorInfo<long, unsigned int>, unsigned int, float*)",4794680929.136979,8509980749.440829
a100,NVIDIA A100-SXM4-40GB,4096,32,3,bf16,131072,0.027688961029052734,0.01527545000000001,"void at::native::sbtopk::gatherTopK<c10::BFloat16, unsigned int, 2, false>(at::cuda::detail::TensorInfo<c10::BFloat16 const, unsigned int>, unsigned int, unsigned int, bool, unsigned int, unsigned int, at::cuda::detail::TensorInfo<c10::BFloat16, unsigned int>, unsigned int, at::cuda::detail::TensorInfo<long, unsigned int>, unsigned int, c10::BFloat16*)",4733727634.723176,8580565547.987124
a100,NVIDIA A100-SXM4-40GB,4096,32,4,fp32,131072,0.027491519451141356,0.015430629999999985,"void at::native::sbtopk::gatherTopK<float, unsigned int, 2, false>(at::cuda::detail::TensorInfo<float const, unsigned int>, unsigned int, unsigned int, bool, unsigned int, unsigned int, at::cuda::detail::TensorInfo<float, unsigned int>, unsigned int, at::cuda::detail::TensorInfo<long, unsigned int>, unsigned int, float*)",4767724833.578027,8494274051.027088
a100,NVIDIA A100-SXM4-40GB,4096,32,4,bf16,131072,0.027530879974365235,0.015286000000000001,"void at::native::sbtopk::gatherTopK<c10::BFloat16, unsigned int, 2, false>(at::cuda::detail::TensorInfo<c10::BFloat16 const, unsigned int>, unsigned int, unsigned int, bool, unsigned int, unsigned int, at::cuda::detail::TensorInfo<c10::BFloat16, unsigned int>, unsigned int, at::cuda::detail::TensorInfo<long, unsigned int>, unsigned int, c10::BFloat16*)",4760908482.476578,8574643464.608137
a100,NVIDIA A100-SXM4-40GB,4096,32,8,fp32,131072,0.027326080799102783,0.015440549999999996,"void at::native::sbtopk::gatherTopK<float, unsigned int, 2, false>(at::cuda::detail::TensorInfo<float const, unsigned int>, unsigned int, unsigned int, bool, unsigned int, unsigned int, at::cuda::detail::TensorInfo<float, unsigned int>, unsigned int, at::cuda::detail::TensorInfo<long, unsigned int>, unsigned int, float*)",4796589784.08289,8488816784.376206
a100,NVIDIA A100-SXM4-40GB,4096,32,8,bf16,131072,0.027637441158294678,0.01526233,"void at::native::sbtopk::gatherTopK<c10::BFloat16, unsigned int, 2, false>(at::cuda::detail::TensorInfo<c10::BFloat16 const, unsigned int>, unsigned int, unsigned int, bool, unsigned int, unsigned int, at::cuda::detail::TensorInfo<c10::BFloat16, unsigned int>, unsigned int, at::cuda::detail::TensorInfo<long, unsigned int>, unsigned int, c10::BFloat16*)",4742551933.418121,8587941683.871336
a100,NVIDIA A100-SXM4-40GB,4096,64,1,fp32,262144,0.02225152015686035,0.02140886999999999,"void at::native::sbtopk::gatherTopK<float, unsigned int, 2, false>(at::cuda::detail::TensorInfo<float const, unsigned int>, unsigned int, unsigned int, bool, unsigned int, unsigned int, at::cuda::detail::TensorInfo<float, unsigned int>, unsigned int, at::cuda::detail::TensorInfo<long, unsigned int>, unsigned int, float*)",11780947915.110355,12244644392.72134
a100,NVIDIA A100-SXM4-40GB,4096,64,1,bf16,262144,0.022470080852508546,0.021672849999999994,"void at::native::sbtopk::gatherTopK<c10::BFloat16, unsigned int, 2, false>(at::cuda::detail::TensorInfo<c10::BFloat16 const, unsigned int>, unsigned int, unsigned int, bool, unsigned int, unsigned int, at::cuda::detail::TensorInfo<c10::BFloat16, unsigned int>, unsigned int, at::cuda::detail::TensorInfo<long, unsigned int>, unsigned int, c10::BFloat16*)",11666357665.585987,12095501975.974552
a100,NVIDIA A100-SXM4-40GB,4096,64,2,fp32,262144,0.03517119884490967,0.024392539999999963,"void at::native::sbtopk::gatherTopK<float, unsigned int, 2, false>(at::cuda::detail::TensorInfo<float const, unsigned int>, unsigned int, unsigned int, bool, unsigned int, unsigned int, at::cuda::detail::TensorInfo<float, unsigned int>, unsigned int, at::cuda::detail::TensorInfo<long, unsigned int>, unsigned int, float*)",7453371184.64303,10746892287.560066
a100,NVIDIA A100-SXM4-40GB,4096,64,2,bf16,262144,0.035116798877716064,0.024362460000000034,"void at::native::sbtopk::gatherTopK<c10::BFloat16, unsigned int, 2, false>(at::cuda::detail::TensorInfo<c10::BFloat16 const, unsigned int>, unsigned int, unsigned int, bool, unsigned int, unsigned int, at::cuda::detail::TensorInfo<c10::BFloat16, unsigned int>, unsigned int, at::cuda::detail::TensorInfo<long, unsigned int>, unsigned int, c10::BFloat16*)",7464917315.295153,10760161330.177643
a100,NVIDIA A100-SXM4-40GB,4096,64,3,fp32,262144,0.03531935930252075,0.02452625999999998,"void at::native::sbtopk::gatherTopK<float, unsigned int, 2, false>(at::cuda::detail::TensorInfo<float const, unsigned int>, unsigned int, unsigned int, bool, unsigned int, unsigned int, at::cuda::detail::TensorInfo<float, unsigned int>, unsigned int, at::cuda::detail::TensorInfo<long, unsigned int>, unsigned int, float*)",7422105190.376166,10688298990.551361
a100,NVIDIA A100-SXM4-40GB,4096,64,3,bf16,262144,0.0352288007736206,0.02439957000000002,"void at::native::sbtopk::gatherTopK<c10::BFloat16, unsigned int, 2, false>(at::cuda::detail::TensorInfo<c10::BFloat16 const, unsigned int>, unsigned int, unsigned int, bool, unsigned int, unsigned int, at::cuda::detail::TensorInfo<c10::BFloat16, unsigned int>, unsigned int, at::cuda::detail::TensorInfo<long, unsigned int>, unsigned int, c10::BFloat16*)",7441184322.013423,10743795894.76371
a100,NVIDIA A100-SXM4-40GB,4096,64,4,fp32,262144,0.035541760921478274,0.024666740000000038,"void at::native::sbtopk::gatherTopK<float, unsigned int, 2, false>(at::cuda::detail::TensorInfo<float const, unsigned int>, unsigned int, unsigned int, bool, unsigned int, unsigned int, at::cuda::detail::TensorInfo<float, unsigned int>, unsigned int, at::cuda::detail::TensorInfo<long, unsigned int>, unsigned int, float*)",7375661565.53553,10627427864.40363
a100,NVIDIA A100-SXM4-40GB,4096,64,4,bf16,262144,0.03529088020324707,0.024476009999999996,"void at::native::sbtopk::gatherTopK<c10::BFloat16, unsigned int, 2, false>(at::cuda::detail::TensorInfo<c10::BFloat16 const, unsigned int>, unsigned int, unsigned int, bool, unsigned int, unsigned int, at::cuda::detail::TensorInfo<c10::BFloat16, unsigned int>, unsigned int, at::cuda::detail::TensorInfo<long, unsigned int>, unsigned int, c10::BFloat16*)",7428094694.444047,10710242396.534405
a100,NVIDIA A100-SXM4-40GB,4096,64,8,fp32,262144,0.035767040252685546,0.02490644000000001,"void at::native::sbtopk::gatherTopK<float, unsigned int, 2, false>(at::cuda::detail::TensorInfo<float const, unsigned int>, unsigned int, unsigned int, bool, unsigned int, unsigned int, at::cuda::detail::TensorInfo<float, unsigned int>, unsigned int, at::cuda::detail::TensorInfo<long, unsigned int>, unsigned int, float*)",7329205831.626425,10525149318.810713
a100,NVIDIA A100-SXM4-40GB,4096,64,8,bf16,262144,0.03581631898880005,0.024888829999999997,"void at::native::sbtopk::gatherTopK<c10::BFloat16, unsigned int, 2, false>(at::cuda::detail::TensorInfo<c10::BFloat16 const, unsigned int>, unsigned int, unsigned int, bool, unsigned int, unsigned int, at::cuda::detail::TensorInfo<c10::BFloat16, unsigned int>, unsigned int, at::cuda::detail::TensorInfo<long, unsigned int>, unsigned int, c10::BFloat16*)",7319121769.101225,10532596349.446722
a100,NVIDIA A100-SXM4-40GB,4096,128,1,fp32,524288,0.03895904064178467,0.038194070000000004,"void at::native::sbtopk::gatherTopK<float, unsigned int, 2, false>(at::cuda::detail::TensorInfo<float const, unsigned int>, unsigned int, unsigned int, bool, unsigned int, unsigned int, at::cuda::detail::TensorInfo<float, unsigned int>, unsigned int, at::cuda::detail::TensorInfo<long, unsigned int>, unsigned int, float*)",13457415566.791098,13726947664.912378
a100,NVIDIA A100-SXM4-40GB,4096,128,1,bf16,524288,0.0396777606010437,0.03898637000000002,"void at::native::sbtopk::gatherTopK<c10::BFloat16, unsigned int, 2, false>(at::cuda::detail::TensorInfo<c10::BFloat16 const, unsigned int>, unsigned int, unsigned int, bool, unsigned int, unsigned int, at::cuda::detail::TensorInfo<c10::BFloat16, unsigned int>, unsigned int, at::cuda::detail::TensorInfo<long, unsigned int>, unsigned int, c10::BFloat16*)",13213648957.45172,13447981948.563042
a100,NVIDIA A100-SXM4-40GB,4096,128,2,fp32,524288,0.05355936050415039,0.04303306000000003,"void at::native::sbtopk::gatherTopK<float, unsigned int, 2, false>(at::cuda::detail::TensorInfo<float const, unsigned int>, unsigned int, unsigned int, bool, unsigned int, unsigned int, at::cuda::detail::TensorInfo<float, unsigned int>, unsigned int, at::cuda::detail::TensorInfo<long, unsigned int>, unsigned int, float*)",9788914487.867573,12183377152.356808
a100,NVIDIA A100-SXM4-40GB,4096,128,2,bf16,524288,0.054048318862915036,0.043501229999999974,"void at::native::sbtopk::gatherTopK<c10::BFloat16, unsigned int, 2, false>(at::cuda::detail::TensorInfo<c10::BFloat16 const, unsigned int>, unsigned int, unsigned int, bool, unsigned int, unsigned int, at::cuda::detail::TensorInfo<c10::BFloat16, unsigned int>, unsigned int, at::cuda::detail::TensorInfo<long, unsigned int>, unsigned int, c10::BFloat16*)",9700357217.951092,12052256913.195335
a100,NVIDIA A100-SXM4-40GB,4096,128,3,fp32,524288,0.05792895793914795,0.043478820000000036,"void at::native::sbtopk::gatherTopK<float, unsigned int, 2, false>(at::cuda::detail::TensorInfo<float const, unsigned int>, unsigned int, unsigned int, bool, unsigned int, unsigned int, at::cuda::detail::TensorInfo<float, unsigned int>, unsigned int, at::cuda::detail::TensorInfo<long, unsigned int>, unsigned int, float*)",9050533941.085968,12058468928.089575
a100,NVIDIA A100-SXM4-40GB,4096,128,3,bf16,524288,0.05438623905181885,0.043696429999999994,"void at::native::sbtopk::gatherTopK<c10::BFloat16, unsigned int, 2, false>(at::cuda::detail::TensorInfo<c10::BFloat16 const, unsigned int>, unsigned int, unsigned int, bool, unsigned int, unsigned int, at::cuda::detail::TensorInfo<c10::BFloat16, unsigned int>, unsigned int, at::cuda::detail::TensorInfo<long, unsigned int>, unsigned int, c10::BFloat16*)",9640085601.441605,11998417262.00516
a100,NVIDIA A100-SXM4-40GB,4096,128,4,fp32,524288,0.05976448059082031,0.043515630000000007,"void at::native::sbtopk::gatherTopK<float, unsigned int, 2, false>(at::cuda::detail::TensorInfo<float const, unsigned int>, unsigned int, unsigned int, bool, unsigned int, unsigned int, at::cuda::detail::TensorInfo<float, unsigned int>, unsigned int, at::cuda::detail::TensorInfo<long, unsigned int>, unsigned int, float*)",8772568502.511665,12048268633.592112
a100,NVIDIA A100-SXM4-40GB,4096,128,4,bf16,524288,0.05429664134979248,0.04362409999999999,"void at::native::sbtopk::gatherTopK<c10::BFloat16, unsigned int, 2, false>(at::cuda::detail::TensorInfo<c10::BFloat16 const, unsigned int>, unsigned int, unsigned int, bool, unsigned int, unsigned int, at::cuda::detail::TensorInfo<c10::BFloat16, unsigned int>, unsigned int, at::cuda::detail::TensorInfo<long, unsigned int>, unsigned int, c10::BFloat16*)",9655993206.327555,12018310979.481527
a100,NVIDIA A100-SXM4-40GB,4096,128,8,fp32,524288,0.06398111820220947,0.04348010000000003,"void at::native::sbtopk::gatherTopK<float, unsigned int, 2, false>(at::cuda::detail::TensorInfo<float const, unsigned int>, unsigned int, unsigned int, bool, unsigned int, unsigned int, at::cuda::detail::TensorInfo<float, unsigned int>, unsigned int, at::cuda::detail::TensorInfo<long, unsigned int>, unsigned int, float*)",8194417583.372192,12058113941.780254
a100,NVIDIA A100-SXM4-40GB,4096,128,8,bf16,524288,0.05450496196746826,0.04369865999999998,"void at::native::sbtopk::gatherTopK<c10::BFloat16, unsigned int, 2, false>(at::cuda::detail::TensorInfo<c10::BFloat16 const, unsigned int>, unsigned int, unsigned int, bool, unsigned int, unsigned int, at::cuda::detail::TensorInfo<c10::BFloat16, unsigned int>, unsigned int, at::cuda::detail::TensorInfo<long, unsigned int>, unsigned int, c10::BFloat16*)",9619087530.286245,11997804967.017302
a100,NVIDIA A100-SXM4-40GB,4096,256,1,fp32,1048576,0.0752348804473877,0.07501629999999995,"void at::native::sbtopk::gatherTopK<float, unsigned int, 2, false>(at::cuda::detail::TensorInfo<float const, unsigned int>, unsigned int, unsigned int, bool, unsigned int, unsigned int, at::cuda::detail::TensorInfo<float, unsigned int>, unsigned int, at::cuda::detail::TensorInfo<long, unsigned int>, unsigned int, float*)",13937365139.20929,13977975453.334818
a100,NVIDIA A100-SXM4-40GB,4096,256,1,bf16,1048576,0.07662176132202149,0.07640765,"void at::native::sbtopk::gatherTopK<c10::BFloat16, unsigned int, 2, false>(at::cuda::detail::TensorInfo<c10::BFloat16 const, unsigned int>, unsigned int, unsigned int, bool, unsigned int, unsigned int, at::cuda::detail::TensorInfo<c10::BFloat16, unsigned int>, unsigned int, at::cuda::detail::TensorInfo<long, unsigned int>, unsigned int, c10::BFloat16*)",13685093919.89967,13723442613.40324
a100,NVIDIA A100-SXM4-40GB,4096,256,2,fp32,1048576,0.09229503631591797,0.08213018999999998,"void at::native::sbtopk::gatherTopK<float, unsigned int, 2, false>(at::cuda::detail::TensorInfo<float const, unsigned int>, unsigned int, unsigned int, bool, unsigned int, unsigned int, at::cuda::detail::TensorInfo<float, unsigned int>, unsigned int, at::cuda::detail::TensorInfo<long, unsigned int>, unsigned int, float*)",11361131019.124523,12767241863.193064
a100,NVIDIA A100-SXM4-40GB,4096,256,2,bf16,1048576,0.093372802734375,0.08331549,"void at::native::sbtopk::gatherTopK<c10::BFloat16, unsigned int, 2, false>(at::cuda::detail::TensorInfo<c10::BFloat16 const, unsigned int>, unsigned int, unsigned int, bool, unsigned int, unsigned int, at::cuda::detail::TensorInfo<c10::BFloat16, unsigned int>, unsigned int, at::cuda::detail::TensorInfo<long, unsigned int>, unsigned int, c10::BFloat16*)",11229993845.02752,12585606830.134468
a100,NVIDIA A100-SXM4-40GB,4096,256,3,fp32,1048576,0.09518336296081543,0.08473272000000008,"void at::native::sbtopk::gatherTopK<float, unsigned int, 2, false>(at::cuda::detail::TensorInfo<float const, unsigned int>, unsigned int, unsigned int, bool, unsigned int, unsigned int, at::cuda::detail::TensorInfo<float, unsigned int>, unsigned int, at::cuda::detail::TensorInfo<long, unsigned int>, unsigned int, float*)",11016378990.85024,12375101377.602407
a100,NVIDIA A100-SXM4-40GB,4096,256,3,bf16,1048576,0.09537568092346191,0.08520281000000009,"void at::native::sbtopk::gatherTopK<c10::BFloat16, unsigned int, 2, false>(at::cuda::detail::TensorInfo<c10::BFloat16 const, unsigned int>, unsigned int, unsigned int, bool, unsigned int, unsigned int, at::cuda::detail::TensorInfo<c10::BFloat16, unsigned int>, unsigned int, at::cuda::detail::TensorInfo<long, unsigned int>, unsigned int, c10::BFloat16*)",10994165282.463068,12306824152.865368
a100,NVIDIA A100-SXM4-40GB,4096,256,4,fp32,1048576,0.09582079887390137,0.08562233000000001,"void at::native::sbtopk::gatherTopK<float, unsigned int, 2, false>(at::cuda::detail::TensorInfo<float const, unsigned int>, unsigned int, unsigned int, bool, unsigned int, unsigned int, at::cuda::detail::TensorInfo<float, unsigned int>, unsigned int, at::cuda::detail::TensorInfo<long, unsigned int>, unsigned int, float*)",10943093903.65143,12246524942.733978
a100,NVIDIA A100-SXM4-40GB,4096,256,4,bf16,1048576,0.09615008354187012,0.08591865999999994,"void at::native::sbtopk::gatherTopK<c10::BFloat16, unsigned int, 2, false>(at::cuda::detail::TensorInfo<c10::BFloat16 const, unsigned int>, unsigned int, unsigned int, bool, unsigned int, unsigned int, at::cuda::detail::TensorInfo<c10::BFloat16, unsigned int>, unsigned int, at::cuda::detail::TensorInfo<long, unsigned int>, unsigned int, c10::BFloat16*)",10905617149.499207,12204287171.145369
a100,NVIDIA A100-SXM4-40GB,4096,256,8,fp32,1048576,0.09435775756835937,0.08403001000000003,"void at::native::sbtopk::gatherTopK<float, unsigned int, 2, false>(at::cuda::detail::TensorInfo<float const, unsigned int>, unsigned int, unsigned int, bool, unsigned int, unsigned int, at::cuda::detail::TensorInfo<float, unsigned int>, unsigned int, at::cuda::detail::TensorInfo<long, unsigned int>, unsigned int, float*)",11112769389.844158,12478589494.396105
a100,NVIDIA A100-SXM4-40GB,4096,256,8,bf16,1048576,0.09447456359863281,0.08425469000000002,"void at::native::sbtopk::gatherTopK<c10::BFloat16, unsigned int, 2, false>(at::cuda::detail::TensorInfo<c10::BFloat16 const, unsigned int>, unsigned int, unsigned int, bool, unsigned int, unsigned int, at::cuda::detail::TensorInfo<c10::BFloat16, unsigned int>, unsigned int, at::cuda::detail::TensorInfo<long, unsigned int>, unsigned int, c10::BFloat16*)",11099029834.68425,12445313133.31044
a100,NVIDIA A100-SXM4-40GB,8192,32,1,fp32,262144,0.021486079692840575,0.020664870000000012,"void at::native::sbtopk::gatherTopK<float, unsigned int, 2, false>(at::cuda::detail::TensorInfo<float const, unsigned int>, unsigned int, unsigned int, bool, unsigned int, unsigned int, at::cuda::detail::TensorInfo<float, unsigned int>, unsigned int, at::cuda::detail::TensorInfo<long, unsigned int>, unsigned int, float*)",12200643567.72118,12685489915.978172
a100,NVIDIA A100-SXM4-40GB,8192,32,1,bf16,262144,0.021932480335235597,0.021103899999999995,"void at::native::sbtopk::gatherTopK<c10::BFloat16, unsigned int, 2, false>(at::cuda::detail::TensorInfo<c10::BFloat16 const, unsigned int>, unsigned int, unsigned int, bool, unsigned int, unsigned int, at::cuda::detail::TensorInfo<c10::BFloat16, unsigned int>, unsigned int, at::cuda::detail::TensorInfo<long, unsigned int>, unsigned int, c10::BFloat16*)",11952318934.892782,12421590322.167942
a100,NVIDIA A100-SXM4-40GB,8192,32,2,fp32,262144,0.039354240894317626,0.023637989999999963,"void at::native::sbtopk::gatherTopK<float, unsigned int, 2, false>(at::cuda::detail::TensorInfo<float const, unsigned int>, unsigned int, unsigned int, bool, unsigned int, unsigned int, at::cuda::detail::TensorInfo<float, unsigned int>, unsigned int, at::cuda::detail::TensorInfo<long, unsigned int>, unsigned int, float*)",6661137250.848385,11089944618.810669
a100,NVIDIA A100-SXM4-40GB,8192,32,2,bf16,262144,0.04094111919403076,0.02383446000000004,"void at::native::sbtopk::gatherTopK<c10::BFloat16, unsigned int, 2, false>(at::cuda::detail::TensorInfo<c10::BFloat16 const, unsigned int>, unsigned int, unsigned int, bool, unsigned int, unsigned int, at::cuda::detail::TensorInfo<c10::BFloat16, unsigned int>, unsigned int, at::cuda::detail::TensorInfo<long, unsigned int>, unsigned int, c10::BFloat16*)",6402951486.441551,10998529020.58614
a100,NVIDIA A100-SXM4-40GB,8192,32,3,fp32,262144,0.03980704069137573,0.02404822000000002,"void at::native::sbtopk::gatherTopK<float, unsigned int, 2, false>(at::cuda::detail::TensorInfo<float const, unsigned int>, unsigned int, unsigned int, bool, unsigned int, unsigned int, at::cuda::detail::TensorInfo<float, unsigned int>, unsigned int, at::cuda::detail::TensorInfo<long, unsigned int>, unsigned int, float*)",6585367699.960525,10900765212.560421
a100,NVIDIA A100-SXM4-40GB,8192,32,3,bf16,262144,0.0413481616973877,0.024079259999999998,"void at::native::sbtopk::gatherTopK<c10::BFloat16, unsigned int, 2, false>(at::cuda::detail::TensorInfo<c10::BFloat16 const, unsigned int>, unsigned int, unsigned int, bool, unsigned int, unsigned int, at::cuda::detail::TensorInfo<c10::BFloat16, unsigned int>, unsigned int, at::cuda::detail::TensorInfo<long, unsigned int>, unsigned int, c10::BFloat16*)",6339919097.698648,10886713296.006605
a100,NVIDIA A100-SXM4-40GB,8192,32,4,fp32,262144,0.039856960773468016,0.02409143000000001,"void at::native::sbtopk::gatherTopK<float, unsigned int, 2, false>(at::cuda::detail::TensorInfo<float const, unsigned int>, unsigned int, unsigned int, bool, unsigned int, unsigned int, at::cuda::detail::TensorInfo<float, unsigned int>, unsigned int, at::cuda::detail::TensorInfo<long, unsigned int>, unsigned int, float*)",6577119652.698257,10881213776.019102
a100,NVIDIA A100-SXM4-40GB,8192,32,4,bf16,262144,0.04128704071044922,0.024215239999999957,"void at::native::sbtopk::gatherTopK<c10::BFloat16, unsigned int, 2, false>(at::cuda::detail::TensorInfo<c10::BFloat16 const, unsigned int>, unsigned int, unsigned int, bool, unsigned int, unsigned int, at::cuda::detail::TensorInfo<c10::BFloat16, unsigned int>, unsigned int, at::cuda::detail::TensorInfo<long, unsigned int>, unsigned int, c10::BFloat16*)",6349304660.473152,10825579263.306929
a100,NVIDIA A100-SXM4-40GB,8192,32,8,fp32,262144,0.04007487773895264,0.024343589999999995,"void at::native::sbtopk::gatherTopK<float, unsigned int, 2, false>(at::cuda::detail::TensorInfo<float const, unsigned int>, unsigned int, unsigned int, bool, unsigned int, unsigned int, at::cuda::detail::TensorInfo<float, unsigned int>, unsigned int, at::cuda::detail::TensorInfo<long, unsigned int>, unsigned int, float*)",6541354953.285284,10768502098.499033
a100,NVIDIA A100-SXM4-40GB,8192,32,8,bf16,262144,0.04150591850280762,0.02423667999999998,"void at::native::sbtopk::gatherTopK<c10::BFloat16, unsigned int, 2, false>(at::cuda::detail::TensorInfo<c10::BFloat16 const, unsigned int>, unsigned int, unsigned int, bool, unsigned int, unsigned int, at::cuda::detail::TensorInfo<c10::BFloat16, unsigned int>, unsigned int, at::cuda::detail::TensorInfo<long, unsigned int>, unsigned int, c10::BFloat16*)",6315822163.58536,10816002851.875761
a100,NVIDIA A100-SXM4-40GB,8192,64,1,fp32,524288,0.03575455904006958,0.03500272,"void at::native::sbtopk::gatherTopK<float, unsigned int, 2, false>(at::cuda::detail::TensorInfo<float const, unsigned int>, unsigned int, unsigned int, bool, unsigned int, unsigned int, at::cuda::detail::TensorInfo<float, unsigned int>, unsigned int, at::cuda::detail::TensorInfo<long, unsigned int>, unsigned int, float*)",14663528626.165928,14978493099.964802
a100,NVIDIA A100-SXM4-40GB,8192,64,1,bf16,524288,0.03674815893173218,0.03603119999999999,"void at::native::sbtopk::gatherTopK<c10::BFloat16, unsigned int, 2, false>(at::cuda::detail::TensorInfo<c10::BFloat16 const, unsigned int>, unsigned int, unsigned int, bool, unsigned int, unsigned int, at::cuda::detail::TensorInfo<c10::BFloat16, unsigned int>, unsigned int, at::cuda::detail::TensorInfo<long, unsigned int>, unsigned int, c10::BFloat16*)",14267054874.068132,14550944736.783678
a100,NVIDIA A100-SXM4-40GB,8192,64,2,fp32,524288,0.057287678718566895,0.04176909,"void at::native::sbtopk::gatherTopK<float, unsigned int, 2, false>(at::cuda::detail::TensorInfo<float const, unsigned int>, unsigned int, unsigned int, bool, unsigned int, unsigned int, at::cuda::detail::TensorInfo<float, unsigned int>, unsigned int, at::cuda::detail::TensorInfo<long, unsigned int>, unsigned int, float*)",9151845767.318176,12552057035.47767
a100,NVIDIA A100-SXM4-40GB,8192,64,2,bf16,524288,0.058986878395080565,0.04206540999999999,"void at::native::sbtopk::gatherTopK<c10::BFloat16, unsigned int, 2, false>(at::cuda::detail::TensorInfo<c10::BFloat16 const, unsigned int>, unsigned int, unsigned int, bool, unsigned int, unsigned int, at::cuda::detail::TensorInfo<c10::BFloat16, unsigned int>, unsigned int, at::cuda::detail::TensorInfo<long, unsigned int>, unsigned int, c10::BFloat16*)",8888214027.67645,12463636988.2048
a100,NVIDIA A100-SXM4-40GB,8192,64,3,fp32,524288,0.05742496013641357,0.041831810000000025,"void at::native::sbtopk::gatherTopK<float, unsigned int, 2, false>(at::cuda::detail::TensorInfo<float const, unsigned int>, unsigned int, unsigned int, bool, unsigned int, unsigned int, at::cuda::detail::TensorInfo<float, unsigned int>, unsigned int, at::cuda::detail::TensorInfo<long, unsigned int>, unsigned int, float*)",9129967156.347145,12533237266.09008
a100,NVIDIA A100-SXM4-40GB,8192,64,3,bf16,524288,0.059399681091308595,0.04239855999999998,"void at::native::sbtopk::gatherTopK<c10::BFloat16, unsigned int, 2, false>(at::cuda::detail::TensorInfo<c10::BFloat16 const, unsigned int>, unsigned int, unsigned int, bool, unsigned int, unsigned int, at::cuda::detail::TensorInfo<c10::BFloat16, unsigned int>, unsigned int, at::cuda::detail::TensorInfo<long, unsigned int>, unsigned int, c10::BFloat16*)",8826444694.106518,12365702986.139158
a100,NVIDIA A100-SXM4-40GB,8192,64,4,fp32,524288,0.05749375820159912,0.04193485000000005,"void at::native::sbtopk::gatherTopK<float, unsigned int, 2, false>(at::cuda::detail::TensorInfo<float const, unsigned int>, unsigned int, unsigned int, bool, unsigned int, unsigned int, at::cuda::detail::TensorInfo<float, unsigned int>, unsigned int, at::cuda::detail::TensorInfo<long, unsigned int>, unsigned int, float*)",9119042073.430113,12502441286.900976
a100,NVIDIA A100-SXM4-40GB,8192,64,4,bf16,524288,0.05952672004699707,0.04246543000000001,"void at::native::sbtopk::gatherTopK<c10::BFloat16, unsigned int, 2, false>(at::cuda::detail::TensorInfo<c10::BFloat16 const, unsigned int>, unsigned int, unsigned int, bool, unsigned int, unsigned int, at::cuda::detail::TensorInfo<c10::BFloat16, unsigned int>, unsigned int, at::cuda::detail::TensorInfo<long, unsigned int>, unsigned int, c10::BFloat16*)",8807607736.258074,12346230804.680416
a100,NVIDIA A100-SXM4-40GB,8192,64,8,fp32,524288,0.05910208225250244,0.043410380000000005,"void at::native::sbtopk::gatherTopK<float, unsigned int, 2, false>(at::cuda::detail::TensorInfo<float const, unsigned int>, unsigned int, unsigned int, bool, unsigned int, unsigned int, at::cuda::detail::TensorInfo<float, unsigned int>, unsigned int, at::cuda::detail::TensorInfo<long, unsigned int>, unsigned int, float*)",8870888808.283926,12077480086.55994
a100,NVIDIA A100-SXM4-40GB,8192,64,8,bf16,524288,0.0604691219329834,0.043412919999999994,"void at::native::sbtopk::gatherTopK<c10::BFloat16, unsigned int, 2, false>(at::cuda::detail::TensorInfo<c10::BFloat16 const, unsigned int>, unsigned int, unsigned int, bool, unsigned int, unsigned int, at::cuda::detail::TensorInfo<c10::BFloat16, unsigned int>, unsigned int, at::cuda::detail::TensorInfo<long, unsigned int>, unsigned int, c10::BFloat16*)",8670342535.8327,12076773458.223959
a100,NVIDIA A100-SXM4-40GB,8192,128,1,fp32,1048576,0.06993087768554687,0.06957089000000001,"void at::native::sbtopk::gatherTopK<float, unsigned int, 2, false>(at::cuda::detail::TensorInfo<float const, unsigned int>, unsigned int, unsigned int, bool, unsigned int, unsigned int, at::cuda::detail::TensorInfo<float, unsigned int>, unsigned int, at::cuda::detail::TensorInfo<long, unsigned int>, unsigned int, float*)",14994463600.400614,15072050968.44384
a100,NVIDIA A100-SXM4-40GB,8192,128,1,bf16,1048576,0.07177792072296142,0.07147329000000001,"void at::native::sbtopk::gatherTopK<c10::BFloat16, unsigned int, 2, false>(at::cuda::detail::TensorInfo<c10::BFloat16 const, unsigned int>, unsigned int, unsigned int, bool, unsigned int, unsigned int, at::cuda::detail::TensorInfo<c10::BFloat16, unsigned int>, unsigned int, at::cuda::detail::TensorInfo<long, unsigned int>, unsigned int, c10::BFloat16*)",14608614869.844864,14670879149.399725
a100,NVIDIA A100-SXM4-40GB,8192,128,2,fp32,1048576,0.0942470359802246,0.07909981000000003,"void at::native::sbtopk::gatherTopK<float, unsigned int, 2, false>(at::cuda::detail::TensorInfo<float const, unsigned int>, unsigned int, unsigned int, bool, unsigned int, unsigned int, at::cuda::detail::TensorInfo<float, unsigned int>, unsigned int, at::cuda::detail::TensorInfo<long, unsigned int>, unsigned int, float*)",11125824691.399502,13256365596.832653
a100,NVIDIA A100-SXM4-40GB,8192,128,2,bf16,1048576,0.09741984367370606,0.0807641,"void at::native::sbtopk::gatherTopK<c10::BFloat16, unsigned int, 2, false>(at::cuda::detail::TensorInfo<c10::BFloat16 const, unsigned int>, unsigned int, unsigned int, bool, unsigned int, unsigned int, at::cuda::detail::TensorInfo<c10::BFloat16, unsigned int>, unsigned int, at::cuda::detail::TensorInfo<long, unsigned int>, unsigned int, c10::BFloat16*)",10763474467.399645,12983194265.769072
a100,NVIDIA A100-SXM4-40GB,8192,128,3,fp32,1048576,0.09572799682617188,0.08052834000000003,"void at::native::sbtopk::gatherTopK<float, unsigned int, 2, false>(at::cuda::detail::TensorInfo<float const, unsigned int>, unsigned int, unsigned int, bool, unsigned int, unsigned int, at::cuda::detail::TensorInfo<float, unsigned int>, unsigned int, at::cuda::detail::TensorInfo<long, unsigned int>, unsigned int, float*)",10953702519.275126,13021204708.80189
a100,NVIDIA A100-SXM4-40GB,8192,128,3,bf16,1048576,0.09817824363708497,0.08143290000000003,"void at::native::sbtopk::gatherTopK<c10::BFloat16, unsigned int, 2, false>(at::cuda::detail::TensorInfo<c10::BFloat16 const, unsigned int>, unsigned int, unsigned int, bool, unsigned int, unsigned int, at::cuda::detail::TensorInfo<c10::BFloat16, unsigned int>, unsigned int, at::cuda::detail::TensorInfo<long, unsigned int>, unsigned int, c10::BFloat16*)",10680329583.772676,12876564631.739748
a100,NVIDIA A100-SXM4-40GB,8192,128,4,fp32,1048576,0.09525664329528809,0.08010393999999998,"void at::native::sbtopk::gatherTopK<float, unsigned int, 2, false>(at::cuda::detail::TensorInfo<float const, unsigned int>, unsigned int, unsigned int, bool, unsigned int, unsigned int, at::cuda::detail::TensorInfo<float, unsigned int>, unsigned int, at::cuda::detail::TensorInfo<long, unsigned int>, unsigned int, float*)",11007904160.022697,13090192567.306929
a100,NVIDIA A100-SXM4-40GB,8192,128,4,bf16,1048576,0.09787615776062011,0.08118491000000003,"void at::native::sbtopk::gatherTopK<c10::BFloat16, unsigned int, 2, false>(at::cuda::detail::TensorInfo<c10::BFloat16 const, unsigned int>, unsigned int, unsigned int, bool, unsigned int, unsigned int, at::cuda::detail::TensorInfo<c10::BFloat16, unsigned int>, unsigned int, at::cuda::detail::TensorInfo<long, unsigned int>, unsigned int, c10::BFloat16*)",10713293451.552797,12915897794.306845
a100,NVIDIA A100-SXM4-40GB,8192,128,8,fp32,1048576,0.09633184432983398,0.08103932999999998,"void at::native::sbtopk::gatherTopK<float, unsigned int, 2, false>(at::cuda::detail::TensorInfo<float const, unsigned int>, unsigned int, unsigned int, bool, unsigned int, unsigned int, at::cuda::detail::TensorInfo<float, unsigned int>, unsigned int, at::cuda::detail::TensorInfo<long, unsigned int>, unsigned int, float*)",10885040220.030916,12939100064.129358
a100,NVIDIA A100-SXM4-40GB,8192,128,8,bf16,1048576,0.09820511817932129,0.08144060000000004,"void at::native::sbtopk::gatherTopK<c10::BFloat16, unsigned int, 2, false>(at::cuda::detail::TensorInfo<c10::BFloat16 const, unsigned int>, unsigned int, unsigned int, bool, unsigned int, unsigned int, at::cuda::detail::TensorInfo<c10::BFloat16, unsigned int>, unsigned int, at::cuda::detail::TensorInfo<long, unsigned int>, unsigned int, c10::BFloat16*)",10677406834.186724,12875347185.556091
a100,NVIDIA A100-SXM4-40GB,8192,256,1,fp32,2097152,0.14268704414367675,0.14338367999999993,"void at::native::sbtopk::gatherTopK<float, unsigned int, 2, false>(at::cuda::detail::TensorInfo<float const, unsigned int>, unsigned int, unsigned int, bool, unsigned int, unsigned int, at::cuda::detail::TensorInfo<float, unsigned int>, unsigned int, at::cuda::detail::TensorInfo<long, unsigned int>, unsigned int, float*)",14697564257.398882,14626155501.100271
a100,NVIDIA A100-SXM4-40GB,8192,256,1,bf16,2097152,0.14577631950378417,0.14639391000000007,"void at::native::sbtopk::gatherTopK<c10::BFloat16, unsigned int, 2, false>(at::cuda::detail::TensorInfo<c10::BFloat16 const, unsigned int>, unsigned int, unsigned int, bool, unsigned int, unsigned int, at::cuda::detail::TensorInfo<c10::BFloat16, unsigned int>, unsigned int, at::cuda::detail::TensorInfo<long, unsigned int>, unsigned int, c10::BFloat16*)",14386095129.432602,14325404656.518831
a100,NVIDIA A100-SXM4-40GB,8192,256,2,fp32,2097152,0.1722768020629883,0.1581506499999999,"void at::native::sbtopk::gatherTopK<float, unsigned int, 2, false>(at::cuda::detail::TensorInfo<float const, unsigned int>, unsigned int, unsigned int, bool, unsigned int, unsigned int, at::cuda::detail::TensorInfo<float, unsigned int>, unsigned int, at::cuda::detail::TensorInfo<long, unsigned int>, unsigned int, float*)",12173153755.392057,13260470317.384098
a100,NVIDIA A100-SXM4-40GB,8192,256,2,bf16,2097152,0.17560224533081054,0.15996090000000002,"void at::native::sbtopk::gatherTopK<c10::BFloat16, unsigned int, 2, false>(at::cuda::detail::TensorInfo<c10::BFloat16 const, unsigned int>, unsigned int, unsigned int, bool, unsigned int, unsigned int, at::cuda::detail::TensorInfo<c10::BFloat16, unsigned int>, unsigned int, at::cuda::detail::TensorInfo<long, unsigned int>, unsigned int, c10::BFloat16*)",11942626337.432379,13110403854.94205
a100,NVIDIA A100-SXM4-40GB,8192,256,3,fp32,2097152,0.17655359268188475,0.16235542000000003,"void at::native::sbtopk::gatherTopK<float, unsigned int, 2, false>(at::cuda::detail::TensorInfo<float const, unsigned int>, unsigned int, unsigned int, bool, unsigned int, unsigned int, at::cuda::detail::TensorInfo<float, unsigned int>, unsigned int, at::cuda::detail::TensorInfo<long, unsigned int>, unsigned int, float*)",11878274285.693298,12917043360.794483
a100,NVIDIA A100-SXM4-40GB,8192,256,3,bf16,2097152,0.17957279205322266,0.1638716800000001,"void at::native::sbtopk::gatherTopK<c10::BFloat16, unsigned int, 2, false>(at::cuda::detail::TensorInfo<c10::BFloat16 const, unsigned int>, unsigned int, unsigned int, bool, unsigned int, unsigned int, at::cuda::detail::TensorInfo<c10::BFloat16, unsigned int>, unsigned int, at::cuda::detail::TensorInfo<long, unsigned int>, unsigned int, c10::BFloat16*)",11678562080.710066,12797525478.471928
a100,NVIDIA A100-SXM4-40GB,8192,256,4,fp32,2097152,0.1782569694519043,0.16396085999999996,"void at::native::sbtopk::gatherTopK<float, unsigned int, 2, false>(at::cuda::detail::TensorInfo<float const, unsigned int>, unsigned int, unsigned int, bool, unsigned int, unsigned int, at::cuda::detail::TensorInfo<float, unsigned int>, unsigned int, at::cuda::detail::TensorInfo<long, unsigned int>, unsigned int, float*)",11764768617.17227,12790564772.592682
a100,NVIDIA A100-SXM4-40GB,8192,256,4,bf16,2097152,0.18106239318847656,0.16533305999999995,"void at::native::sbtopk::gatherTopK<c10::BFloat16, unsigned int, 2, false>(at::cuda::detail::TensorInfo<c10::BFloat16 const, unsigned int>, unsigned int, unsigned int, bool, unsigned int, unsigned int, at::cuda::detail::TensorInfo<c10::BFloat16, unsigned int>, unsigned int, at::cuda::detail::TensorInfo<long, unsigned int>, unsigned int, c10::BFloat16*)",11582482497.16314,12684408066.964952
a100,NVIDIA A100-SXM4-40GB,8192,256,8,fp32,2097152,0.17560928344726562,0.1613305,"void at::native::sbtopk::gatherTopK<float, unsigned int, 2, false>(at::cuda::detail::TensorInfo<float const, unsigned int>, unsigned int, unsigned int, bool, unsigned int, unsigned int, at::cuda::detail::TensorInfo<float, unsigned int>, unsigned int, at::cuda::detail::TensorInfo<long, unsigned int>, unsigned int, float*)",11942147697.617374,12999104323.113113
a100,NVIDIA A100-SXM4-40GB,8192,256,8,bf16,2097152,0.17754528045654297,0.1618021700000001,"void at::native::sbtopk::gatherTopK<c10::BFloat16, unsigned int, 2, false>(at::cuda::detail::TensorInfo<c10::BFloat16 const, unsigned int>, unsigned int, unsigned int, bool, unsigned int, unsigned int, at::cuda::detail::TensorInfo<c10::BFloat16, unsigned int>, unsigned int, at::cuda::detail::TensorInfo<long, unsigned int>, unsigned int, c10::BFloat16*)",11811927608.592846,12961210594.394367
a100,NVIDIA A100-SXM4-40GB,16384,32,1,fp32,524288,0.03567327976226806,0.03482673,"void at::native::sbtopk::gatherTopK<float, unsigned int, 2, false>(at::cuda::detail::TensorInfo<float const, unsigned int>, unsigned int, unsigned int, bool, unsigned int, unsigned int, at::cuda::detail::TensorInfo<float, unsigned int>, unsigned int, at::cuda::detail::TensorInfo<long, unsigned int>, unsigned int, float*)",14696938534.778177,15054183955.82933
a100,NVIDIA A100-SXM4-40GB,16384,32,1,bf16,524288,0.03620352029800415,0.035588009999999996,"void at::native::sbtopk::gatherTopK<c10::BFloat16, unsigned int, 2, false>(at::cuda::detail::TensorInfo<c10::BFloat16 const, unsigned int>, unsigned int, unsigned int, bool, unsigned int, unsigned int, at::cuda::detail::TensorInfo<c10::BFloat16, unsigned int>, unsigned int, at::cuda::detail::TensorInfo<long, unsigned int>, unsigned int, c10::BFloat16*)",14481685639.528908,14732152767.18198
a100,NVIDIA A100-SXM4-40GB,16384,32,2,fp32,524288,0.06481023788452149,0.041130059999999996,"void at::native::sbtopk::gatherTopK<float, unsigned int, 2, false>(at::cuda::detail::TensorInfo<float const, unsigned int>, unsigned int, unsigned int, bool, unsigned int, unsigned int, at::cuda::detail::TensorInfo<float, unsigned int>, unsigned int, at::cuda::detail::TensorInfo<long, unsigned int>, unsigned int, float*)",8089586107.277886,12747075982.86995
a100,NVIDIA A100-SXM4-40GB,16384,32,2,bf16,524288,0.06505568027496338,0.041898349999999966,"void at::native::sbtopk::gatherTopK<c10::BFloat16, unsigned int, 2, false>(at::cuda::detail::TensorInfo<c10::BFloat16 const, unsigned int>, unsigned int, unsigned int, bool, unsigned int, unsigned int, at::cuda::detail::TensorInfo<c10::BFloat16, unsigned int>, unsigned int, at::cuda::detail::TensorInfo<long, unsigned int>, unsigned int, c10::BFloat16*)",8059065677.033153,12513332863.943338
a100,NVIDIA A100-SXM4-40GB,16384,32,3,fp32,524288,0.06542848110198975,0.041737130000000004,"void at::native::sbtopk::gatherTopK<float, unsigned int, 2, false>(at::cuda::detail::TensorInfo<float const, unsigned int>, unsigned int, unsigned int, bool, unsigned int, unsigned int, at::cuda::detail::TensorInfo<float, unsigned int>, unsigned int, at::cuda::detail::TensorInfo<long, unsigned int>, unsigned int, float*)",8013146433.626378,12561668710.809774
a100,NVIDIA A100-SXM4-40GB,16384,32,3,bf16,524288,0.06553567886352539,0.042318890000000005,"void at::native::sbtopk::gatherTopK<c10::BFloat16, unsigned int, 2, false>(at::cuda::detail::TensorInfo<c10::BFloat16 const, unsigned int>, unsigned int, unsigned int, bool, unsigned int, unsigned int, at::cuda::detail::TensorInfo<c10::BFloat16, unsigned int>, unsigned int, at::cuda::detail::TensorInfo<long, unsigned int>, unsigned int, c10::BFloat16*)",8000039201.421905,12388982792.318039
a100,NVIDIA A100-SXM4-40GB,16384,32,4,fp32,524288,0.06612063884735107,0.04241455000000006,"void at::native::sbtopk::gatherTopK<float, unsigned int, 2, false>(at::cuda::detail::TensorInfo<float const, unsigned int>, unsigned int, unsigned int, bool, unsigned int, unsigned int, at::cuda::detail::TensorInfo<float, unsigned int>, unsigned int, at::cuda::detail::TensorInfo<long, unsigned int>, unsigned int, float*)",7929263980.803235,12361041199.30541
a100,NVIDIA A100-SXM4-40GB,16384,32,4,bf16,524288,0.06576128005981445,0.04268975000000001,"void at::native::sbtopk::gatherTopK<c10::BFloat16, unsigned int, 2, false>(at::cuda::detail::TensorInfo<c10::BFloat16 const, unsigned int>, unsigned int, unsigned int, bool, unsigned int, unsigned int, at::cuda::detail::TensorInfo<c10::BFloat16, unsigned int>, unsigned int, at::cuda::detail::TensorInfo<long, unsigned int>, unsigned int, c10::BFloat16*)",7972594200.160394,12281355594.727068
a100,NVIDIA A100-SXM4-40GB,16384,32,8,fp32,524288,0.0659600019454956,0.04228074,"void at::native::sbtopk::gatherTopK<float, unsigned int, 2, false>(at::cuda::detail::TensorInfo<float const, unsigned int>, unsigned int, unsigned int, bool, unsigned int, unsigned int, at::cuda::detail::TensorInfo<float, unsigned int>, unsigned int, at::cuda::detail::TensorInfo<long, unsigned int>, unsigned int, float*)",7948574659.431215,12400161397.36438
a100,NVIDIA A100-SXM4-40GB,16384,32,8,bf16,524288,0.06585087776184081,0.042679510000000025,"void at::native::sbtopk::gatherTopK<c10::BFloat16, unsigned int, 2, false>(at::cuda::detail::TensorInfo<c10::BFloat16 const, unsigned int>, unsigned int, unsigned int, bool, unsigned int, unsigned int, at::cuda::detail::TensorInfo<c10::BFloat16, unsigned int>, unsigned int, at::cuda::detail::TensorInfo<long, unsigned int>, unsigned int, c10::BFloat16*)",7961746567.694406,12284302233.085611
a100,NVIDIA A100-SXM4-40GB,16384,64,1,fp32,1048576,0.06324607849121094,0.06293379999999998,"void at::native::sbtopk::gatherTopK<float, unsigned int, 2, false>(at::cuda::detail::TensorInfo<float const, unsigned int>, unsigned int, unsigned int, bool, unsigned int, unsigned int, at::cuda::detail::TensorInfo<float, unsigned int>, unsigned int, at::cuda::detail::TensorInfo<long, unsigned int>, unsigned int, float*)",16579304599.030855,16661571365.466572
a100,NVIDIA A100-SXM4-40GB,16384,64,1,bf16,1048576,0.06499040126800537,0.06473123000000006,"void at::native::sbtopk::gatherTopK<c10::BFloat16, unsigned int, 2, false>(at::cuda::detail::TensorInfo<c10::BFloat16 const, unsigned int>, unsigned int, unsigned int, bool, unsigned int, unsigned int, at::cuda::detail::TensorInfo<c10::BFloat16, unsigned int>, unsigned int, at::cuda::detail::TensorInfo<long, unsigned int>, unsigned int, c10::BFloat16*)",16134321061.90444,16198919748.628275
a100,NVIDIA A100-SXM4-40GB,16384,64,2,fp32,1048576,0.09995776176452636,0.07663517000000003,"void at::native::sbtopk::gatherTopK<float, unsigned int, 2, false>(at::cuda::detail::TensorInfo<float const, unsigned int>, unsigned int, unsigned int, bool, unsigned int, unsigned int, at::cuda::detail::TensorInfo<float, unsigned int>, unsigned int, at::cuda::detail::TensorInfo<long, unsigned int>, unsigned int, float*)",10490190871.521946,13682699470.752132
a100,NVIDIA A100-SXM4-40GB,16384,64,2,bf16,1048576,0.10115263938903808,0.07828991000000005,"void at::native::sbtopk::gatherTopK<c10::BFloat16, unsigned int, 2, false>(at::cuda::detail::TensorInfo<c10::BFloat16 const, unsigned int>, unsigned int, unsigned int, bool, unsigned int, unsigned int, at::cuda::detail::TensorInfo<c10::BFloat16, unsigned int>, unsigned int, at::cuda::detail::TensorInfo<long, unsigned int>, unsigned int, c10::BFloat16*)",10366274239.934803,13393501154.874228
a100,NVIDIA A100-SXM4-40GB,16384,64,3,fp32,1048576,0.10096128463745117,0.07748382000000004,"void at::native::sbtopk::gatherTopK<float, unsigned int, 2, false>(at::cuda::detail::TensorInfo<float const, unsigned int>, unsigned int, unsigned int, bool, unsigned int, unsigned int, at::cuda::detail::TensorInfo<float, unsigned int>, unsigned int, at::cuda::detail::TensorInfo<long, unsigned int>, unsigned int, float*)",10385921729.952265,13532838210.609642
a100,NVIDIA A100-SXM4-40GB,16384,64,3,bf16,1048576,0.10149760246276855,0.07861437000000006,"void at::native::sbtopk::gatherTopK<c10::BFloat16, unsigned int, 2, false>(at::cuda::detail::TensorInfo<c10::BFloat16 const, unsigned int>, unsigned int, unsigned int, bool, unsigned int, unsigned int, at::cuda::detail::TensorInfo<c10::BFloat16, unsigned int>, unsigned int, at::cuda::detail::TensorInfo<long, unsigned int>, unsigned int, c10::BFloat16*)",10331042059.68451,13338223024.620045
a100,NVIDIA A100-SXM4-40GB,16384,64,4,fp32,1048576,0.10119071960449219,0.07777630999999999,"void at::native::sbtopk::gatherTopK<float, unsigned int, 2, false>(at::cuda::detail::TensorInfo<float const, unsigned int>, unsigned int, unsigned int, bool, unsigned int, unsigned int, at::cuda::detail::TensorInfo<float, unsigned int>, unsigned int, at::cuda::detail::TensorInfo<long, unsigned int>, unsigned int, float*)",10362373190.925013,13481945852.149584
a100,NVIDIA A100-SXM4-40GB,16384,64,4,bf16,1048576,0.10180543899536133,0.07902111000000009,"void at::native::sbtopk::gatherTopK<c10::BFloat16, unsigned int, 2, false>(at::cuda::detail::TensorInfo<c10::BFloat16 const, unsigned int>, unsigned int, unsigned int, bool, unsigned int, unsigned int, at::cuda::detail::TensorInfo<c10::BFloat16, unsigned int>, unsigned int, at::cuda::detail::TensorInfo<long, unsigned int>, unsigned int, c10::BFloat16*)",10299803334.159557,13269568093.89287
a100,NVIDIA A100-SXM4-40GB,16384,64,8,fp32,1048576,0.10409440040588379,0.08065821000000012,"void at::native::sbtopk::gatherTopK<float, unsigned int, 2, false>(at::cuda::detail::TensorInfo<float const, unsigned int>, unsigned int, unsigned int, bool, unsigned int, unsigned int, at::cuda::detail::TensorInfo<float, unsigned int>, unsigned int, at::cuda::detail::TensorInfo<long, unsigned int>, unsigned int, float*)",10073318025.863096,13000238909.343493
a100,NVIDIA A100-SXM4-40GB,16384,64,8,bf16,1048576,0.1039737606048584,0.0810406,"void at::native::sbtopk::gatherTopK<c10::BFloat16, unsigned int, 2, false>(at::cuda::detail::TensorInfo<c10::BFloat16 const, unsigned int>, unsigned int, unsigned int, bool, unsigned int, unsigned int, at::cuda::detail::TensorInfo<c10::BFloat16, unsigned int>, unsigned int, at::cuda::detail::TensorInfo<long, unsigned int>, unsigned int, c10::BFloat16*)",10085006004.399567,12938897293.45538
a100,NVIDIA A100-SXM4-40GB,16384,128,1,fp32,2097152,0.1317903995513916,0.13219206000000008,"void at::native::sbtopk::gatherTopK<float, unsigned int, 2, false>(at::cuda::detail::TensorInfo<float const, unsigned int>, unsigned int, unsigned int, bool, unsigned int, unsigned int, at::cuda::detail::TensorInfo<float, unsigned int>, unsigned int, at::cuda::detail::TensorInfo<long, unsigned int>, unsigned int, float*)",15912782775.821365,15864432402.369694
a100,NVIDIA A100-SXM4-40GB,16384,128,1,bf16,2097152,0.1354246425628662,0.13582695000000009,"void at::native::sbtopk::gatherTopK<c10::BFloat16, unsigned int, 2, false>(at::cuda::detail::TensorInfo<c10::BFloat16 const, unsigned int>, unsigned int, unsigned int, bool, unsigned int, unsigned int, at::cuda::detail::TensorInfo<c10::BFloat16, unsigned int>, unsigned int, at::cuda::detail::TensorInfo<long, unsigned int>, unsigned int, c10::BFloat16*)",15485748829.10597,15439881407.923824
a100,NVIDIA A100-SXM4-40GB,16384,128,2,fp32,2097152,0.17481504440307616,0.15223171000000005,"void at::native::sbtopk::gatherTopK<float, unsigned int, 2, false>(at::cuda::detail::TensorInfo<float const, unsigned int>, unsigned int, unsigned int, bool, unsigned int, unsigned int, at::cuda::detail::TensorInfo<float, unsigned int>, unsigned int, at::cuda::detail::TensorInfo<long, unsigned int>, unsigned int, float*)",11996404583.832817,13776052308.681282
a100,NVIDIA A100-SXM4-40GB,16384,128,2,bf16,2097152,0.17760160446166992,0.15544766999999998,"void at::native::sbtopk::gatherTopK<c10::BFloat16, unsigned int, 2, false>(at::cuda::detail::TensorInfo<c10::BFloat16 const, unsigned int>, unsigned int, unsigned int, bool, unsigned int, unsigned int, at::cuda::detail::TensorInfo<c10::BFloat16, unsigned int>, unsigned int, at::cuda::detail::TensorInfo<long, unsigned int>, unsigned int, c10::BFloat16*)",11808181611.62845,13491048145.012405
a100,NVIDIA A100-SXM4-40GB,16384,128,3,fp32,2097152,0.1767737579345703,0.15414050000000007,"void at::native::sbtopk::gatherTopK<float, unsigned int, 2, false>(at::cuda::detail::TensorInfo<float const, unsigned int>, unsigned int, unsigned int, bool, unsigned int, unsigned int, at::cuda::detail::TensorInfo<float, unsigned int>, unsigned int, at::cuda::detail::TensorInfo<long, unsigned int>, unsigned int, float*)",11863480329.338383,13605457358.708445
a100,NVIDIA A100-SXM4-40GB,16384,128,3,bf16,2097152,0.17920032501220703,0.15704859000000004,"void at::native::sbtopk::gatherTopK<c10::BFloat16, unsigned int, 2, false>(at::cuda::detail::TensorInfo<c10::BFloat16 const, unsigned int>, unsigned int, unsigned int, bool, unsigned int, unsigned int, at::cuda::detail::TensorInfo<c10::BFloat16, unsigned int>, unsigned int, at::cuda::detail::TensorInfo<long, unsigned int>, unsigned int, c10::BFloat16*)",11702835917.60865,13353523263.086918
a100,NVIDIA A100-SXM4-40GB,16384,128,4,fp32,2097152,0.17679424285888673,0.15431871000000003,"void at::native::sbtopk::gatherTopK<float, unsigned int, 2, false>(at::cuda::detail::TensorInfo<float const, unsigned int>, unsigned int, unsigned int, bool, unsigned int, unsigned int, at::cuda::detail::TensorInfo<float, unsigned int>, unsigned int, at::cuda::detail::TensorInfo<long, unsigned int>, unsigned int, float*)",11862105722.944273,13589745533.77228
a100,NVIDIA A100-SXM4-40GB,16384,128,4,bf16,2097152,0.17826431274414062,0.15621148999999993,"void at::native::sbtopk::gatherTopK<c10::BFloat16, unsigned int, 2, false>(at::cuda::detail::TensorInfo<c10::BFloat16 const, unsigned int>, unsigned int, unsigned int, bool, unsigned int, unsigned int, at::cuda::detail::TensorInfo<c10::BFloat16, unsigned int>, unsigned int, at::cuda::detail::TensorInfo<long, unsigned int>, unsigned int, c10::BFloat16*)",11764283987.73232,13425081599.311298
a100,NVIDIA A100-SXM4-40GB,16384,128,8,fp32,2097152,0.17855167388916016,0.15592379999999997,"void at::native::sbtopk::gatherTopK<float, unsigned int, 2, false>(at::cuda::detail::TensorInfo<float const, unsigned int>, unsigned int, unsigned int, bool, unsigned int, unsigned int, at::cuda::detail::TensorInfo<float, unsigned int>, unsigned int, at::cuda::detail::TensorInfo<long, unsigned int>, unsigned int, float*)",11745350543.741488,13449851786.577805
a100,NVIDIA A100-SXM4-40GB,16384,128,8,bf16,2097152,0.17922496795654297,0.15701781999999986,"void at::native::sbtopk::gatherTopK<c10::BFloat16, unsigned int, 2, false>(at::cuda::detail::TensorInfo<c10::BFloat16 const, unsigned int>, unsigned int, unsigned int, bool, unsigned int, unsigned int, at::cuda::detail::TensorInfo<c10::BFloat16, unsigned int>, unsigned int, at::cuda::detail::TensorInfo<long, unsigned int>, unsigned int, c10::BFloat16*)",11701226809.584368,13356140086.520128
a100,NVIDIA A100-SXM4-40GB,16384,256,1,fp32,4194304,0.27706079483032225,0.2795111000000002,"void at::native::sbtopk::gatherTopK<float, unsigned int, 2, false>(at::cuda::detail::TensorInfo<float const, unsigned int>, unsigned int, unsigned int, bool, unsigned int, unsigned int, at::cuda::detail::TensorInfo<float, unsigned int>, unsigned int, at::cuda::detail::TensorInfo<long, unsigned int>, unsigned int, float*)",15138569145.33389,15005858443.546598
a100,NVIDIA A100-SXM4-40GB,16384,256,1,bf16,4194304,0.28395967483520507,0.28636482999999996,"void at::native::sbtopk::gatherTopK<c10::BFloat16, unsigned int, 2, false>(at::cuda::detail::TensorInfo<c10::BFloat16 const, unsigned int>, unsigned int, unsigned int, bool, unsigned int, unsigned int, at::cuda::detail::TensorInfo<c10::BFloat16, unsigned int>, unsigned int, at::cuda::detail::TensorInfo<long, unsigned int>, unsigned int, c10::BFloat16*)",14770773358.696613,14646714821.788698
a100,NVIDIA A100-SXM4-40GB,16384,256,2,fp32,4194304,0.3280822372436523,0.3076274999999998,"void at::native::sbtopk::gatherTopK<float, unsigned int, 2, false>(at::cuda::detail::TensorInfo<float const, unsigned int>, unsigned int, unsigned int, bool, unsigned int, unsigned int, at::cuda::detail::TensorInfo<float, unsigned int>, unsigned int, at::cuda::detail::TensorInfo<long, unsigned int>, unsigned int, float*)",12784306871.466112,13634359737.019619
a100,NVIDIA A100-SXM4-40GB,16384,256,2,bf16,4194304,0.33392608642578125,0.31343641,"void at::native::sbtopk::gatherTopK<c10::BFloat16, unsigned int, 2, false>(at::cuda::detail::TensorInfo<c10::BFloat16 const, unsigned int>, unsigned int, unsigned int, bool, unsigned int, unsigned int, at::cuda::detail::TensorInfo<c10::BFloat16, unsigned int>, unsigned int, at::cuda::detail::TensorInfo<long, unsigned int>, unsigned int, c10::BFloat16*)",12560576039.129635,13381674451.924715
a100,NVIDIA A100-SXM4-40GB,16384,256,3,fp32,4194304,0.3383545684814453,0.31769046999999984,"void at::native::sbtopk::gatherTopK<float, unsigned int, 2, false>(at::cuda::detail::TensorInfo<float const, unsigned int>, unsigned int, unsigned int, bool, unsigned int, unsigned int, at::cuda::detail::TensorInfo<float, unsigned int>, unsigned int, at::cuda::detail::TensorInfo<long, unsigned int>, unsigned int, float*)",12396179601.842754,13202486055.058567
a100,NVIDIA A100-SXM4-40GB,16384,256,3,bf16,4194304,0.34131359100341796,0.32097236999999984,"void at::native::sbtopk::gatherTopK<c10::BFloat16, unsigned int, 2, false>(at::cuda::detail::TensorInfo<c10::BFloat16 const, unsigned int>, unsigned int, unsigned int, bool, unsigned int, unsigned int, at::cuda::detail::TensorInfo<c10::BFloat16, unsigned int>, unsigned int, at::cuda::detail::TensorInfo<long, unsigned int>, unsigned int, c10::BFloat16*)",12288710764.986788,13067492382.59979
a100,NVIDIA A100-SXM4-40GB,16384,256,4,fp32,4194304,0.34247745513916017,0.3218737999999999,"void at::native::sbtopk::gatherTopK<float, unsigned int, 2, false>(at::cuda::detail::TensorInfo<float const, unsigned int>, unsigned int, unsigned int, bool, unsigned int, unsigned int, at::cuda::detail::TensorInfo<float, unsigned int>, unsigned int, at::cuda::detail::TensorInfo<long, unsigned int>, unsigned int, float*)",12246949213.91457,13030895959.845137
a100,NVIDIA A100-SXM4-40GB,16384,256,4,bf16,4194304,0.3441398239135742,0.32383256,"void at::native::sbtopk::gatherTopK<c10::BFloat16, unsigned int, 2, false>(at::cuda::detail::TensorInfo<c10::BFloat16 const, unsigned int>, unsigned int, unsigned int, bool, unsigned int, unsigned int, at::cuda::detail::TensorInfo<c10::BFloat16, unsigned int>, unsigned int, at::cuda::detail::TensorInfo<long, unsigned int>, unsigned int, c10::BFloat16*)",12187790277.516209,12952076221.118715
a100,NVIDIA A100-SXM4-40GB,16384,256,8,fp32,4194304,0.33597633361816404,0.3153308499999999,"void at::native::sbtopk::gatherTopK<float, unsigned int, 2, false>(at::cuda::detail::TensorInfo<float const, unsigned int>, unsigned int, unsigned int, bool, unsigned int, unsigned int, at::cuda::detail::TensorInfo<float, unsigned int>, unsigned int, at::cuda::detail::TensorInfo<long, unsigned int>, unsigned int, float*)",12483926932.683336,13301280226.784033
a100,NVIDIA A100-SXM4-40GB,16384,256,8,bf16,4194304,0.33721439361572264,0.3169084200000002,"void at::native::sbtopk::gatherTopK<c10::BFloat16, unsigned int, 2, false>(at::cuda::detail::TensorInfo<c10::BFloat16 const, unsigned int>, unsigned int, unsigned int, bool, unsigned int, unsigned int, at::cuda::detail::TensorInfo<c10::BFloat16, unsigned int>, unsigned int, at::cuda::detail::TensorInfo<long, unsigned int>, unsigned int, c10::BFloat16*)",12438093033.418015,13235066458.631796
a100,NVIDIA A100-SXM4-40GB,32768,32,1,fp32,1048576,0.06265952110290528,0.06233479000000001,"void at::native::sbtopk::gatherTopK<float, unsigned int, 2, false>(at::cuda::detail::TensorInfo<float const, unsigned int>, unsigned int, unsigned int, bool, unsigned int, unsigned int, at::cuda::detail::TensorInfo<float, unsigned int>, unsigned int, at::cuda::detail::TensorInfo<long, unsigned int>, unsigned int, float*)",16734503895.711735,16821681760.69896
a100,NVIDIA A100-SXM4-40GB,32768,32,1,bf16,1048576,0.06410431861877441,0.06408326000000003,"void at::native::sbtopk::gatherTopK<c10::BFloat16, unsigned int, 2, false>(at::cuda::detail::TensorInfo<c10::BFloat16 const, unsigned int>, unsigned int, unsigned int, bool, unsigned int, unsigned int, at::cuda::detail::TensorInfo<c10::BFloat16, unsigned int>, unsigned int, at::cuda::detail::TensorInfo<long, unsigned int>, unsigned int, c10::BFloat16*)",16357337892.253963,16362713132.88368
a100,NVIDIA A100-SXM4-40GB,32768,32,2,fp32,1048576,0.11589280128479004,0.07639262000000002,"void at::native::sbtopk::gatherTopK<float, unsigned int, 2, false>(at::cuda::detail::TensorInfo<float const, unsigned int>, unsigned int, unsigned int, bool, unsigned int, unsigned int, at::cuda::detail::TensorInfo<float, unsigned int>, unsigned int, at::cuda::detail::TensorInfo<long, unsigned int>, unsigned int, float*)",9047809599.69441,13726142656.188513
a100,NVIDIA A100-SXM4-40GB,32768,32,2,bf16,1048576,0.11704959869384765,0.07777557000000007,"void at::native::sbtopk::gatherTopK<c10::BFloat16, unsigned int, 2, false>(at::cuda::detail::TensorInfo<c10::BFloat16 const, unsigned int>, unsigned int, unsigned int, bool, unsigned int, unsigned int, at::cuda::detail::TensorInfo<c10::BFloat16, unsigned int>, unsigned int, at::cuda::detail::TensorInfo<long, unsigned int>, unsigned int, c10::BFloat16*)",8958390389.211264,13482074126.87556
a100,NVIDIA A100-SXM4-40GB,32768,32,3,fp32,1048576,0.11725279808044434,0.07765828999999999,"void at::native::sbtopk::gatherTopK<float, unsigned int, 2, false>(at::cuda::detail::TensorInfo<float const, unsigned int>, unsigned int, unsigned int, bool, unsigned int, unsigned int, at::cuda::detail::TensorInfo<float, unsigned int>, unsigned int, at::cuda::detail::TensorInfo<long, unsigned int>, unsigned int, float*)",8942865476.699303,13502434833.422165
a100,NVIDIA A100-SXM4-40GB,32768,32,3,bf16,1048576,0.11804032325744629,0.07863298000000003,"void at::native::sbtopk::gatherTopK<c10::BFloat16, unsigned int, 2, false>(at::cuda::detail::TensorInfo<c10::BFloat16 const, unsigned int>, unsigned int, unsigned int, bool, unsigned int, unsigned int, at::cuda::detail::TensorInfo<c10::BFloat16, unsigned int>, unsigned int, at::cuda::detail::TensorInfo<long, unsigned int>, unsigned int, c10::BFloat16*)",8883201698.059168,13335066278.805656
a100,NVIDIA A100-SXM4-40GB,32768,32,4,fp32,1048576,0.11756575584411622,0.07788287999999995,"void at::native::sbtopk::gatherTopK<float, unsigned int, 2, false>(at::cuda::detail::TensorInfo<float const, unsigned int>, unsigned int, unsigned int, bool, unsigned int, unsigned int, at::cuda::detail::TensorInfo<float, unsigned int>, unsigned int, at::cuda::detail::TensorInfo<long, unsigned int>, unsigned int, float*)",8919059742.11008,13463498011.372982
a100,NVIDIA A100-SXM4-40GB,32768,32,4,bf16,1048576,0.11870847702026367,0.07930406999999995,"void at::native::sbtopk::gatherTopK<c10::BFloat16, unsigned int, 2, false>(at::cuda::detail::TensorInfo<c10::BFloat16 const, unsigned int>, unsigned int, unsigned int, bool, unsigned int, unsigned int, at::cuda::detail::TensorInfo<c10::BFloat16, unsigned int>, unsigned int, at::cuda::detail::TensorInfo<long, unsigned int>, unsigned int, c10::BFloat16*)",8833202365.329031,13222221759.86681
a100,NVIDIA A100-SXM4-40GB,32768,32,8,fp32,1048576,0.11791775703430175,0.07827323000000003,"void at::native::sbtopk::gatherTopK<float, unsigned int, 2, false>(at::cuda::detail::TensorInfo<float const, unsigned int>, unsigned int, unsigned int, bool, unsigned int, unsigned int, at::cuda::detail::TensorInfo<float, unsigned int>, unsigned int, at::cuda::detail::TensorInfo<long, unsigned int>, unsigned int, float*)",8892435086.727217,13396355305.638973
a100,NVIDIA A100-SXM4-40GB,32768,32,8,bf16,1048576,0.11882111549377442,0.07933655,"void at::native::sbtopk::gatherTopK<c10::BFloat16, unsigned int, 2, false>(at::cuda::detail::TensorInfo<c10::BFloat16 const, unsigned int>, unsigned int, unsigned int, bool, unsigned int, unsigned int, at::cuda::detail::TensorInfo<c10::BFloat16, unsigned int>, unsigned int, at::cuda::detail::TensorInfo<long, unsigned int>, unsigned int, c10::BFloat16*)",8824828782.683325,13216808646.204048
a100,NVIDIA A100-SXM4-40GB,32768,64,1,fp32,2097152,0.11832927703857422,0.11863662000000003,"void at::native::sbtopk::gatherTopK<float, unsigned int, 2, false>(at::cuda::detail::TensorInfo<float const, unsigned int>, unsigned int, unsigned int, bool, unsigned int, unsigned int, at::cuda::detail::TensorInfo<float, unsigned int>, unsigned int, at::cuda::detail::TensorInfo<long, unsigned int>, unsigned int, float*)",17723018786.942715,17677105096.217335
a100,NVIDIA A100-SXM4-40GB,32768,64,1,bf16,2097152,0.12157855987548828,0.12206892000000003,"void at::native::sbtopk::gatherTopK<c10::BFloat16, unsigned int, 2, false>(at::cuda::detail::TensorInfo<c10::BFloat16 const, unsigned int>, unsigned int, unsigned int, bool, unsigned int, unsigned int, at::cuda::detail::TensorInfo<c10::BFloat16, unsigned int>, unsigned int, at::cuda::detail::TensorInfo<long, unsigned int>, unsigned int, c10::BFloat16*)",17249357141.158337,17180065163.188137
a100,NVIDIA A100-SXM4-40GB,32768,64,2,fp32,2097152,0.18622175216674805,0.14729092999999988,"void at::native::sbtopk::gatherTopK<float, unsigned int, 2, false>(at::cuda::detail::TensorInfo<float const, unsigned int>, unsigned int, unsigned int, bool, unsigned int, unsigned int, at::cuda::detail::TensorInfo<float, unsigned int>, unsigned int, at::cuda::detail::TensorInfo<long, unsigned int>, unsigned int, float*)",11261584512.007774,14238161168.511883
a100,NVIDIA A100-SXM4-40GB,32768,64,2,bf16,2097152,0.18921024322509766,0.15039574000000006,"void at::native::sbtopk::gatherTopK<c10::BFloat16, unsigned int, 2, false>(at::cuda::detail::TensorInfo<c10::BFloat16 const, unsigned int>, unsigned int, unsigned int, bool, unsigned int, unsigned int, at::cuda::detail::TensorInfo<c10::BFloat16, unsigned int>, unsigned int, at::cuda::detail::TensorInfo<long, unsigned int>, unsigned int, c10::BFloat16*)",11083712827.878363,13944224749.98294
a100,NVIDIA A100-SXM4-40GB,32768,64,3,fp32,2097152,0.18722944259643554,0.14816742999999993,"void at::native::sbtopk::gatherTopK<float, unsigned int, 2, false>(at::cuda::detail::TensorInfo<float const, unsigned int>, unsigned int, unsigned int, bool, unsigned int, unsigned int, at::cuda::detail::TensorInfo<float, unsigned int>, unsigned int, at::cuda::detail::TensorInfo<long, unsigned int>, unsigned int, float*)",11200973366.781393,14153933830.127182
a100,NVIDIA A100-SXM4-40GB,32768,64,3,bf16,2097152,0.1899782371520996,0.15113607,"void at::native::sbtopk::gatherTopK<c10::BFloat16, unsigned int, 2, false>(at::cuda::detail::TensorInfo<c10::BFloat16 const, unsigned int>, unsigned int, unsigned int, bool, unsigned int, unsigned int, at::cuda::detail::TensorInfo<c10::BFloat16, unsigned int>, unsigned int, at::cuda::detail::TensorInfo<long, unsigned int>, unsigned int, c10::BFloat16*)",11038906516.018394,13875919891.2609
a100,NVIDIA A100-SXM4-40GB,32768,64,4,fp32,2097152,0.18839775085449217,0.14941280999999992,"void at::native::sbtopk::gatherTopK<float, unsigned int, 2, false>(at::cuda::detail::TensorInfo<float const, unsigned int>, unsigned int, unsigned int, bool, unsigned int, unsigned int, at::cuda::detail::TensorInfo<float, unsigned int>, unsigned int, at::cuda::detail::TensorInfo<long, unsigned int>, unsigned int, float*)",11131512932.018612,14035958496.463596
a100,NVIDIA A100-SXM4-40GB,32768,64,4,bf16,2097152,0.19103679656982422,0.15229124,"void at::native::sbtopk::gatherTopK<c10::BFloat16, unsigned int, 2, false>(at::cuda::detail::TensorInfo<c10::BFloat16 const, unsigned int>, unsigned int, unsigned int, bool, unsigned int, unsigned int, at::cuda::detail::TensorInfo<c10::BFloat16, unsigned int>, unsigned int, at::cuda::detail::TensorInfo<long, unsigned int>, unsigned int, c10::BFloat16*)",10977738517.686502,13770667308.244387
a100,NVIDIA A100-SXM4-40GB,32768,64,8,fp32,2097152,0.19364191055297852,0.15436704999999992,"void at::native::sbtopk::gatherTopK<float, unsigned int, 2, false>(at::cuda::detail::TensorInfo<float const, unsigned int>, unsigned int, unsigned int, bool, unsigned int, unsigned int, at::cuda::detail::TensorInfo<float, unsigned int>, unsigned int, at::cuda::detail::TensorInfo<long, unsigned int>, unsigned int, float*)",10830052203.116638,13585489908.63012
a100,NVIDIA A100-SXM4-40GB,32768,64,8,bf16,2097152,0.19497600555419922,0.15608829999999987,"void at::native::sbtopk::gatherTopK<c10::BFloat16, unsigned int, 2, false>(at::cuda::detail::TensorInfo<c10::BFloat16 const, unsigned int>, unsigned int, unsigned int, bool, unsigned int, unsigned int, at::cuda::detail::TensorInfo<c10::BFloat16, unsigned int>, unsigned int, at::cuda::detail::TensorInfo<long, unsigned int>, unsigned int, c10::BFloat16*)",10755949143.788548,13435677113.531261
a100,NVIDIA A100-SXM4-40GB,32768,128,1,fp32,4194304,0.2558614349365234,0.2579163500000001,"void at::native::sbtopk::gatherTopK<float, unsigned int, 2, false>(at::cuda::detail::TensorInfo<float const, unsigned int>, unsigned int, unsigned int, bool, unsigned int, unsigned int, at::cuda::detail::TensorInfo<float, unsigned int>, unsigned int, at::cuda::detail::TensorInfo<long, unsigned int>, unsigned int, float*)",16392872966.731247,16262264877.74039
a100,NVIDIA A100-SXM4-40GB,32768,128,1,bf16,4194304,0.2630918312072754,0.26511025,"void at::native::sbtopk::gatherTopK<c10::BFloat16, unsigned int, 2, false>(at::cuda::detail::TensorInfo<c10::BFloat16 const, unsigned int>, unsigned int, unsigned int, bool, unsigned int, unsigned int, at::cuda::detail::TensorInfo<c10::BFloat16, unsigned int>, unsigned int, at::cuda::detail::TensorInfo<long, unsigned int>, unsigned int, c10::BFloat16*)",15942357391.91591,15820980139.394836
a100,NVIDIA A100-SXM4-40GB,32768,128,2,fp32,4194304,0.3357267379760742,0.2983129999999999,"void at::native::sbtopk::gatherTopK<float, unsigned int, 2, false>(at::cuda::detail::TensorInfo<float const, unsigned int>, unsigned int, unsigned int, bool, unsigned int, unsigned int, at::cuda::detail::TensorInfo<float, unsigned int>, unsigned int, at::cuda::detail::TensorInfo<long, unsigned int>, unsigned int, float*)",12493208093.240728,14060077837.70738
a100,NVIDIA A100-SXM4-40GB,32768,128,2,bf16,4194304,0.3416371154785156,0.3045174599999998,"void at::native::sbtopk::gatherTopK<c10::BFloat16, unsigned int, 2, false>(at::cuda::detail::TensorInfo<c10::BFloat16 const, unsigned int>, unsigned int, unsigned int, bool, unsigned int, unsigned int, at::cuda::detail::TensorInfo<c10::BFloat16, unsigned int>, unsigned int, at::cuda::detail::TensorInfo<long, unsigned int>, unsigned int, c10::BFloat16*)",12277073567.153933,13773607595.439692
a100,NVIDIA A100-SXM4-40GB,32768,128,3,fp32,4194304,0.3402092742919922,0.3026361499999998,"void at::native::sbtopk::gatherTopK<float, unsigned int, 2, false>(at::cuda::detail::TensorInfo<float const, unsigned int>, unsigned int, unsigned int, bool, unsigned int, unsigned int, at::cuda::detail::TensorInfo<float, unsigned int>, unsigned int, at::cuda::detail::TensorInfo<long, unsigned int>, unsigned int, float*)",12328599826.470764,13859229969.71777
a100,NVIDIA A100-SXM4-40GB,32768,128,3,bf16,4194304,0.34460254669189455,0.3073734300000001,"void at::native::sbtopk::gatherTopK<c10::BFloat16, unsigned int, 2, false>(at::cuda::detail::TensorInfo<c10::BFloat16 const, unsigned int>, unsigned int, unsigned int, bool, unsigned int, unsigned int, at::cuda::detail::TensorInfo<c10::BFloat16, unsigned int>, unsigned int, at::cuda::detail::TensorInfo<long, unsigned int>, unsigned int, c10::BFloat16*)",12171424849.48053,13645629682.435461
a100,NVIDIA A100-SXM4-40GB,32768,128,4,fp32,4194304,0.33871936798095703,0.30121826000000024,"void at::native::sbtopk::gatherTopK<float, unsigned int, 2, false>(at::cuda::detail::TensorInfo<float const, unsigned int>, unsigned int, unsigned int, bool, unsigned int, unsigned int, at::cuda::detail::TensorInfo<float, unsigned int>, unsigned int, at::cuda::detail::TensorInfo<long, unsigned int>, unsigned int, float*)",12382828962.516857,13924467925.682848
a100,NVIDIA A100-SXM4-40GB,32768,128,4,bf16,4194304,0.34329761505126954,0.3060271800000001,"void at::native::sbtopk::gatherTopK<c10::BFloat16, unsigned int, 2, false>(at::cuda::detail::TensorInfo<c10::BFloat16 const, unsigned int>, unsigned int, unsigned int, bool, unsigned int, unsigned int, at::cuda::detail::TensorInfo<c10::BFloat16, unsigned int>, unsigned int, at::cuda::detail::TensorInfo<long, unsigned int>, unsigned int, c10::BFloat16*)",12217690470.62446,13705658432.038614
a100,NVIDIA A100-SXM4-40GB,32768,128,8,fp32,4194304,0.3428160095214844,0.3051510499999998,"void at::native::sbtopk::gatherTopK<float, unsigned int, 2, false>(at::cuda::detail::TensorInfo<float const, unsigned int>, unsigned int, unsigned int, bool, unsigned int, unsigned int, at::cuda::detail::TensorInfo<float, unsigned int>, unsigned int, at::cuda::detail::TensorInfo<long, unsigned int>, unsigned int, float*)",12234854509.433702,13745009233.95152
a100,NVIDIA A100-SXM4-40GB,32768,128,8,bf16,4194304,0.3459638214111328,0.3084191699999999,"void at::native::sbtopk::gatherTopK<c10::BFloat16, unsigned int, 2, false>(at::cuda::detail::TensorInfo<c10::BFloat16 const, unsigned int>, unsigned int, unsigned int, bool, unsigned int, unsigned int, at::cuda::detail::TensorInfo<c10::BFloat16, unsigned int>, unsigned int, at::cuda::detail::TensorInfo<long, unsigned int>, unsigned int, c10::BFloat16*)",12123533561.665737,13599362192.693798
a100,NVIDIA A100-SXM4-40GB,32768,256,1,fp32,8388608,0.546157112121582,0.5522137699999999,"void at::native::sbtopk::gatherTopK<float, unsigned int, 2, false>(at::cuda::detail::TensorInfo<float const, unsigned int>, unsigned int, unsigned int, bool, unsigned int, unsigned int, at::cuda::detail::TensorInfo<float, unsigned int>, unsigned int, at::cuda::detail::TensorInfo<long, unsigned int>, unsigned int, float*)",15359331250.698025,15190870738.33744
a100,NVIDIA A100-SXM4-40GB,32768,256,1,bf16,8388608,0.5603510284423828,0.5662245800000002,"void at::native::sbtopk::gatherTopK<c10::BFloat16, unsigned int, 2, false>(at::cuda::detail::TensorInfo<c10::BFloat16 const, unsigned int>, unsigned int, unsigned int, bool, unsigned int, unsigned int, at::cuda::detail::TensorInfo<c10::BFloat16, unsigned int>, unsigned int, at::cuda::detail::TensorInfo<long, unsigned int>, unsigned int, c10::BFloat16*)",14970273229.11846,14814983835.565733
a100,NVIDIA A100-SXM4-40GB,32768,256,2,fp32,8388608,0.6429587554931641,0.6090056199999996,"void at::native::sbtopk::gatherTopK<float, unsigned int, 2, false>(at::cuda::detail::TensorInfo<float const, unsigned int>, unsigned int, unsigned int, bool, unsigned int, unsigned int, at::cuda::detail::TensorInfo<float, unsigned int>, unsigned int, at::cuda::detail::TensorInfo<long, unsigned int>, unsigned int, float*)",13046883533.867964,13774270260.428804
a100,NVIDIA A100-SXM4-40GB,32768,256,2,bf16,8388608,0.6525526428222657,0.61920576,"void at::native::sbtopk::gatherTopK<c10::BFloat16, unsigned int, 2, false>(at::cuda::detail::TensorInfo<c10::BFloat16 const, unsigned int>, unsigned int, unsigned int, bool, unsigned int, unsigned int, at::cuda::detail::TensorInfo<c10::BFloat16, unsigned int>, unsigned int, at::cuda::detail::TensorInfo<long, unsigned int>, unsigned int, c10::BFloat16*)",12855067085.039433,13547367518.028255
a100,NVIDIA A100-SXM4-40GB,32768,256,3,fp32,8388608,0.6615270233154297,0.6274352200000003,"void at::native::sbtopk::gatherTopK<float, unsigned int, 2, false>(at::cuda::detail::TensorInfo<float const, unsigned int>, unsigned int, unsigned int, bool, unsigned int, unsigned int, at::cuda::detail::TensorInfo<float, unsigned int>, unsigned int, at::cuda::detail::TensorInfo<long, unsigned int>, unsigned int, float*)",12680673206.603292,13369679821.288956
a100,NVIDIA A100-SXM4-40GB,32768,256,3,bf16,8388608,0.6692518615722656,0.63577883,"void at::native::sbtopk::gatherTopK<c10::BFloat16, unsigned int, 2, false>(at::cuda::detail::TensorInfo<c10::BFloat16 const, unsigned int>, unsigned int, unsigned int, bool, unsigned int, unsigned int, at::cuda::detail::TensorInfo<c10::BFloat16, unsigned int>, unsigned int, at::cuda::detail::TensorInfo<long, unsigned int>, unsigned int, c10::BFloat16*)",12534306561.79684,13194223532.104712
a100,NVIDIA A100-SXM4-40GB,32768,256,4,fp32,8388608,0.6697808074951171,0.6357724699999998,"void at::native::sbtopk::gatherTopK<float, unsigned int, 2, false>(at::cuda::detail::TensorInfo<float const, unsigned int>, unsigned int, unsigned int, bool, unsigned int, unsigned int, at::cuda::detail::TensorInfo<float, unsigned int>, unsigned int, at::cuda::detail::TensorInfo<long, unsigned int>, unsigned int, float*)",12524407845.26534,13194355521.559471
a100,NVIDIA A100-SXM4-40GB,32768,256,4,bf16,8388608,0.6760409545898437,0.64261884,"void at::native::sbtopk::gatherTopK<c10::BFloat16, unsigned int, 2, false>(at::cuda::detail::TensorInfo<c10::BFloat16 const, unsigned int>, unsigned int, unsigned int, bool, unsigned int, unsigned int, at::cuda::detail::TensorInfo<c10::BFloat16, unsigned int>, unsigned int, at::cuda::detail::TensorInfo<long, unsigned int>, unsigned int, c10::BFloat16*)",12408431683.091442,13053784728.751493
a100,NVIDIA A100-SXM4-40GB,32768,256,8,fp32,8388608,0.657786865234375,0.6234349000000003,"void at::native::sbtopk::gatherTopK<float, unsigned int, 2, false>(at::cuda::detail::TensorInfo<float const, unsigned int>, unsigned int, unsigned int, bool, unsigned int, unsigned int, at::cuda::detail::TensorInfo<float, unsigned int>, unsigned int, at::cuda::detail::TensorInfo<long, unsigned int>, unsigned int, float*)",12752775166.787601,13455467443.352938
a100,NVIDIA A100-SXM4-40GB,32768,256,8,bf16,8388608,0.6608386993408203,0.6271568000000005,"void at::native::sbtopk::gatherTopK<c10::BFloat16, unsigned int, 2, false>(at::cuda::detail::TensorInfo<c10::BFloat16 const, unsigned int>, unsigned int, unsigned int, bool, unsigned int, unsigned int, at::cuda::detail::TensorInfo<c10::BFloat16, unsigned int>, unsigned int, at::cuda::detail::TensorInfo<long, unsigned int>, unsigned int, c10::BFloat16*)",12693881288.077635,13375615157.166426
