device,gpu_name,num_tokens,num_experts,k,dtype,n_elements,event_time_ms,profiler_kernel_ms,kernel_name,elements_per_sec_event,elements_per_sec_kernel
h200,NVIDIA H200,1024,32,1,fp32,32768,0.008168960213661194,0.00647610999999999,"void at::native::sbtopk::gatherTopK<float, unsigned int, 2, false>(at::cuda::detail::TensorInfo<float const, unsigned int>, unsigned int, unsigned int, bool, unsigned int, unsigned int, at::cuda::detail::TensorInfo<float, unsigned int>, unsigned int, at::cuda::detail::TensorInfo<long, unsigned int>, unsigned int, float*)",4011281624.9491706,5059827581.680986
h200,NVIDIA H200,1024,32,1,bf16,32768,0.014656000137329102,0.006301700000000026,"void at::native::sbtopk::gatherTopK<c10::BFloat16, unsigned int, 2, false>(at::cuda::detail::TensorInfo<c10::BFloat16 const, unsigned int>, unsigned int, unsigned int, bool, unsigned int, unsigned int, at::cuda::detail::TensorInfo<c10::BFloat16, unsigned int>, unsigned int, at::cuda::detail::TensorInfo<long, unsigned int>, unsigned int, c10::BFloat16*)",2235807839.312126,5199866702.635775
h200,NVIDIA H200,1024,32,2,fp32,32768,0.026257920265197753,0.00690909000000002,"void at::native::sbtopk::gatherTopK<float, unsigned int, 2, false>(at::cuda::detail::TensorInfo<float const, unsigned int>, unsigned int, unsigned int, bool, unsigned int, unsigned int, at::cuda::detail::TensorInfo<float, unsigned int>, unsigned int, at::cuda::detail::TensorInfo<long, unsigned int>, unsigned int, float*)",1247928231.5222318,4742737466.149653
h200,NVIDIA H200,1024,32,2,bf16,32768,0.024964160919189453,0.00641463999999995,"void at::native::sbtopk::gatherTopK<c10::BFloat16, unsigned int, 2, false>(at::cuda::detail::TensorInfo<c10::BFloat16 const, unsigned int>, unsigned int, unsigned int, bool, unsigned int, unsigned int, at::cuda::detail::TensorInfo<c10::BFloat16, unsigned int>, unsigned int, at::cuda::detail::TensorInfo<long, unsigned int>, unsigned int, c10::BFloat16*)",1312601697.532397,5108314730.055039
h200,NVIDIA H200,1024,32,3,fp32,32768,0.026372480392456054,0.0068933800000000435,"void at::native::sbtopk::gatherTopK<float, unsigned int, 2, false>(at::cuda::detail::TensorInfo<float const, unsigned int>, unsigned int, unsigned int, bool, unsigned int, unsigned int, at::cuda::detail::TensorInfo<float, unsigned int>, unsigned int, at::cuda::detail::TensorInfo<long, unsigned int>, unsigned int, float*)",1242507322.495665,4753546155.877058
h200,NVIDIA H200,1024,32,3,bf16,32768,0.026882240772247313,0.006462699999999966,"void at::native::sbtopk::gatherTopK<c10::BFloat16, unsigned int, 2, false>(at::cuda::detail::TensorInfo<c10::BFloat16 const, unsigned int>, unsigned int, unsigned int, bool, unsigned int, unsigned int, at::cuda::detail::TensorInfo<c10::BFloat16, unsigned int>, unsigned int, at::cuda::detail::TensorInfo<long, unsigned int>, unsigned int, c10::BFloat16*)",1218946005.1942184,5070326643.662892
h200,NVIDIA H200,1024,32,4,fp32,32768,0.025706241130828856,0.007445390000000006,"void at::native::sbtopk::gatherTopK<float, unsigned int, 2, false>(at::cuda::detail::TensorInfo<float const, unsigned int>, unsigned int, unsigned int, bool, unsigned int, unsigned int, at::cuda::detail::TensorInfo<float, unsigned int>, unsigned int, at::cuda::detail::TensorInfo<long, unsigned int>, unsigned int, float*)",1274709897.6171257,4401112634.798174
h200,NVIDIA H200,1024,32,4,bf16,32768,0.026447999477386474,0.006305889999999993,"void at::native::sbtopk::gatherTopK<c10::BFloat16, unsigned int, 2, false>(at::cuda::detail::TensorInfo<c10::BFloat16 const, unsigned int>, unsigned int, unsigned int, bool, unsigned int, unsigned int, at::cuda::detail::TensorInfo<c10::BFloat16, unsigned int>, unsigned int, at::cuda::detail::TensorInfo<long, unsigned int>, unsigned int, c10::BFloat16*)",1238959492.1164923,5196411608.829212
h200,NVIDIA H200,1024,32,8,fp32,32768,0.02689568042755127,0.00689375999999997,"void at::native::sbtopk::gatherTopK<float, unsigned int, 2, false>(at::cuda::detail::TensorInfo<float const, unsigned int>, unsigned int, unsigned int, bool, unsigned int, unsigned int, at::cuda::detail::TensorInfo<float, unsigned int>, unsigned int, at::cuda::detail::TensorInfo<long, unsigned int>, unsigned int, float*)",1218336903.1420105,4753284129.415608
h200,NVIDIA H200,1024,32,8,bf16,32768,0.02569567918777466,0.00632060999999999,"void at::native::sbtopk::gatherTopK<c10::BFloat16, unsigned int, 2, false>(at::cuda::detail::TensorInfo<c10::BFloat16 const, unsigned int>, unsigned int, unsigned int, bool, unsigned int, unsigned int, at::cuda::detail::TensorInfo<c10::BFloat16, unsigned int>, unsigned int, at::cuda::detail::TensorInfo<long, unsigned int>, unsigned int, c10::BFloat16*)",1275233853.9309819,5184309742.2558975
h200,NVIDIA H200,1024,64,1,fp32,65536,0.014973759651184082,0.007383039999999997,"void at::native::sbtopk::gatherTopK<float, unsigned int, 2, false>(at::cuda::detail::TensorInfo<float const, unsigned int>, unsigned int, unsigned int, bool, unsigned int, unsigned int, at::cuda::detail::TensorInfo<float, unsigned int>, unsigned int, at::cuda::detail::TensorInfo<long, unsigned int>, unsigned int, float*)",4376723116.082446,8876560332.871016
h200,NVIDIA H200,1024,64,1,bf16,65536,0.014593280553817749,0.006909079999999996,"void at::native::sbtopk::gatherTopK<c10::BFloat16, unsigned int, 2, false>(at::cuda::detail::TensorInfo<c10::BFloat16 const, unsigned int>, unsigned int, unsigned int, bool, unsigned int, unsigned int, at::cuda::detail::TensorInfo<c10::BFloat16, unsigned int>, unsigned int, at::cuda::detail::TensorInfo<long, unsigned int>, unsigned int, c10::BFloat16*)",4490833966.9283695,9485488661.297892
h200,NVIDIA H200,1024,64,2,fp32,65536,0.02691904067993164,0.00878654,"void at::native::sbtopk::gatherTopK<float, unsigned int, 2, false>(at::cuda::detail::TensorInfo<float const, unsigned int>, unsigned int, unsigned int, bool, unsigned int, unsigned int, at::cuda::detail::TensorInfo<float, unsigned int>, unsigned int, at::cuda::detail::TensorInfo<long, unsigned int>, unsigned int, float*)",2434559269.003134,7458681119.075313
h200,NVIDIA H200,1024,64,2,bf16,65536,0.0352128005027771,0.007318079999999981,"void at::native::sbtopk::gatherTopK<c10::BFloat16, unsigned int, 2, false>(at::cuda::detail::TensorInfo<c10::BFloat16 const, unsigned int>, unsigned int, unsigned int, bool, unsigned int, unsigned int, at::cuda::detail::TensorInfo<c10::BFloat16, unsigned int>, unsigned int, at::cuda::detail::TensorInfo<long, unsigned int>, unsigned int, c10::BFloat16*)",1861141376.552297,8955354409.899887
h200,NVIDIA H200,1024,64,3,fp32,65536,0.02618016004562378,0.007886749999999991,"void at::native::sbtopk::gatherTopK<float, unsigned int, 2, false>(at::cuda::detail::TensorInfo<float const, unsigned int>, unsigned int, unsigned int, bool, unsigned int, unsigned int, at::cuda::detail::TensorInfo<float, unsigned int>, unsigned int, at::cuda::detail::TensorInfo<long, unsigned int>, unsigned int, float*)",2503269647.159963,8309633245.63351
h200,NVIDIA H200,1024,64,3,bf16,65536,0.026443839073181152,0.007284780000000003,"void at::native::sbtopk::gatherTopK<c10::BFloat16, unsigned int, 2, false>(at::cuda::detail::TensorInfo<c10::BFloat16 const, unsigned int>, unsigned int, unsigned int, bool, unsigned int, unsigned int, at::cuda::detail::TensorInfo<c10::BFloat16, unsigned int>, unsigned int, at::cuda::detail::TensorInfo<long, unsigned int>, unsigned int, c10::BFloat16*)",2478308834.7586184,8996290896.91109
h200,NVIDIA H200,1024,64,4,fp32,65536,0.026653759479522705,0.007621709999999992,"void at::native::sbtopk::gatherTopK<float, unsigned int, 2, false>(at::cuda::detail::TensorInfo<float const, unsigned int>, unsigned int, unsigned int, bool, unsigned int, unsigned int, at::cuda::detail::TensorInfo<float, unsigned int>, unsigned int, at::cuda::detail::TensorInfo<long, unsigned int>, unsigned int, float*)",2458790102.399977,8598595328.344961
h200,NVIDIA H200,1024,64,4,bf16,65536,0.026579198837280275,0.007098260000000014,"void at::native::sbtopk::gatherTopK<c10::BFloat16, unsigned int, 2, false>(at::cuda::detail::TensorInfo<c10::BFloat16 const, unsigned int>, unsigned int, unsigned int, bool, unsigned int, unsigned int, at::cuda::detail::TensorInfo<c10::BFloat16, unsigned int>, unsigned int, at::cuda::detail::TensorInfo<long, unsigned int>, unsigned int, c10::BFloat16*)",2465687562.7145877,9232685193.2727
h200,NVIDIA H200,1024,64,8,fp32,65536,0.026691839694976807,0.008292740000000003,"void at::native::sbtopk::gatherTopK<float, unsigned int, 2, false>(at::cuda::detail::TensorInfo<float const, unsigned int>, unsigned int, unsigned int, bool, unsigned int, unsigned int, at::cuda::detail::TensorInfo<float, unsigned int>, unsigned int, at::cuda::detail::TensorInfo<long, unsigned int>, unsigned int, float*)",2455282241.6483097,7902816198.264985
h200,NVIDIA H200,1024,64,8,bf16,65536,0.02651711940765381,0.007088930000000016,"void at::native::sbtopk::gatherTopK<c10::BFloat16, unsigned int, 2, false>(at::cuda::detail::TensorInfo<c10::BFloat16 const, unsigned int>, unsigned int, unsigned int, bool, unsigned int, unsigned int, at::cuda::detail::TensorInfo<c10::BFloat16, unsigned int>, unsigned int, at::cuda::detail::TensorInfo<long, unsigned int>, unsigned int, c10::BFloat16*)",2471460002.5930386,9244836667.875103
h200,NVIDIA H200,1024,128,1,fp32,131072,0.015055359601974487,0.009761550000000006,"void at::native::sbtopk::gatherTopK<float, unsigned int, 2, false>(at::cuda::detail::TensorInfo<float const, unsigned int>, unsigned int, unsigned int, bool, unsigned int, unsigned int, at::cuda::detail::TensorInfo<float, unsigned int>, unsigned int, at::cuda::detail::TensorInfo<long, unsigned int>, unsigned int, float*)",8706002610.712143,13427375775.363535
h200,NVIDIA H200,1024,128,1,bf16,131072,0.014504640102386475,0.009783320000000002,"void at::native::sbtopk::gatherTopK<c10::BFloat16, unsigned int, 2, false>(at::cuda::detail::TensorInfo<c10::BFloat16 const, unsigned int>, unsigned int, unsigned int, bool, unsigned int, unsigned int, at::cuda::detail::TensorInfo<c10::BFloat16, unsigned int>, unsigned int, at::cuda::detail::TensorInfo<long, unsigned int>, unsigned int, c10::BFloat16*)",9036556513.969242,13397496964.220734
h200,NVIDIA H200,1024,128,2,fp32,131072,0.02656831979751587,0.01044864000000002,"void at::native::sbtopk::gatherTopK<float, unsigned int, 2, false>(at::cuda::detail::TensorInfo<float const, unsigned int>, unsigned int, unsigned int, bool, unsigned int, unsigned int, at::cuda::detail::TensorInfo<float, unsigned int>, unsigned int, at::cuda::detail::TensorInfo<long, unsigned int>, unsigned int, float*)",4933394395.992448,12544407693.250006
h200,NVIDIA H200,1024,128,2,bf16,131072,0.0265500807762146,0.01035871,"void at::native::sbtopk::gatherTopK<c10::BFloat16, unsigned int, 2, false>(at::cuda::detail::TensorInfo<c10::BFloat16 const, unsigned int>, unsigned int, unsigned int, bool, unsigned int, unsigned int, at::cuda::detail::TensorInfo<c10::BFloat16, unsigned int>, unsigned int, at::cuda::detail::TensorInfo<long, unsigned int>, unsigned int, c10::BFloat16*)",4936783473.646655,12653313009.052284
h200,NVIDIA H200,1024,128,3,fp32,131072,0.026438400745391846,0.010596440000000009,"void at::native::sbtopk::gatherTopK<float, unsigned int, 2, false>(at::cuda::detail::TensorInfo<float const, unsigned int>, unsigned int, unsigned int, bool, unsigned int, unsigned int, at::cuda::detail::TensorInfo<float, unsigned int>, unsigned int, at::cuda::detail::TensorInfo<long, unsigned int>, unsigned int, float*)",4957637236.164731,12369437282.710032
h200,NVIDIA H200,1024,128,3,bf16,131072,0.026108798980712892,0.010344880000000004,"void at::native::sbtopk::gatherTopK<c10::BFloat16, unsigned int, 2, false>(at::cuda::detail::TensorInfo<c10::BFloat16 const, unsigned int>, unsigned int, unsigned int, bool, unsigned int, unsigned int, at::cuda::detail::TensorInfo<c10::BFloat16, unsigned int>, unsigned int, at::cuda::detail::TensorInfo<long, unsigned int>, unsigned int, c10::BFloat16*)",5020223262.541704,12670229137.5057
h200,NVIDIA H200,1024,128,4,fp32,131072,0.026753919124603273,0.010481590000000015,"void at::native::sbtopk::gatherTopK<float, unsigned int, 2, false>(at::cuda::detail::TensorInfo<float const, unsigned int>, unsigned int, unsigned int, bool, unsigned int, unsigned int, at::cuda::detail::TensorInfo<float, unsigned int>, unsigned int, at::cuda::detail::TensorInfo<long, unsigned int>, unsigned int, float*)",4899170076.33713,12504973005.04979
h200,NVIDIA H200,1024,128,4,bf16,131072,0.026719999313354493,0.010404439999999997,"void at::native::sbtopk::gatherTopK<c10::BFloat16, unsigned int, 2, false>(at::cuda::detail::TensorInfo<c10::BFloat16 const, unsigned int>, unsigned int, unsigned int, bool, unsigned int, unsigned int, at::cuda::detail::TensorInfo<c10::BFloat16, unsigned int>, unsigned int, at::cuda::detail::TensorInfo<long, unsigned int>, unsigned int, c10::BFloat16*)",4905389347.614655,12597698674.796532
h200,NVIDIA H200,1024,128,8,fp32,131072,0.02723680019378662,0.01143643999999999,"void at::native::sbtopk::gatherTopK<float, unsigned int, 2, false>(at::cuda::detail::TensorInfo<float const, unsigned int>, unsigned int, unsigned int, bool, unsigned int, unsigned int, at::cuda::detail::TensorInfo<float, unsigned int>, unsigned int, at::cuda::detail::TensorInfo<long, unsigned int>, unsigned int, float*)",4812312719.094687,11460909164.040567
h200,NVIDIA H200,1024,128,8,bf16,131072,0.02661247968673706,0.010263969999999999,"void at::native::sbtopk::gatherTopK<c10::BFloat16, unsigned int, 2, false>(at::cuda::detail::TensorInfo<c10::BFloat16 const, unsigned int>, unsigned int, unsigned int, bool, unsigned int, unsigned int, at::cuda::detail::TensorInfo<c10::BFloat16, unsigned int>, unsigned int, at::cuda::detail::TensorInfo<long, unsigned int>, unsigned int, c10::BFloat16*)",4925208080.678132,12770107473.034315
h200,NVIDIA H200,1024,256,1,fp32,262144,0.016416319608688355,0.015564110000000018,"void at::native::sbtopk::gatherTopK<float, unsigned int, 2, false>(at::cuda::detail::TensorInfo<float const, unsigned int>, unsigned int, unsigned int, bool, unsigned int, unsigned int, at::cuda::detail::TensorInfo<float, unsigned int>, unsigned int, at::cuda::detail::TensorInfo<long, unsigned int>, unsigned int, float*)",15968500020.020323,16842851920.218998
h200,NVIDIA H200,1024,256,1,bf16,262144,0.016812800168991088,0.015921850000000015,"void at::native::sbtopk::gatherTopK<c10::BFloat16, unsigned int, 2, false>(at::cuda::detail::TensorInfo<c10::BFloat16 const, unsigned int>, unsigned int, unsigned int, bool, unsigned int, unsigned int, at::cuda::detail::TensorInfo<c10::BFloat16, unsigned int>, unsigned int, at::cuda::detail::TensorInfo<long, unsigned int>, unsigned int, c10::BFloat16*)",15591929801.407429,16464418393.591183
h200,NVIDIA H200,1024,256,2,fp32,262144,0.027018558979034425,0.017255869999999996,"void at::native::sbtopk::gatherTopK<float, unsigned int, 2, false>(at::cuda::detail::TensorInfo<float const, unsigned int>, unsigned int, unsigned int, bool, unsigned int, unsigned int, at::cuda::detail::TensorInfo<float, unsigned int>, unsigned int, at::cuda::detail::TensorInfo<long, unsigned int>, unsigned int, float*)",9702367924.337332,15191584081.243082
h200,NVIDIA H200,1024,256,2,bf16,262144,0.02647871971130371,0.01663899999999999,"void at::native::sbtopk::gatherTopK<c10::BFloat16, unsigned int, 2, false>(at::cuda::detail::TensorInfo<c10::BFloat16 const, unsigned int>, unsigned int, unsigned int, bool, unsigned int, unsigned int, at::cuda::detail::TensorInfo<c10::BFloat16, unsigned int>, unsigned int, at::cuda::detail::TensorInfo<long, unsigned int>, unsigned int, c10::BFloat16*)",9900176551.51549,15754792956.30748
h200,NVIDIA H200,1024,256,3,fp32,262144,0.02671648025512695,0.017799610000000007,"void at::native::sbtopk::gatherTopK<float, unsigned int, 2, false>(at::cuda::detail::TensorInfo<float const, unsigned int>, unsigned int, unsigned int, bool, unsigned int, unsigned int, at::cuda::detail::TensorInfo<float, unsigned int>, unsigned int, at::cuda::detail::TensorInfo<long, unsigned int>, unsigned int, float*)",9812070957.576605,14727513692.715733
h200,NVIDIA H200,1024,256,3,bf16,262144,0.0250710391998291,0.01706648,"void at::native::sbtopk::gatherTopK<c10::BFloat16, unsigned int, 2, false>(at::cuda::detail::TensorInfo<c10::BFloat16 const, unsigned int>, unsigned int, unsigned int, bool, unsigned int, unsigned int, at::cuda::detail::TensorInfo<c10::BFloat16, unsigned int>, unsigned int, at::cuda::detail::TensorInfo<long, unsigned int>, unsigned int, c10::BFloat16*)",10456048427.453575,15360168001.83752
h200,NVIDIA H200,1024,256,4,fp32,262144,0.026369919776916505,0.017661369999999982,"void at::native::sbtopk::gatherTopK<float, unsigned int, 2, false>(at::cuda::detail::TensorInfo<float const, unsigned int>, unsigned int, unsigned int, bool, unsigned int, unsigned int, at::cuda::detail::TensorInfo<float, unsigned int>, unsigned int, at::cuda::detail::TensorInfo<long, unsigned int>, unsigned int, float*)",9941023795.96443,14842789659.012878
h200,NVIDIA H200,1024,256,4,bf16,262144,0.02632159948348999,0.017123790000000017,"void at::native::sbtopk::gatherTopK<c10::BFloat16, unsigned int, 2, false>(at::cuda::detail::TensorInfo<c10::BFloat16 const, unsigned int>, unsigned int, unsigned int, bool, unsigned int, unsigned int, at::cuda::detail::TensorInfo<c10::BFloat16, unsigned int>, unsigned int, at::cuda::detail::TensorInfo<long, unsigned int>, unsigned int, c10::BFloat16*)",9959273187.954542,15308760502.201893
h200,NVIDIA H200,1024,256,8,fp32,262144,0.027409920692443846,0.017403789999999995,"void at::native::sbtopk::gatherTopK<float, unsigned int, 2, false>(at::cuda::detail::TensorInfo<float const, unsigned int>, unsigned int, unsigned int, bool, unsigned int, unsigned int, at::cuda::detail::TensorInfo<float, unsigned int>, unsigned int, at::cuda::detail::TensorInfo<long, unsigned int>, unsigned int, float*)",9563836500.711432,15062466278.896727
h200,NVIDIA H200,1024,256,8,bf16,262144,0.026655681133270263,0.01695071,"void at::native::sbtopk::gatherTopK<c10::BFloat16, unsigned int, 2, false>(at::cuda::detail::TensorInfo<c10::BFloat16 const, unsigned int>, unsigned int, unsigned int, bool, unsigned int, unsigned int, at::cuda::detail::TensorInfo<c10::BFloat16, unsigned int>, unsigned int, at::cuda::detail::TensorInfo<long, unsigned int>, unsigned int, c10::BFloat16*)",9834451376.026,15465074914.266127
h200,NVIDIA H200,2048,32,1,fp32,65536,0.01482367992401123,0.008166019999999994,"void at::native::sbtopk::gatherTopK<float, unsigned int, 2, false>(at::cuda::detail::TensorInfo<float const, unsigned int>, unsigned int, unsigned int, bool, unsigned int, unsigned int, at::cuda::detail::TensorInfo<float, unsigned int>, unsigned int, at::cuda::detail::TensorInfo<long, unsigned int>, unsigned int, float*)",4421034475.646329,8025451811.286287
h200,NVIDIA H200,2048,32,1,bf16,65536,0.014564160108566284,0.006868130000000015,"void at::native::sbtopk::gatherTopK<c10::BFloat16, unsigned int, 2, false>(at::cuda::detail::TensorInfo<c10::BFloat16 const, unsigned int>, unsigned int, unsigned int, bool, unsigned int, unsigned int, at::cuda::detail::TensorInfo<c10::BFloat16, unsigned int>, unsigned int, at::cuda::detail::TensorInfo<long, unsigned int>, unsigned int, c10::BFloat16*)",4499813206.629974,9542044195.436
h200,NVIDIA H200,2048,32,2,fp32,65536,0.026657280921936036,0.00769753000000001,"void at::native::sbtopk::gatherTopK<float, unsigned int, 2, false>(at::cuda::detail::TensorInfo<float const, unsigned int>, unsigned int, unsigned int, bool, unsigned int, unsigned int, at::cuda::detail::TensorInfo<float, unsigned int>, unsigned int, at::cuda::detail::TensorInfo<long, unsigned int>, unsigned int, float*)",2458465294.788225,8513899913.348817
h200,NVIDIA H200,2048,32,2,bf16,65536,0.027083520889282228,0.007220460000000003,"void at::native::sbtopk::gatherTopK<c10::BFloat16, unsigned int, 2, false>(at::cuda::detail::TensorInfo<c10::BFloat16 const, unsigned int>, unsigned int, unsigned int, bool, unsigned int, unsigned int, at::cuda::detail::TensorInfo<c10::BFloat16, unsigned int>, unsigned int, at::cuda::detail::TensorInfo<long, unsigned int>, unsigned int, c10::BFloat16*)",2419774011.950366,9076430033.543566
h200,NVIDIA H200,2048,32,3,fp32,65536,0.02639456033706665,0.007710710000000006,"void at::native::sbtopk::gatherTopK<float, unsigned int, 2, false>(at::cuda::detail::TensorInfo<float const, unsigned int>, unsigned int, unsigned int, bool, unsigned int, unsigned int, at::cuda::detail::TensorInfo<float, unsigned int>, unsigned int, at::cuda::detail::TensorInfo<long, unsigned int>, unsigned int, float*)",2482935845.9881554,8499347012.142843
h200,NVIDIA H200,2048,32,3,bf16,65536,0.026146559715270995,0.00720096,"void at::native::sbtopk::gatherTopK<c10::BFloat16, unsigned int, 2, false>(at::cuda::detail::TensorInfo<c10::BFloat16 const, unsigned int>, unsigned int, unsigned int, bool, unsigned int, unsigned int, at::cuda::detail::TensorInfo<c10::BFloat16, unsigned int>, unsigned int, at::cuda::detail::TensorInfo<long, unsigned int>, unsigned int, c10::BFloat16*)",2506486540.2435126,9101008754.388304
h200,NVIDIA H200,2048,32,4,fp32,65536,0.02630592107772827,0.007915510000000018,"void at::native::sbtopk::gatherTopK<float, unsigned int, 2, false>(at::cuda::detail::TensorInfo<float const, unsigned int>, unsigned int, unsigned int, bool, unsigned int, unsigned int, at::cuda::detail::TensorInfo<float, unsigned int>, unsigned int, at::cuda::detail::TensorInfo<long, unsigned int>, unsigned int, float*)",2491302235.962595,8279441248.889818
h200,NVIDIA H200,2048,32,4,bf16,65536,0.026586239337921144,0.00710938999999999,"void at::native::sbtopk::gatherTopK<c10::BFloat16, unsigned int, 2, false>(at::cuda::detail::TensorInfo<c10::BFloat16 const, unsigned int>, unsigned int, unsigned int, bool, unsigned int, unsigned int, at::cuda::detail::TensorInfo<c10::BFloat16, unsigned int>, unsigned int, at::cuda::detail::TensorInfo<long, unsigned int>, unsigned int, c10::BFloat16*)",2465034605.5721793,9218231099.995934
h200,NVIDIA H200,2048,32,8,fp32,65536,0.02639456033706665,0.007477109999999998,"void at::native::sbtopk::gatherTopK<float, unsigned int, 2, false>(at::cuda::detail::TensorInfo<float const, unsigned int>, unsigned int, unsigned int, bool, unsigned int, unsigned int, at::cuda::detail::TensorInfo<float, unsigned int>, unsigned int, at::cuda::detail::TensorInfo<long, unsigned int>, unsigned int, float*)",2482935845.9881554,8764883758.564474
h200,NVIDIA H200,2048,32,8,bf16,65536,0.026564478874206543,0.0069903499999999985,"void at::native::sbtopk::gatherTopK<c10::BFloat16, unsigned int, 2, false>(at::cuda::detail::TensorInfo<c10::BFloat16 const, unsigned int>, unsigned int, unsigned int, bool, unsigned int, unsigned int, at::cuda::detail::TensorInfo<c10::BFloat16, unsigned int>, unsigned int, at::cuda::detail::TensorInfo<long, unsigned int>, unsigned int, c10::BFloat16*)",2467053854.522772,9375210111.081707
h200,NVIDIA H200,2048,64,1,fp32,131072,0.014613759517669678,0.009376909999999999,"void at::native::sbtopk::gatherTopK<float, unsigned int, 2, false>(at::cuda::detail::TensorInfo<float const, unsigned int>, unsigned int, unsigned int, bool, unsigned int, unsigned int, at::cuda::detail::TensorInfo<float, unsigned int>, unsigned int, at::cuda::detail::TensorInfo<long, unsigned int>, unsigned int, float*)",8969081490.736126,13978165515.079063
h200,NVIDIA H200,2048,64,1,bf16,131072,0.014801280498504639,0.009901439999999994,"void at::native::sbtopk::gatherTopK<c10::BFloat16, unsigned int, 2, false>(at::cuda::detail::TensorInfo<c10::BFloat16 const, unsigned int>, unsigned int, unsigned int, bool, unsigned int, unsigned int, at::cuda::detail::TensorInfo<c10::BFloat16, unsigned int>, unsigned int, at::cuda::detail::TensorInfo<long, unsigned int>, unsigned int, c10::BFloat16*)",8855450041.180025,13237670480.253386
h200,NVIDIA H200,2048,64,2,fp32,131072,0.026658239364624022,0.01025050999999998,"void at::native::sbtopk::gatherTopK<float, unsigned int, 2, false>(at::cuda::detail::TensorInfo<float const, unsigned int>, unsigned int, unsigned int, bool, unsigned int, unsigned int, at::cuda::detail::TensorInfo<float, unsigned int>, unsigned int, at::cuda::detail::TensorInfo<long, unsigned int>, unsigned int, float*)",4916753811.35391,12786875970.07371
h200,NVIDIA H200,2048,64,2,bf16,131072,0.02663680076599121,0.010123460000000004,"void at::native::sbtopk::gatherTopK<c10::BFloat16, unsigned int, 2, false>(at::cuda::detail::TensorInfo<c10::BFloat16 const, unsigned int>, unsigned int, unsigned int, bool, unsigned int, unsigned int, at::cuda::detail::TensorInfo<c10::BFloat16, unsigned int>, unsigned int, at::cuda::detail::TensorInfo<long, unsigned int>, unsigned int, c10::BFloat16*)",4920711055.035837,12947351992.30302
h200,NVIDIA H200,2048,64,3,fp32,131072,0.026953279972076416,0.010873929999999987,"void at::native::sbtopk::gatherTopK<float, unsigned int, 2, false>(at::cuda::detail::TensorInfo<float const, unsigned int>, unsigned int, unsigned int, bool, unsigned int, unsigned int, at::cuda::detail::TensorInfo<float, unsigned int>, unsigned int, at::cuda::detail::TensorInfo<long, unsigned int>, unsigned int, float*)",4862933199.068556,12053783682.62442
h200,NVIDIA H200,2048,64,3,bf16,131072,0.02635807991027832,0.010137289999999974,"void at::native::sbtopk::gatherTopK<c10::BFloat16, unsigned int, 2, false>(at::cuda::detail::TensorInfo<c10::BFloat16 const, unsigned int>, unsigned int, unsigned int, bool, unsigned int, unsigned int, at::cuda::detail::TensorInfo<c10::BFloat16, unsigned int>, unsigned int, at::cuda::detail::TensorInfo<long, unsigned int>, unsigned int, c10::BFloat16*)",4972744617.444176,12929688309.202986
h200,NVIDIA H200,2048,64,4,fp32,131072,0.02725248098373413,0.010466240000000017,"void at::native::sbtopk::gatherTopK<float, unsigned int, 2, false>(at::cuda::detail::TensorInfo<float const, unsigned int>, unsigned int, unsigned int, bool, unsigned int, unsigned int, at::cuda::detail::TensorInfo<float, unsigned int>, unsigned int, at::cuda::detail::TensorInfo<long, unsigned int>, unsigned int, float*)",4809543765.143123,12523313052.251791
h200,NVIDIA H200,2048,64,4,bf16,131072,0.02553823947906494,0.01015587000000001,"void at::native::sbtopk::gatherTopK<c10::BFloat16, unsigned int, 2, false>(at::cuda::detail::TensorInfo<c10::BFloat16 const, unsigned int>, unsigned int, unsigned int, bool, unsigned int, unsigned int, at::cuda::detail::TensorInfo<c10::BFloat16, unsigned int>, unsigned int, at::cuda::detail::TensorInfo<long, unsigned int>, unsigned int, c10::BFloat16*)",5132381975.955967,12906033653.443758
h200,NVIDIA H200,2048,64,8,fp32,131072,0.027263998985290527,0.010646060000000002,"void at::native::sbtopk::gatherTopK<float, unsigned int, 2, false>(at::cuda::detail::TensorInfo<float const, unsigned int>, unsigned int, unsigned int, bool, unsigned int, unsigned int, at::cuda::detail::TensorInfo<float, unsigned int>, unsigned int, at::cuda::detail::TensorInfo<long, unsigned int>, unsigned int, float*)",4807511916.014813,12311784829.317135
h200,NVIDIA H200,2048,64,8,bf16,131072,0.026501760482788086,0.010173410000000011,"void at::native::sbtopk::gatherTopK<c10::BFloat16, unsigned int, 2, false>(at::cuda::detail::TensorInfo<c10::BFloat16 const, unsigned int>, unsigned int, unsigned int, bool, unsigned int, unsigned int, at::cuda::detail::TensorInfo<c10::BFloat16, unsigned int>, unsigned int, at::cuda::detail::TensorInfo<long, unsigned int>, unsigned int, c10::BFloat16*)",4945784642.689168,12883782330.604965
h200,NVIDIA H200,2048,128,1,fp32,262144,0.015926400423049925,0.015032839999999995,"void at::native::sbtopk::gatherTopK<float, unsigned int, 2, false>(at::cuda::detail::TensorInfo<float const, unsigned int>, unsigned int, unsigned int, bool, unsigned int, unsigned int, at::cuda::detail::TensorInfo<float, unsigned int>, unsigned int, at::cuda::detail::TensorInfo<long, unsigned int>, unsigned int, float*)",16459714250.346539,17438088877.417713
h200,NVIDIA H200,2048,128,1,bf16,262144,0.015885119438171388,0.01502163999999999,"void at::native::sbtopk::gatherTopK<c10::BFloat16, unsigned int, 2, false>(at::cuda::detail::TensorInfo<c10::BFloat16 const, unsigned int>, unsigned int, unsigned int, bool, unsigned int, unsigned int, at::cuda::detail::TensorInfo<c10::BFloat16, unsigned int>, unsigned int, at::cuda::detail::TensorInfo<long, unsigned int>, unsigned int, c10::BFloat16*)",16502488446.519144,17451090560.018757
h200,NVIDIA H200,2048,128,2,fp32,262144,0.027042880058288574,0.017105210000000003,"void at::native::sbtopk::gatherTopK<float, unsigned int, 2, false>(at::cuda::detail::TensorInfo<float const, unsigned int>, unsigned int, unsigned int, bool, unsigned int, unsigned int, at::cuda::detail::TensorInfo<float, unsigned int>, unsigned int, at::cuda::detail::TensorInfo<long, unsigned int>, unsigned int, float*)",9693642076.397612,15325389165.055555
h200,NVIDIA H200,2048,128,2,bf16,262144,0.026745600700378416,0.01627064999999999,"void at::native::sbtopk::gatherTopK<c10::BFloat16, unsigned int, 2, false>(at::cuda::detail::TensorInfo<c10::BFloat16 const, unsigned int>, unsigned int, unsigned int, bool, unsigned int, unsigned int, at::cuda::detail::TensorInfo<c10::BFloat16, unsigned int>, unsigned int, at::cuda::detail::TensorInfo<long, unsigned int>, unsigned int, c10::BFloat16*)",9801387635.174372,16111464508.178848
h200,NVIDIA H200,2048,128,3,fp32,262144,0.02719520092010498,0.016626520000000006,"void at::native::sbtopk::gatherTopK<float, unsigned int, 2, false>(at::cuda::detail::TensorInfo<float const, unsigned int>, unsigned int, unsigned int, bool, unsigned int, unsigned int, at::cuda::detail::TensorInfo<float, unsigned int>, unsigned int, at::cuda::detail::TensorInfo<long, unsigned int>, unsigned int, float*)",9639347794.124994,15766618630.958246
h200,NVIDIA H200,2048,128,3,bf16,262144,0.026802880764007567,0.01664764999999999,"void at::native::sbtopk::gatherTopK<c10::BFloat16, unsigned int, 2, false>(at::cuda::detail::TensorInfo<c10::BFloat16 const, unsigned int>, unsigned int, unsigned int, bool, unsigned int, unsigned int, at::cuda::detail::TensorInfo<c10::BFloat16, unsigned int>, unsigned int, at::cuda::detail::TensorInfo<long, unsigned int>, unsigned int, c10::BFloat16*)",9780441226.00515,15746606878.448318
h200,NVIDIA H200,2048,128,4,fp32,262144,0.026696639060974123,0.016476399999999995,"void at::native::sbtopk::gatherTopK<float, unsigned int, 2, false>(at::cuda::detail::TensorInfo<float const, unsigned int>, unsigned int, unsigned int, bool, unsigned int, unsigned int, at::cuda::detail::TensorInfo<float, unsigned int>, unsigned int, at::cuda::detail::TensorInfo<long, unsigned int>, unsigned int, float*)",9819363381.333244,15910271661.285238
h200,NVIDIA H200,2048,128,4,bf16,262144,0.026192960739135743,0.016474779999999994,"void at::native::sbtopk::gatherTopK<c10::BFloat16, unsigned int, 2, false>(at::cuda::detail::TensorInfo<c10::BFloat16 const, unsigned int>, unsigned int, unsigned int, bool, unsigned int, unsigned int, at::cuda::detail::TensorInfo<c10::BFloat16, unsigned int>, unsigned int, at::cuda::detail::TensorInfo<long, unsigned int>, unsigned int, c10::BFloat16*)",10008185123.124407,15911836151.985039
h200,NVIDIA H200,2048,128,8,fp32,262144,0.026942079067230226,0.017218559999999977,"void at::native::sbtopk::gatherTopK<float, unsigned int, 2, false>(at::cuda::detail::TensorInfo<float const, unsigned int>, unsigned int, unsigned int, bool, unsigned int, unsigned int, at::cuda::detail::TensorInfo<float, unsigned int>, unsigned int, at::cuda::detail::TensorInfo<long, unsigned int>, unsigned int, float*)",9729909831.600449,15224501932.798119
h200,NVIDIA H200,2048,128,8,bf16,262144,0.026247360706329347,0.01632536000000001,"void at::native::sbtopk::gatherTopK<c10::BFloat16, unsigned int, 2, false>(at::cuda::detail::TensorInfo<c10::BFloat16 const, unsigned int>, unsigned int, unsigned int, bool, unsigned int, unsigned int, at::cuda::detail::TensorInfo<c10::BFloat16, unsigned int>, unsigned int, at::cuda::detail::TensorInfo<long, unsigned int>, unsigned int, c10::BFloat16*)",9987442277.835806,16057471320.693682
h200,NVIDIA H200,2048,256,1,fp32,524288,0.02772864103317261,0.02691926000000002,"void at::native::sbtopk::gatherTopK<float, unsigned int, 2, false>(at::cuda::detail::TensorInfo<float const, unsigned int>, unsigned int, unsigned int, bool, unsigned int, unsigned int, at::cuda::detail::TensorInfo<float, unsigned int>, unsigned int, at::cuda::detail::TensorInfo<long, unsigned int>, unsigned int, float*)",18907814464.213318,19476315470.78187
h200,NVIDIA H200,2048,256,1,bf16,524288,0.02744352102279663,0.02663090000000001,"void at::native::sbtopk::gatherTopK<c10::BFloat16, unsigned int, 2, false>(at::cuda::detail::TensorInfo<c10::BFloat16 const, unsigned int>, unsigned int, unsigned int, bool, unsigned int, unsigned int, at::cuda::detail::TensorInfo<c10::BFloat16, unsigned int>, unsigned int, at::cuda::detail::TensorInfo<long, unsigned int>, unsigned int, c10::BFloat16*)",19104254135.775337,19687205464.329025
h200,NVIDIA H200,2048,256,2,fp32,524288,0.036037440299987795,0.028957690000000008,"void at::native::sbtopk::gatherTopK<float, unsigned int, 2, false>(at::cuda::detail::TensorInfo<float const, unsigned int>, unsigned int, unsigned int, bool, unsigned int, unsigned int, at::cuda::detail::TensorInfo<float, unsigned int>, unsigned int, at::cuda::detail::TensorInfo<long, unsigned int>, unsigned int, float*)",14548425072.248474,18105311576.993877
h200,NVIDIA H200,2048,256,2,bf16,524288,0.03618815898895264,0.02885625000000001,"void at::native::sbtopk::gatherTopK<c10::BFloat16, unsigned int, 2, false>(at::cuda::detail::TensorInfo<c10::BFloat16 const, unsigned int>, unsigned int, unsigned int, bool, unsigned int, unsigned int, at::cuda::detail::TensorInfo<c10::BFloat16, unsigned int>, unsigned int, at::cuda::detail::TensorInfo<long, unsigned int>, unsigned int, c10::BFloat16*)",14487832889.207,18168958197.96404
h200,NVIDIA H200,2048,256,3,fp32,524288,0.03688672065734863,0.029778820000000025,"void at::native::sbtopk::gatherTopK<float, unsigned int, 2, false>(at::cuda::detail::TensorInfo<float const, unsigned int>, unsigned int, unsigned int, bool, unsigned int, unsigned int, at::cuda::detail::TensorInfo<float, unsigned int>, unsigned int, at::cuda::detail::TensorInfo<long, unsigned int>, unsigned int, float*)",14213461935.807798,17606070354.701748
h200,NVIDIA H200,2048,256,3,bf16,524288,0.036736319065093996,0.029430949999999987,"void at::native::sbtopk::gatherTopK<c10::BFloat16, unsigned int, 2, false>(at::cuda::detail::TensorInfo<c10::BFloat16 const, unsigned int>, unsigned int, unsigned int, bool, unsigned int, unsigned int, at::cuda::detail::TensorInfo<c10::BFloat16, unsigned int>, unsigned int, at::cuda::detail::TensorInfo<long, unsigned int>, unsigned int, c10::BFloat16*)",14271653049.152832,17814171815.72461
h200,NVIDIA H200,2048,256,4,fp32,524288,0.03716576099395752,0.03009814999999999,"void at::native::sbtopk::gatherTopK<float, unsigned int, 2, false>(at::cuda::detail::TensorInfo<float const, unsigned int>, unsigned int, unsigned int, bool, unsigned int, unsigned int, at::cuda::detail::TensorInfo<float, unsigned int>, unsigned int, at::cuda::detail::TensorInfo<long, unsigned int>, unsigned int, float*)",14106747338.907972,17419276600.05682
h200,NVIDIA H200,2048,256,4,bf16,524288,0.03692608118057251,0.029671239999999995,"void at::native::sbtopk::gatherTopK<c10::BFloat16, unsigned int, 2, false>(at::cuda::detail::TensorInfo<c10::BFloat16 const, unsigned int>, unsigned int, unsigned int, bool, unsigned int, unsigned int, at::cuda::detail::TensorInfo<c10::BFloat16, unsigned int>, unsigned int, at::cuda::detail::TensorInfo<long, unsigned int>, unsigned int, c10::BFloat16*)",14198311416.696922,17669905268.536137
h200,NVIDIA H200,2048,256,8,fp32,524288,0.03744096040725708,0.030365350000000003,"void at::native::sbtopk::gatherTopK<float, unsigned int, 2, false>(at::cuda::detail::TensorInfo<float const, unsigned int>, unsigned int, unsigned int, bool, unsigned int, unsigned int, at::cuda::detail::TensorInfo<float, unsigned int>, unsigned int, at::cuda::detail::TensorInfo<long, unsigned int>, unsigned int, float*)",14003059598.28901,17265995616.714443
h200,NVIDIA H200,2048,256,8,bf16,524288,0.03647968053817749,0.02914064999999999,"void at::native::sbtopk::gatherTopK<c10::BFloat16, unsigned int, 2, false>(at::cuda::detail::TensorInfo<c10::BFloat16 const, unsigned int>, unsigned int, unsigned int, bool, unsigned int, unsigned int, at::cuda::detail::TensorInfo<c10::BFloat16, unsigned int>, unsigned int, at::cuda::detail::TensorInfo<long, unsigned int>, unsigned int, c10::BFloat16*)",14372055683.199062,17991637111.732243
h200,NVIDIA H200,4096,32,1,fp32,131072,0.015475200414657593,0.009182409999999997,"void at::native::sbtopk::gatherTopK<float, unsigned int, 2, false>(at::cuda::detail::TensorInfo<float const, unsigned int>, unsigned int, unsigned int, bool, unsigned int, unsigned int, at::cuda::detail::TensorInfo<float, unsigned int>, unsigned int, at::cuda::detail::TensorInfo<long, unsigned int>, unsigned int, float*)",8469809533.184008,14274248263.800032
h200,NVIDIA H200,4096,32,1,bf16,131072,0.014916800260543824,0.009784270000000001,"void at::native::sbtopk::gatherTopK<c10::BFloat16, unsigned int, 2, false>(at::cuda::detail::TensorInfo<c10::BFloat16 const, unsigned int>, unsigned int, unsigned int, bool, unsigned int, unsigned int, at::cuda::detail::TensorInfo<c10::BFloat16, unsigned int>, unsigned int, at::cuda::detail::TensorInfo<long, unsigned int>, unsigned int, c10::BFloat16*)",8786871025.329496,13396196139.313406
h200,NVIDIA H200,4096,32,2,fp32,131072,0.027054719924926758,0.010692819999999992,"void at::native::sbtopk::gatherTopK<float, unsigned int, 2, false>(at::cuda::detail::TensorInfo<float const, unsigned int>, unsigned int, unsigned int, bool, unsigned int, unsigned int, at::cuda::detail::TensorInfo<float, unsigned int>, unsigned int, at::cuda::detail::TensorInfo<long, unsigned int>, unsigned int, float*)",4844699940.110537,12257945050.978142
h200,NVIDIA H200,4096,32,2,bf16,131072,0.026346559524536132,0.010101359999999983,"void at::native::sbtopk::gatherTopK<c10::BFloat16, unsigned int, 2, false>(at::cuda::detail::TensorInfo<c10::BFloat16 const, unsigned int>, unsigned int, unsigned int, bool, unsigned int, unsigned int, at::cuda::detail::TensorInfo<c10::BFloat16, unsigned int>, unsigned int, at::cuda::detail::TensorInfo<long, unsigned int>, unsigned int, c10::BFloat16*)",4974919016.577278,12975678522.496002
h200,NVIDIA H200,4096,32,3,fp32,131072,0.026951360702514648,0.010264270000000013,"void at::native::sbtopk::gatherTopK<float, unsigned int, 2, false>(at::cuda::detail::TensorInfo<float const, unsigned int>, unsigned int, unsigned int, bool, unsigned int, unsigned int, at::cuda::detail::TensorInfo<float, unsigned int>, unsigned int, at::cuda::detail::TensorInfo<long, unsigned int>, unsigned int, float*)",4863279499.938961,12769734233.413565
h200,NVIDIA H200,4096,32,3,bf16,131072,0.026445119380950927,0.009936869999999964,"void at::native::sbtopk::gatherTopK<c10::BFloat16, unsigned int, 2, false>(at::cuda::detail::TensorInfo<c10::BFloat16 const, unsigned int>, unsigned int, unsigned int, bool, unsigned int, unsigned int, at::cuda::detail::TensorInfo<c10::BFloat16, unsigned int>, unsigned int, at::cuda::detail::TensorInfo<long, unsigned int>, unsigned int, c10::BFloat16*)",4956377700.998938,13190471446.240162
h200,NVIDIA H200,4096,32,4,fp32,131072,0.026003201007843018,0.011096619999999972,"void at::native::sbtopk::gatherTopK<float, unsigned int, 2, false>(at::cuda::detail::TensorInfo<float const, unsigned int>, unsigned int, unsigned int, bool, unsigned int, unsigned int, at::cuda::detail::TensorInfo<float, unsigned int>, unsigned int, at::cuda::detail::TensorInfo<long, unsigned int>, unsigned int, float*)",5040610191.047879,11811885060.495928
h200,NVIDIA H200,4096,32,4,bf16,131072,0.03473056077957153,0.01009466,"void at::native::sbtopk::gatherTopK<c10::BFloat16, unsigned int, 2, false>(at::cuda::detail::TensorInfo<c10::BFloat16 const, unsigned int>, unsigned int, unsigned int, bool, unsigned int, unsigned int, at::cuda::detail::TensorInfo<c10::BFloat16, unsigned int>, unsigned int, at::cuda::detail::TensorInfo<long, unsigned int>, unsigned int, c10::BFloat16*)",3773967280.053145,12984290704.194098
h200,NVIDIA H200,4096,32,8,fp32,131072,0.02662816047668457,0.010486020000000004,"void at::native::sbtopk::gatherTopK<float, unsigned int, 2, false>(at::cuda::detail::TensorInfo<float const, unsigned int>, unsigned int, unsigned int, bool, unsigned int, unsigned int, at::cuda::detail::TensorInfo<float, unsigned int>, unsigned int, at::cuda::detail::TensorInfo<long, unsigned int>, unsigned int, float*)",4922307724.364427,12499690063.532204
h200,NVIDIA H200,4096,32,8,bf16,131072,0.026645760536193847,0.010146630000000005,"void at::native::sbtopk::gatherTopK<c10::BFloat16, unsigned int, 2, false>(at::cuda::detail::TensorInfo<c10::BFloat16 const, unsigned int>, unsigned int, unsigned int, bool, unsigned int, unsigned int, at::cuda::detail::TensorInfo<c10::BFloat16, unsigned int>, unsigned int, at::cuda::detail::TensorInfo<long, unsigned int>, unsigned int, c10::BFloat16*)",4919056441.341219,12917786496.600342
h200,NVIDIA H200,4096,64,1,fp32,262144,0.015639359951019286,0.014785559999999993,"void at::native::sbtopk::gatherTopK<float, unsigned int, 2, false>(at::cuda::detail::TensorInfo<float const, unsigned int>, unsigned int, unsigned int, bool, unsigned int, unsigned int, at::cuda::detail::TensorInfo<float, unsigned int>, unsigned int, at::cuda::detail::TensorInfo<long, unsigned int>, unsigned int, float*)",16761811277.507872,17729730899.607464
h200,NVIDIA H200,4096,64,1,bf16,262144,0.015218240022659302,0.01429849000000001,"void at::native::sbtopk::gatherTopK<c10::BFloat16, unsigned int, 2, false>(at::cuda::detail::TensorInfo<c10::BFloat16 const, unsigned int>, unsigned int, unsigned int, bool, unsigned int, unsigned int, at::cuda::detail::TensorInfo<c10::BFloat16, unsigned int>, unsigned int, at::cuda::detail::TensorInfo<long, unsigned int>, unsigned int, c10::BFloat16*)",17225644989.806896,18333684186.23224
h200,NVIDIA H200,4096,64,2,fp32,262144,0.02660192012786865,0.016608240000000017,"void at::native::sbtopk::gatherTopK<float, unsigned int, 2, false>(at::cuda::detail::TensorInfo<float const, unsigned int>, unsigned int, unsigned int, bool, unsigned int, unsigned int, at::cuda::detail::TensorInfo<float, unsigned int>, unsigned int, at::cuda::detail::TensorInfo<long, unsigned int>, unsigned int, float*)",9854326256.899525,15783972293.271275
h200,NVIDIA H200,4096,64,2,bf16,262144,0.02634880065917969,0.01598458999999998,"void at::native::sbtopk::gatherTopK<c10::BFloat16, unsigned int, 2, false>(at::cuda::detail::TensorInfo<c10::BFloat16 const, unsigned int>, unsigned int, unsigned int, bool, unsigned int, unsigned int, at::cuda::detail::TensorInfo<c10::BFloat16, unsigned int>, unsigned int, at::cuda::detail::TensorInfo<long, unsigned int>, unsigned int, c10::BFloat16*)",9948991735.556334,16399795052.610067
h200,NVIDIA H200,4096,64,3,fp32,262144,0.028592960834503175,0.01601335000000001,"void at::native::sbtopk::gatherTopK<float, unsigned int, 2, false>(at::cuda::detail::TensorInfo<float const, unsigned int>, unsigned int, unsigned int, bool, unsigned int, unsigned int, at::cuda::detail::TensorInfo<float, unsigned int>, unsigned int, at::cuda::detail::TensorInfo<long, unsigned int>, unsigned int, float*)",9168130628.978807,16370340996.730844
h200,NVIDIA H200,4096,64,3,bf16,262144,0.03048799991607666,0.01608637999999998,"void at::native::sbtopk::gatherTopK<c10::BFloat16, unsigned int, 2, false>(at::cuda::detail::TensorInfo<c10::BFloat16 const, unsigned int>, unsigned int, unsigned int, bool, unsigned int, unsigned int, at::cuda::detail::TensorInfo<c10::BFloat16, unsigned int>, unsigned int, at::cuda::detail::TensorInfo<long, unsigned int>, unsigned int, c10::BFloat16*)",8598268194.751883,16296021852.026392
h200,NVIDIA H200,4096,64,4,fp32,262144,0.02695807933807373,0.016214979999999955,"void at::native::sbtopk::gatherTopK<float, unsigned int, 2, false>(at::cuda::detail::TensorInfo<float const, unsigned int>, unsigned int, unsigned int, bool, unsigned int, unsigned int, at::cuda::detail::TensorInfo<float, unsigned int>, unsigned int, at::cuda::detail::TensorInfo<long, unsigned int>, unsigned int, float*)",9724134895.239584,16166779114.127846
h200,NVIDIA H200,4096,64,4,bf16,262144,0.026679360866546632,0.01603103000000005,"void at::native::sbtopk::gatherTopK<c10::BFloat16, unsigned int, 2, false>(at::cuda::detail::TensorInfo<c10::BFloat16 const, unsigned int>, unsigned int, unsigned int, bool, unsigned int, unsigned int, at::cuda::detail::TensorInfo<c10::BFloat16, unsigned int>, unsigned int, at::cuda::detail::TensorInfo<long, unsigned int>, unsigned int, c10::BFloat16*)",9825722636.733158,16352286783.818583
h200,NVIDIA H200,4096,64,8,fp32,262144,0.027021119594573973,0.01670615,"void at::native::sbtopk::gatherTopK<float, unsigned int, 2, false>(at::cuda::detail::TensorInfo<float const, unsigned int>, unsigned int, unsigned int, bool, unsigned int, unsigned int, at::cuda::detail::TensorInfo<float, unsigned int>, unsigned int, at::cuda::detail::TensorInfo<long, unsigned int>, unsigned int, float*)",9701448494.112001,15691466914.878653
h200,NVIDIA H200,4096,64,8,bf16,262144,0.03607327938079834,0.016324059999999987,"void at::native::sbtopk::gatherTopK<c10::BFloat16, unsigned int, 2, false>(at::cuda::detail::TensorInfo<c10::BFloat16 const, unsigned int>, unsigned int, unsigned int, bool, unsigned int, unsigned int, at::cuda::detail::TensorInfo<c10::BFloat16, unsigned int>, unsigned int, at::cuda::detail::TensorInfo<long, unsigned int>, unsigned int, c10::BFloat16*)",7266985549.961897,16058750090.357435
h200,NVIDIA H200,4096,128,1,fp32,524288,0.025574400424957275,0.024844329999999998,"void at::native::sbtopk::gatherTopK<float, unsigned int, 2, false>(at::cuda::detail::TensorInfo<float const, unsigned int>, unsigned int, unsigned int, bool, unsigned int, unsigned int, at::cuda::detail::TensorInfo<float, unsigned int>, unsigned int, at::cuda::detail::TensorInfo<long, unsigned int>, unsigned int, float*)",20500500159.853733,21102923685.203026
h200,NVIDIA H200,4096,128,1,bf16,524288,0.02586143970489502,0.02509785000000001,"void at::native::sbtopk::gatherTopK<c10::BFloat16, unsigned int, 2, false>(at::cuda::detail::TensorInfo<c10::BFloat16 const, unsigned int>, unsigned int, unsigned int, bool, unsigned int, unsigned int, at::cuda::detail::TensorInfo<c10::BFloat16, unsigned int>, unsigned int, at::cuda::detail::TensorInfo<long, unsigned int>, unsigned int, c10::BFloat16*)",20272962603.11306,20889757489.187313
h200,NVIDIA H200,4096,128,2,fp32,524288,0.035727360248565675,0.027932029999999993,"void at::native::sbtopk::gatherTopK<float, unsigned int, 2, false>(at::cuda::detail::TensorInfo<float const, unsigned int>, unsigned int, unsigned int, bool, unsigned int, unsigned int, at::cuda::detail::TensorInfo<float, unsigned int>, unsigned int, at::cuda::detail::TensorInfo<long, unsigned int>, unsigned int, float*)",14674691786.697233,18770135933.55013
h200,NVIDIA H200,4096,128,2,bf16,524288,0.03590431928634644,0.027761830000000015,"void at::native::sbtopk::gatherTopK<c10::BFloat16, unsigned int, 2, false>(at::cuda::detail::TensorInfo<c10::BFloat16 const, unsigned int>, unsigned int, unsigned int, bool, unsigned int, unsigned int, at::cuda::detail::TensorInfo<c10::BFloat16, unsigned int>, unsigned int, at::cuda::detail::TensorInfo<long, unsigned int>, unsigned int, c10::BFloat16*)",14602365688.057322,18885210376.98162
h200,NVIDIA H200,4096,128,3,fp32,524288,0.03610752105712891,0.028254599999999994,"void at::native::sbtopk::gatherTopK<float, unsigned int, 2, false>(at::cuda::detail::TensorInfo<float const, unsigned int>, unsigned int, unsigned int, bool, unsigned int, unsigned int, at::cuda::detail::TensorInfo<float, unsigned int>, unsigned int, at::cuda::detail::TensorInfo<long, unsigned int>, unsigned int, float*)",14520188167.182055,18555845773.78551
h200,NVIDIA H200,4096,128,3,bf16,524288,0.036103999614715575,0.028020099999999992,"void at::native::sbtopk::gatherTopK<c10::BFloat16, unsigned int, 2, false>(at::cuda::detail::TensorInfo<c10::BFloat16 const, unsigned int>, unsigned int, unsigned int, bool, unsigned int, unsigned int, at::cuda::detail::TensorInfo<c10::BFloat16, unsigned int>, unsigned int, at::cuda::detail::TensorInfo<long, unsigned int>, unsigned int, c10::BFloat16*)",14521604409.343784,18711139503.427902
h200,NVIDIA H200,4096,128,4,fp32,524288,0.03617984056472778,0.028353550000000005,"void at::native::sbtopk::gatherTopK<float, unsigned int, 2, false>(at::cuda::detail::TensorInfo<float const, unsigned int>, unsigned int, unsigned int, bool, unsigned int, unsigned int, at::cuda::detail::TensorInfo<float, unsigned int>, unsigned int, at::cuda::detail::TensorInfo<long, unsigned int>, unsigned int, float*)",14491163913.838125,18491088417.499744
h200,NVIDIA H200,4096,128,4,bf16,524288,0.036149759292602536,0.028058460000000014,"void at::native::sbtopk::gatherTopK<c10::BFloat16, unsigned int, 2, false>(at::cuda::detail::TensorInfo<c10::BFloat16 const, unsigned int>, unsigned int, unsigned int, bool, unsigned int, unsigned int, at::cuda::detail::TensorInfo<c10::BFloat16, unsigned int>, unsigned int, at::cuda::detail::TensorInfo<long, unsigned int>, unsigned int, c10::BFloat16*)",14503222435.212372,18685558651.472668
h200,NVIDIA H200,4096,128,8,fp32,524288,0.036277439594268795,0.02834422000000002,"void at::native::sbtopk::gatherTopK<float, unsigned int, 2, false>(at::cuda::detail::TensorInfo<float const, unsigned int>, unsigned int, unsigned int, bool, unsigned int, unsigned int, at::cuda::detail::TensorInfo<float, unsigned int>, unsigned int, at::cuda::detail::TensorInfo<long, unsigned int>, unsigned int, float*)",14452177603.041985,18497175085.431866
h200,NVIDIA H200,4096,128,8,bf16,524288,0.03618592023849487,0.028050730000000013,"void at::native::sbtopk::gatherTopK<c10::BFloat16, unsigned int, 2, false>(at::cuda::detail::TensorInfo<c10::BFloat16 const, unsigned int>, unsigned int, unsigned int, bool, unsigned int, unsigned int, at::cuda::detail::TensorInfo<c10::BFloat16, unsigned int>, unsigned int, at::cuda::detail::TensorInfo<long, unsigned int>, unsigned int, c10::BFloat16*)",14488729222.429949,18690707871.060745
h200,NVIDIA H200,4096,256,1,fp32,1048576,0.048434882164001464,0.04803119999999998,"void at::native::sbtopk::gatherTopK<float, unsigned int, 2, false>(at::cuda::detail::TensorInfo<float const, unsigned int>, unsigned int, unsigned int, bool, unsigned int, unsigned int, at::cuda::detail::TensorInfo<float, unsigned int>, unsigned int, at::cuda::detail::TensorInfo<long, unsigned int>, unsigned int, float*)",21649190689.66661,21831143090.32463
h200,NVIDIA H200,4096,256,1,bf16,1048576,0.048749442100524905,0.04827693999999998,"void at::native::sbtopk::gatherTopK<c10::BFloat16, unsigned int, 2, false>(at::cuda::detail::TensorInfo<c10::BFloat16 const, unsigned int>, unsigned int, unsigned int, bool, unsigned int, unsigned int, at::cuda::detail::TensorInfo<c10::BFloat16, unsigned int>, unsigned int, at::cuda::detail::TensorInfo<long, unsigned int>, unsigned int, c10::BFloat16*)",21509497438.714474,21720017880.172203
h200,NVIDIA H200,4096,256,2,fp32,1048576,0.059926080703735354,0.05239847999999999,"void at::native::sbtopk::gatherTopK<float, unsigned int, 2, false>(at::cuda::detail::TensorInfo<float const, unsigned int>, unsigned int, unsigned int, bool, unsigned int, unsigned int, at::cuda::detail::TensorInfo<float, unsigned int>, unsigned int, at::cuda::detail::TensorInfo<long, unsigned int>, unsigned int, float*)",17497823780.333416,20011572854.785107
h200,NVIDIA H200,4096,256,2,bf16,1048576,0.06010848045349121,0.05234030999999994,"void at::native::sbtopk::gatherTopK<c10::BFloat16, unsigned int, 2, false>(at::cuda::detail::TensorInfo<c10::BFloat16 const, unsigned int>, unsigned int, unsigned int, bool, unsigned int, unsigned int, at::cuda::detail::TensorInfo<c10::BFloat16, unsigned int>, unsigned int, at::cuda::detail::TensorInfo<long, unsigned int>, unsigned int, c10::BFloat16*)",17444726469.359562,20033813326.669277
h200,NVIDIA H200,4096,256,3,fp32,1048576,0.06158207893371582,0.05413578000000002,"void at::native::sbtopk::gatherTopK<float, unsigned int, 2, false>(at::cuda::detail::TensorInfo<float const, unsigned int>, unsigned int, unsigned int, bool, unsigned int, unsigned int, at::cuda::detail::TensorInfo<float, unsigned int>, unsigned int, at::cuda::detail::TensorInfo<long, unsigned int>, unsigned int, float*)",17027291350.924353,19369370867.10489
h200,NVIDIA H200,4096,256,3,bf16,1048576,0.06126719951629639,0.053506700000000004,"void at::native::sbtopk::gatherTopK<c10::BFloat16, unsigned int, 2, false>(at::cuda::detail::TensorInfo<c10::BFloat16 const, unsigned int>, unsigned int, unsigned int, bool, unsigned int, unsigned int, at::cuda::detail::TensorInfo<c10::BFloat16, unsigned int>, unsigned int, at::cuda::detail::TensorInfo<long, unsigned int>, unsigned int, c10::BFloat16*)",17114802182.546154,19597097185.959885
h200,NVIDIA H200,4096,256,4,fp32,1048576,0.06230976104736328,0.05469388999999997,"void at::native::sbtopk::gatherTopK<float, unsigned int, 2, false>(at::cuda::detail::TensorInfo<float const, unsigned int>, unsigned int, unsigned int, bool, unsigned int, unsigned int, at::cuda::detail::TensorInfo<float, unsigned int>, unsigned int, at::cuda::detail::TensorInfo<long, unsigned int>, unsigned int, float*)",16828438793.128256,19171721009.421722
h200,NVIDIA H200,4096,256,4,bf16,1048576,0.06193984031677246,0.05402061000000004,"void at::native::sbtopk::gatherTopK<c10::BFloat16, unsigned int, 2, false>(at::cuda::detail::TensorInfo<c10::BFloat16 const, unsigned int>, unsigned int, unsigned int, bool, unsigned int, unsigned int, at::cuda::detail::TensorInfo<c10::BFloat16, unsigned int>, unsigned int, at::cuda::detail::TensorInfo<long, unsigned int>, unsigned int, c10::BFloat16*)",16928942577.788017,19410665670.010006
h200,NVIDIA H200,4096,256,8,fp32,1048576,0.061524481773376466,0.053980589999999995,"void at::native::sbtopk::gatherTopK<float, unsigned int, 2, false>(at::cuda::detail::TensorInfo<float const, unsigned int>, unsigned int, unsigned int, bool, unsigned int, unsigned int, at::cuda::detail::TensorInfo<float, unsigned int>, unsigned int, at::cuda::detail::TensorInfo<long, unsigned int>, unsigned int, float*)",17043231731.108232,19425056302.64508
h200,NVIDIA H200,4096,256,8,bf16,1048576,0.06085440158843994,0.05302948999999999,"void at::native::sbtopk::gatherTopK<c10::BFloat16, unsigned int, 2, false>(at::cuda::detail::TensorInfo<c10::BFloat16 const, unsigned int>, unsigned int, unsigned int, bool, unsigned int, unsigned int, at::cuda::detail::TensorInfo<c10::BFloat16, unsigned int>, unsigned int, at::cuda::detail::TensorInfo<long, unsigned int>, unsigned int, c10::BFloat16*)",17230898219.845287,19773450583.81667
h200,NVIDIA H200,8192,32,1,fp32,262144,0.01519487977027893,0.014058850000000006,"void at::native::sbtopk::gatherTopK<float, unsigned int, 2, false>(at::cuda::detail::TensorInfo<float const, unsigned int>, unsigned int, unsigned int, bool, unsigned int, unsigned int, at::cuda::detail::TensorInfo<float, unsigned int>, unsigned int, at::cuda::detail::TensorInfo<long, unsigned int>, unsigned int, float*)",17252127293.086693,18646190833.531895
h200,NVIDIA H200,8192,32,1,bf16,262144,0.014894720315933228,0.013988060000000004,"void at::native::sbtopk::gatherTopK<c10::BFloat16, unsigned int, 2, false>(at::cuda::detail::TensorInfo<c10::BFloat16 const, unsigned int>, unsigned int, unsigned int, bool, unsigned int, unsigned int, at::cuda::detail::TensorInfo<c10::BFloat16, unsigned int>, unsigned int, at::cuda::detail::TensorInfo<long, unsigned int>, unsigned int, c10::BFloat16*)",17599793379.106186,18740554444.29034
h200,NVIDIA H200,8192,32,2,fp32,262144,0.02689215898513794,0.01620828999999999,"void at::native::sbtopk::gatherTopK<float, unsigned int, 2, false>(at::cuda::detail::TensorInfo<float const, unsigned int>, unsigned int, unsigned int, bool, unsigned int, unsigned int, at::cuda::detail::TensorInfo<float, unsigned int>, unsigned int, at::cuda::detail::TensorInfo<long, unsigned int>, unsigned int, float*)",9747971523.776686,16173451980.43718
h200,NVIDIA H200,8192,32,2,bf16,262144,0.026616320610046387,0.015931459999999998,"void at::native::sbtopk::gatherTopK<c10::BFloat16, unsigned int, 2, false>(at::cuda::detail::TensorInfo<c10::BFloat16 const, unsigned int>, unsigned int, unsigned int, bool, unsigned int, unsigned int, at::cuda::detail::TensorInfo<c10::BFloat16, unsigned int>, unsigned int, at::cuda::detail::TensorInfo<long, unsigned int>, unsigned int, c10::BFloat16*)",9848994676.636604,16454486908.293404
h200,NVIDIA H200,8192,32,3,fp32,262144,0.026851201057434083,0.01612349000000001,"void at::native::sbtopk::gatherTopK<float, unsigned int, 2, false>(at::cuda::detail::TensorInfo<float const, unsigned int>, unsigned int, unsigned int, bool, unsigned int, unsigned int, at::cuda::detail::TensorInfo<float, unsigned int>, unsigned int, at::cuda::detail::TensorInfo<long, unsigned int>, unsigned int, float*)",9762840754.842966,16258514750.83867
h200,NVIDIA H200,8192,32,3,bf16,262144,0.026160640716552733,0.015920579999999997,"void at::native::sbtopk::gatherTopK<c10::BFloat16, unsigned int, 2, false>(at::cuda::detail::TensorInfo<c10::BFloat16 const, unsigned int>, unsigned int, unsigned int, bool, unsigned int, unsigned int, at::cuda::detail::TensorInfo<c10::BFloat16, unsigned int>, unsigned int, at::cuda::detail::TensorInfo<long, unsigned int>, unsigned int, c10::BFloat16*)",10020549681.49662,16465731776.103638
h200,NVIDIA H200,8192,32,4,fp32,262144,0.027068159580230712,0.016543600000000002,"void at::native::sbtopk::gatherTopK<float, unsigned int, 2, false>(at::cuda::detail::TensorInfo<float const, unsigned int>, unsigned int, unsigned int, bool, unsigned int, unsigned int, at::cuda::detail::TensorInfo<float, unsigned int>, unsigned int, at::cuda::detail::TensorInfo<long, unsigned int>, unsigned int, float*)",9684588980.754251,15845644237.046349
h200,NVIDIA H200,8192,32,4,bf16,262144,0.026039359569549562,0.01608309999999999,"void at::native::sbtopk::gatherTopK<c10::BFloat16, unsigned int, 2, false>(at::cuda::detail::TensorInfo<c10::BFloat16 const, unsigned int>, unsigned int, unsigned int, bool, unsigned int, unsigned int, at::cuda::detail::TensorInfo<c10::BFloat16, unsigned int>, unsigned int, at::cuda::detail::TensorInfo<long, unsigned int>, unsigned int, c10::BFloat16*)",10067221480.613958,16299345275.475512
h200,NVIDIA H200,8192,32,8,fp32,262144,0.026964480876922606,0.016517109999999998,"void at::native::sbtopk::gatherTopK<float, unsigned int, 2, false>(at::cuda::detail::TensorInfo<float const, unsigned int>, unsigned int, unsigned int, bool, unsigned int, unsigned int, at::cuda::detail::TensorInfo<float, unsigned int>, unsigned int, at::cuda::detail::TensorInfo<long, unsigned int>, unsigned int, float*)",9721826323.916157,15871057345.988495
h200,NVIDIA H200,8192,32,8,bf16,262144,0.02661855936050415,0.016083560000000007,"void at::native::sbtopk::gatherTopK<c10::BFloat16, unsigned int, 2, false>(at::cuda::detail::TensorInfo<c10::BFloat16 const, unsigned int>, unsigned int, unsigned int, bool, unsigned int, unsigned int, at::cuda::detail::TensorInfo<c10::BFloat16, unsigned int>, unsigned int, at::cuda::detail::TensorInfo<long, unsigned int>, unsigned int, c10::BFloat16*)",9848166328.225925,16298879103.87998
h200,NVIDIA H200,8192,64,1,fp32,524288,0.024087679386138917,0.023345500000000016,"void at::native::sbtopk::gatherTopK<float, unsigned int, 2, false>(at::cuda::detail::TensorInfo<float const, unsigned int>, unsigned int, unsigned int, bool, unsigned int, unsigned int, at::cuda::detail::TensorInfo<float, unsigned int>, unsigned int, at::cuda::detail::TensorInfo<long, unsigned int>, unsigned int, float*)",21765816108.53297,22457775588.443153
h200,NVIDIA H200,8192,64,1,bf16,524288,0.02414112091064453,0.023353810000000003,"void at::native::sbtopk::gatherTopK<c10::BFloat16, unsigned int, 2, false>(at::cuda::detail::TensorInfo<c10::BFloat16 const, unsigned int>, unsigned int, unsigned int, bool, unsigned int, unsigned int, at::cuda::detail::TensorInfo<c10::BFloat16, unsigned int>, unsigned int, at::cuda::detail::TensorInfo<long, unsigned int>, unsigned int, c10::BFloat16*)",21717632828.259686,22449784424.89683
h200,NVIDIA H200,8192,64,2,fp32,524288,0.037563838958740235,0.02730840000000001,"void at::native::sbtopk::gatherTopK<float, unsigned int, 2, false>(at::cuda::detail::TensorInfo<float const, unsigned int>, unsigned int, unsigned int, bool, unsigned int, unsigned int, at::cuda::detail::TensorInfo<float, unsigned int>, unsigned int, at::cuda::detail::TensorInfo<long, unsigned int>, unsigned int, float*)",13957252893.557365,19198781327.357143
h200,NVIDIA H200,8192,64,2,bf16,524288,0.03712735891342163,0.027217869999999984,"void at::native::sbtopk::gatherTopK<c10::BFloat16, unsigned int, 2, false>(at::cuda::detail::TensorInfo<c10::BFloat16 const, unsigned int>, unsigned int, unsigned int, bool, unsigned int, unsigned int, at::cuda::detail::TensorInfo<c10::BFloat16, unsigned int>, unsigned int, at::cuda::detail::TensorInfo<long, unsigned int>, unsigned int, c10::BFloat16*)",14121338423.845406,19262638847.198563
h200,NVIDIA H200,8192,64,3,fp32,524288,0.037721600532531735,0.027442119999999973,"void at::native::sbtopk::gatherTopK<float, unsigned int, 2, false>(at::cuda::detail::TensorInfo<float const, unsigned int>, unsigned int, unsigned int, bool, unsigned int, unsigned int, at::cuda::detail::TensorInfo<float, unsigned int>, unsigned int, at::cuda::detail::TensorInfo<long, unsigned int>, unsigned int, float*)",13898880020.953651,19105229479.35511
h200,NVIDIA H200,8192,64,3,bf16,524288,0.037494399547576905,0.027325320000000035,"void at::native::sbtopk::gatherTopK<c10::BFloat16, unsigned int, 2, false>(at::cuda::detail::TensorInfo<c10::BFloat16 const, unsigned int>, unsigned int, unsigned int, bool, unsigned int, unsigned int, at::cuda::detail::TensorInfo<c10::BFloat16, unsigned int>, unsigned int, at::cuda::detail::TensorInfo<long, unsigned int>, unsigned int, c10::BFloat16*)",13983101645.213102,19186893328.239132
h200,NVIDIA H200,8192,64,4,fp32,524288,0.03817087888717651,0.02785431999999998,"void at::native::sbtopk::gatherTopK<float, unsigned int, 2, false>(at::cuda::detail::TensorInfo<float const, unsigned int>, unsigned int, unsigned int, bool, unsigned int, unsigned int, at::cuda::detail::TensorInfo<float, unsigned int>, unsigned int, at::cuda::detail::TensorInfo<long, unsigned int>, unsigned int, float*)",13735287614.143312,18822502218.68638
h200,NVIDIA H200,8192,64,4,bf16,524288,0.037622079849243165,0.027615569999999996,"void at::native::sbtopk::gatherTopK<c10::BFloat16, unsigned int, 2, false>(at::cuda::detail::TensorInfo<c10::BFloat16 const, unsigned int>, unsigned int, unsigned int, bool, unsigned int, unsigned int, at::cuda::detail::TensorInfo<c10::BFloat16, unsigned int>, unsigned int, at::cuda::detail::TensorInfo<long, unsigned int>, unsigned int, c10::BFloat16*)",13935646357.162973,18985231881.86954
h200,NVIDIA H200,8192,64,8,fp32,524288,0.038618879318237306,0.028308120000000003,"void at::native::sbtopk::gatherTopK<float, unsigned int, 2, false>(at::cuda::detail::TensorInfo<float const, unsigned int>, unsigned int, unsigned int, bool, unsigned int, unsigned int, at::cuda::detail::TensorInfo<float, unsigned int>, unsigned int, at::cuda::detail::TensorInfo<long, unsigned int>, unsigned int, float*)",13575950655.626904,18520763653.679577
h200,NVIDIA H200,8192,64,8,bf16,524288,0.0379369592666626,0.02799699000000003,"void at::native::sbtopk::gatherTopK<c10::BFloat16, unsigned int, 2, false>(at::cuda::detail::TensorInfo<c10::BFloat16 const, unsigned int>, unsigned int, unsigned int, bool, unsigned int, unsigned int, at::cuda::detail::TensorInfo<c10::BFloat16, unsigned int>, unsigned int, at::cuda::detail::TensorInfo<long, unsigned int>, unsigned int, c10::BFloat16*)",13819979516.933033,18726584536.409073
h200,NVIDIA H200,8192,128,1,fp32,1048576,0.044835839271545413,0.04427632000000003,"void at::native::sbtopk::gatherTopK<float, unsigned int, 2, false>(at::cuda::detail::TensorInfo<float const, unsigned int>, unsigned int, unsigned int, bool, unsigned int, unsigned int, at::cuda::detail::TensorInfo<float, unsigned int>, unsigned int, at::cuda::detail::TensorInfo<long, unsigned int>, unsigned int, float*)",23387005061.940872,23682546336.28087
h200,NVIDIA H200,8192,128,1,bf16,1048576,0.04542111873626709,0.04492267999999997,"void at::native::sbtopk::gatherTopK<c10::BFloat16, unsigned int, 2, false>(at::cuda::detail::TensorInfo<c10::BFloat16 const, unsigned int>, unsigned int, unsigned int, bool, unsigned int, unsigned int, at::cuda::detail::TensorInfo<c10::BFloat16, unsigned int>, unsigned int, at::cuda::detail::TensorInfo<long, unsigned int>, unsigned int, c10::BFloat16*)",23085648904.608566,23341795280.245983
h200,NVIDIA H200,8192,128,2,fp32,1048576,0.060827841758728025,0.050841390000000014,"void at::native::sbtopk::gatherTopK<float, unsigned int, 2, false>(at::cuda::detail::TensorInfo<float const, unsigned int>, unsigned int, unsigned int, bool, unsigned int, unsigned int, at::cuda::detail::TensorInfo<float, unsigned int>, unsigned int, at::cuda::detail::TensorInfo<long, unsigned int>, unsigned int, float*)",17238421908.16416,20624455782.975243
h200,NVIDIA H200,8192,128,2,bf16,1048576,0.06061888217926025,0.050930050000000025,"void at::native::sbtopk::gatherTopK<c10::BFloat16, unsigned int, 2, false>(at::cuda::detail::TensorInfo<c10::BFloat16 const, unsigned int>, unsigned int, unsigned int, bool, unsigned int, unsigned int, at::cuda::detail::TensorInfo<c10::BFloat16, unsigned int>, unsigned int, at::cuda::detail::TensorInfo<long, unsigned int>, unsigned int, c10::BFloat16*)",17297844537.931004,20588552337.961567
h200,NVIDIA H200,8192,128,3,fp32,1048576,0.06135680198669433,0.05124011000000001,"void at::native::sbtopk::gatherTopK<float, unsigned int, 2, false>(at::cuda::detail::TensorInfo<float const, unsigned int>, unsigned int, unsigned int, bool, unsigned int, unsigned int, at::cuda::detail::TensorInfo<float, unsigned int>, unsigned int, at::cuda::detail::TensorInfo<long, unsigned int>, unsigned int, float*)",17089808563.154762,20463968559.00582
h200,NVIDIA H200,8192,128,3,bf16,1048576,0.06099743843078613,0.051317599999999984,"void at::native::sbtopk::gatherTopK<c10::BFloat16, unsigned int, 2, false>(at::cuda::detail::TensorInfo<c10::BFloat16 const, unsigned int>, unsigned int, unsigned int, bool, unsigned int, unsigned int, at::cuda::detail::TensorInfo<c10::BFloat16, unsigned int>, unsigned int, at::cuda::detail::TensorInfo<long, unsigned int>, unsigned int, c10::BFloat16*)",17190492371.082443,20433067797.402847
h200,NVIDIA H200,8192,128,4,fp32,1048576,0.061440320014953614,0.05136841000000004,"void at::native::sbtopk::gatherTopK<float, unsigned int, 2, false>(at::cuda::detail::TensorInfo<float const, unsigned int>, unsigned int, unsigned int, bool, unsigned int, unsigned int, at::cuda::detail::TensorInfo<float, unsigned int>, unsigned int, at::cuda::detail::TensorInfo<long, unsigned int>, unsigned int, float*)",17066577774.086998,20412856851.126972
h200,NVIDIA H200,8192,128,4,bf16,1048576,0.06090943813323975,0.05118093,"void at::native::sbtopk::gatherTopK<c10::BFloat16, unsigned int, 2, false>(at::cuda::detail::TensorInfo<c10::BFloat16 const, unsigned int>, unsigned int, unsigned int, bool, unsigned int, unsigned int, at::cuda::detail::TensorInfo<c10::BFloat16, unsigned int>, unsigned int, at::cuda::detail::TensorInfo<long, unsigned int>, unsigned int, c10::BFloat16*)",17215328726.333576,20487630842.190636
h200,NVIDIA H200,8192,128,8,fp32,1048576,0.061890239715576174,0.05177545000000001,"void at::native::sbtopk::gatherTopK<float, unsigned int, 2, false>(at::cuda::detail::TensorInfo<float const, unsigned int>, unsigned int, unsigned int, bool, unsigned int, unsigned int, at::cuda::detail::TensorInfo<float, unsigned int>, unsigned int, at::cuda::detail::TensorInfo<long, unsigned int>, unsigned int, float*)",16942509914.630377,20252378298.981464
h200,NVIDIA H200,8192,128,8,bf16,1048576,0.06124192237854004,0.05148651000000001,"void at::native::sbtopk::gatherTopK<c10::BFloat16, unsigned int, 2, false>(at::cuda::detail::TensorInfo<c10::BFloat16 const, unsigned int>, unsigned int, unsigned int, bool, unsigned int, unsigned int, at::cuda::detail::TensorInfo<c10::BFloat16, unsigned int>, unsigned int, at::cuda::detail::TensorInfo<long, unsigned int>, unsigned int, c10::BFloat16*)",17121866186.999947,20366033743.596134
h200,NVIDIA H200,8192,256,1,fp32,2097152,0.09023263931274414,0.09024928000000004,"void at::native::sbtopk::gatherTopK<float, unsigned int, 2, false>(at::cuda::detail::TensorInfo<float const, unsigned int>, unsigned int, unsigned int, bool, unsigned int, unsigned int, at::cuda::detail::TensorInfo<float, unsigned int>, unsigned int, at::cuda::detail::TensorInfo<long, unsigned int>, unsigned int, float*)",23241612081.536503,23237326657.896873
h200,NVIDIA H200,8192,256,1,bf16,2097152,0.09122591972351074,0.09122079999999999,"void at::native::sbtopk::gatherTopK<c10::BFloat16, unsigned int, 2, false>(at::cuda::detail::TensorInfo<c10::BFloat16 const, unsigned int>, unsigned int, unsigned int, bool, unsigned int, unsigned int, at::cuda::detail::TensorInfo<c10::BFloat16, unsigned int>, unsigned int, at::cuda::detail::TensorInfo<long, unsigned int>, unsigned int, c10::BFloat16*)",22988554199.903805,22989844421.447742
h200,NVIDIA H200,8192,256,2,fp32,2097152,0.10881664276123047,0.09936538000000006,"void at::native::sbtopk::gatherTopK<float, unsigned int, 2, false>(at::cuda::detail::TensorInfo<float const, unsigned int>, unsigned int, unsigned int, bool, unsigned int, unsigned int, at::cuda::detail::TensorInfo<float, unsigned int>, unsigned int, at::cuda::detail::TensorInfo<long, unsigned int>, unsigned int, float*)",19272346093.250175,21105459466.86863
h200,NVIDIA H200,8192,256,2,bf16,2097152,0.10855775833129883,0.09949020000000004,"void at::native::sbtopk::gatherTopK<c10::BFloat16, unsigned int, 2, false>(at::cuda::detail::TensorInfo<c10::BFloat16 const, unsigned int>, unsigned int, unsigned int, bool, unsigned int, unsigned int, at::cuda::detail::TensorInfo<c10::BFloat16, unsigned int>, unsigned int, at::cuda::detail::TensorInfo<long, unsigned int>, unsigned int, c10::BFloat16*)",19318306054.1824,21078980643.319633
h200,NVIDIA H200,8192,256,3,fp32,2097152,0.11166144371032714,0.10228580999999998,"void at::native::sbtopk::gatherTopK<float, unsigned int, 2, false>(at::cuda::detail::TensorInfo<float const, unsigned int>, unsigned int, unsigned int, bool, unsigned int, unsigned int, at::cuda::detail::TensorInfo<float, unsigned int>, unsigned int, at::cuda::detail::TensorInfo<long, unsigned int>, unsigned int, float*)",18781344126.630188,20502863495.92383
h200,NVIDIA H200,8192,256,3,bf16,2097152,0.1109881591796875,0.10180216000000002,"void at::native::sbtopk::gatherTopK<c10::BFloat16, unsigned int, 2, false>(at::cuda::detail::TensorInfo<c10::BFloat16 const, unsigned int>, unsigned int, unsigned int, bool, unsigned int, unsigned int, at::cuda::detail::TensorInfo<c10::BFloat16, unsigned int>, unsigned int, at::cuda::detail::TensorInfo<long, unsigned int>, unsigned int, c10::BFloat16*)",18895276897.103546,20600270171.084778
h200,NVIDIA H200,8192,256,4,fp32,2097152,0.11319680213928222,0.10375835999999995,"void at::native::sbtopk::gatherTopK<float, unsigned int, 2, false>(at::cuda::detail::TensorInfo<float const, unsigned int>, unsigned int, unsigned int, bool, unsigned int, unsigned int, at::cuda::detail::TensorInfo<float, unsigned int>, unsigned int, at::cuda::detail::TensorInfo<long, unsigned int>, unsigned int, float*)",18526601108.568188,20211884613.44224
h200,NVIDIA H200,8192,256,4,bf16,2097152,0.11216447830200195,0.10301078000000001,"void at::native::sbtopk::gatherTopK<c10::BFloat16, unsigned int, 2, false>(at::cuda::detail::TensorInfo<c10::BFloat16 const, unsigned int>, unsigned int, unsigned int, bool, unsigned int, unsigned int, at::cuda::detail::TensorInfo<c10::BFloat16, unsigned int>, unsigned int, at::cuda::detail::TensorInfo<long, unsigned int>, unsigned int, c10::BFloat16*)",18697113665.107372,20358568297.415085
h200,NVIDIA H200,8192,256,8,fp32,2097152,0.1118131160736084,0.10228477000000004,"void at::native::sbtopk::gatherTopK<float, unsigned int, 2, false>(at::cuda::detail::TensorInfo<float const, unsigned int>, unsigned int, unsigned int, bool, unsigned int, unsigned int, at::cuda::detail::TensorInfo<float, unsigned int>, unsigned int, at::cuda::detail::TensorInfo<long, unsigned int>, unsigned int, float*)",18755867590.877357,20503071962.717415
h200,NVIDIA H200,8192,256,8,bf16,2097152,0.1102182388305664,0.10107132000000003,"void at::native::sbtopk::gatherTopK<c10::BFloat16, unsigned int, 2, false>(at::cuda::detail::TensorInfo<c10::BFloat16 const, unsigned int>, unsigned int, unsigned int, bool, unsigned int, unsigned int, at::cuda::detail::TensorInfo<c10::BFloat16, unsigned int>, unsigned int, at::cuda::detail::TensorInfo<long, unsigned int>, unsigned int, c10::BFloat16*)",19027268283.826042,20749229356.062622
h200,NVIDIA H200,16384,32,1,fp32,524288,0.023451199531555177,0.02274387999999998,"void at::native::sbtopk::gatherTopK<float, unsigned int, 2, false>(at::cuda::detail::TensorInfo<float const, unsigned int>, unsigned int, unsigned int, bool, unsigned int, unsigned int, at::cuda::detail::TensorInfo<float, unsigned int>, unsigned int, at::cuda::detail::TensorInfo<long, unsigned int>, unsigned int, float*)",22356553629.35849,23051827568.559124
h200,NVIDIA H200,16384,32,1,bf16,524288,0.02379040002822876,0.02298197000000001,"void at::native::sbtopk::gatherTopK<c10::BFloat16, unsigned int, 2, false>(at::cuda::detail::TensorInfo<c10::BFloat16 const, unsigned int>, unsigned int, unsigned int, bool, unsigned int, unsigned int, at::cuda::detail::TensorInfo<c10::BFloat16, unsigned int>, unsigned int, at::cuda::detail::TensorInfo<long, unsigned int>, unsigned int, c10::BFloat16*)",22037796732.207123,22813013853.90372
h200,NVIDIA H200,16384,32,2,fp32,524288,0.04316383838653565,0.02700791999999999,"void at::native::sbtopk::gatherTopK<float, unsigned int, 2, false>(at::cuda::detail::TensorInfo<float const, unsigned int>, unsigned int, unsigned int, bool, unsigned int, unsigned int, at::cuda::detail::TensorInfo<float, unsigned int>, unsigned int, at::cuda::detail::TensorInfo<long, unsigned int>, unsigned int, float*)",12146463790.012342,19412379776.00645
h200,NVIDIA H200,16384,32,2,bf16,524288,0.042715840339660645,0.027073829999999997,"void at::native::sbtopk::gatherTopK<c10::BFloat16, unsigned int, 2, false>(at::cuda::detail::TensorInfo<c10::BFloat16 const, unsigned int>, unsigned int, unsigned int, bool, unsigned int, unsigned int, at::cuda::detail::TensorInfo<c10::BFloat16, unsigned int>, unsigned int, at::cuda::detail::TensorInfo<long, unsigned int>, unsigned int, c10::BFloat16*)",12273854285.226622,19365121225.92186
h200,NVIDIA H200,16384,32,3,fp32,524288,0.04370751857757568,0.027540390000000012,"void at::native::sbtopk::gatherTopK<float, unsigned int, 2, false>(at::cuda::detail::TensorInfo<float const, unsigned int>, unsigned int, unsigned int, bool, unsigned int, unsigned int, at::cuda::detail::TensorInfo<float, unsigned int>, unsigned int, at::cuda::detail::TensorInfo<long, unsigned int>, unsigned int, float*)",11995373269.00521,19037057935.635616
h200,NVIDIA H200,16384,32,3,bf16,524288,0.04290783882141113,0.02722297000000001,"void at::native::sbtopk::gatherTopK<c10::BFloat16, unsigned int, 2, false>(at::cuda::detail::TensorInfo<c10::BFloat16 const, unsigned int>, unsigned int, unsigned int, bool, unsigned int, unsigned int, at::cuda::detail::TensorInfo<c10::BFloat16, unsigned int>, unsigned int, at::cuda::detail::TensorInfo<long, unsigned int>, unsigned int, c10::BFloat16*)",12218932819.762035,19259030149.90649
h200,NVIDIA H200,16384,32,4,fp32,524288,0.04393631935119629,0.027683450000000023,"void at::native::sbtopk::gatherTopK<float, unsigned int, 2, false>(at::cuda::detail::TensorInfo<float const, unsigned int>, unsigned int, unsigned int, bool, unsigned int, unsigned int, at::cuda::detail::TensorInfo<float, unsigned int>, unsigned int, at::cuda::detail::TensorInfo<long, unsigned int>, unsigned int, float*)",11932906710.032024,18938679969.44021
h200,NVIDIA H200,16384,32,4,bf16,524288,0.0432147216796875,0.027471569999999983,"void at::native::sbtopk::gatherTopK<c10::BFloat16, unsigned int, 2, false>(at::cuda::detail::TensorInfo<c10::BFloat16 const, unsigned int>, unsigned int, unsigned int, bool, unsigned int, unsigned int, at::cuda::detail::TensorInfo<c10::BFloat16, unsigned int>, unsigned int, at::cuda::detail::TensorInfo<long, unsigned int>, unsigned int, c10::BFloat16*)",12132161902.744236,19084748341.649216
h200,NVIDIA H200,16384,32,8,fp32,524288,0.044164481163024905,0.027828700000000015,"void at::native::sbtopk::gatherTopK<float, unsigned int, 2, false>(at::cuda::detail::TensorInfo<float const, unsigned int>, unsigned int, unsigned int, bool, unsigned int, unsigned int, at::cuda::detail::TensorInfo<float, unsigned int>, unsigned int, at::cuda::detail::TensorInfo<long, unsigned int>, unsigned int, float*)",11871259124.831312,18839830822.13685
h200,NVIDIA H200,16384,32,8,bf16,524288,0.043271360397338865,0.027540030000000017,"void at::native::sbtopk::gatherTopK<c10::BFloat16, unsigned int, 2, false>(at::cuda::detail::TensorInfo<c10::BFloat16 const, unsigned int>, unsigned int, unsigned int, bool, unsigned int, unsigned int, at::cuda::detail::TensorInfo<c10::BFloat16, unsigned int>, unsigned int, at::cuda::detail::TensorInfo<long, unsigned int>, unsigned int, c10::BFloat16*)",12116281882.190214,19037306785.795067
h200,NVIDIA H200,16384,64,1,fp32,1048576,0.041165437698364254,0.04069004,"void at::native::sbtopk::gatherTopK<float, unsigned int, 2, false>(at::cuda::detail::TensorInfo<float const, unsigned int>, unsigned int, unsigned int, bool, unsigned int, unsigned int, at::cuda::detail::TensorInfo<float, unsigned int>, unsigned int, at::cuda::detail::TensorInfo<long, unsigned int>, unsigned int, float*)",25472242216.476326,25769844414.01385
h200,NVIDIA H200,16384,64,1,bf16,1048576,0.041831040382385255,0.04125864000000001,"void at::native::sbtopk::gatherTopK<c10::BFloat16, unsigned int, 2, false>(at::cuda::detail::TensorInfo<c10::BFloat16 const, unsigned int>, unsigned int, unsigned int, bool, unsigned int, unsigned int, at::cuda::detail::TensorInfo<c10::BFloat16, unsigned int>, unsigned int, at::cuda::detail::TensorInfo<long, unsigned int>, unsigned int, c10::BFloat16*)",25066935711.251106,25414701017.774693
h200,NVIDIA H200,16384,64,2,fp32,1048576,0.06532288074493409,0.04930227000000005,"void at::native::sbtopk::gatherTopK<float, unsigned int, 2, false>(at::cuda::detail::TensorInfo<float const, unsigned int>, unsigned int, unsigned int, bool, unsigned int, unsigned int, at::cuda::detail::TensorInfo<float, unsigned int>, unsigned int, at::cuda::detail::TensorInfo<long, unsigned int>, unsigned int, float*)",16052200822.164736,21268310769.463535
h200,NVIDIA H200,16384,64,2,bf16,1048576,0.0651804780960083,0.04967088000000003,"void at::native::sbtopk::gatherTopK<c10::BFloat16, unsigned int, 2, false>(at::cuda::detail::TensorInfo<c10::BFloat16 const, unsigned int>, unsigned int, unsigned int, bool, unsigned int, unsigned int, at::cuda::detail::TensorInfo<c10::BFloat16, unsigned int>, unsigned int, at::cuda::detail::TensorInfo<long, unsigned int>, unsigned int, c10::BFloat16*)",16087270769.255306,21110477607.805607
h200,NVIDIA H200,16384,64,3,fp32,1048576,0.0661955213546753,0.05008011000000002,"void at::native::sbtopk::gatherTopK<float, unsigned int, 2, false>(at::cuda::detail::TensorInfo<float const, unsigned int>, unsigned int, unsigned int, bool, unsigned int, unsigned int, at::cuda::detail::TensorInfo<float, unsigned int>, unsigned int, at::cuda::detail::TensorInfo<long, unsigned int>, unsigned int, float*)",15840588283.635303,20937973179.372
h200,NVIDIA H200,16384,64,3,bf16,1048576,0.06552063941955566,0.049988330000000004,"void at::native::sbtopk::gatherTopK<c10::BFloat16, unsigned int, 2, false>(at::cuda::detail::TensorInfo<c10::BFloat16 const, unsigned int>, unsigned int, unsigned int, bool, unsigned int, unsigned int, at::cuda::detail::TensorInfo<c10::BFloat16, unsigned int>, unsigned int, at::cuda::detail::TensorInfo<long, unsigned int>, unsigned int, c10::BFloat16*)",16003751020.888788,20976415895.47
h200,NVIDIA H200,16384,64,4,fp32,1048576,0.0663312005996704,0.050204950000000026,"void at::native::sbtopk::gatherTopK<float, unsigned int, 2, false>(at::cuda::detail::TensorInfo<float const, unsigned int>, unsigned int, unsigned int, bool, unsigned int, unsigned int, at::cuda::detail::TensorInfo<float, unsigned int>, unsigned int, at::cuda::detail::TensorInfo<long, unsigned int>, unsigned int, float*)",15808186653.042585,20885908660.401005
h200,NVIDIA H200,16384,64,4,bf16,1048576,0.06595712184906005,0.05038086999999998,"void at::native::sbtopk::gatherTopK<c10::BFloat16, unsigned int, 2, false>(at::cuda::detail::TensorInfo<c10::BFloat16 const, unsigned int>, unsigned int, unsigned int, bool, unsigned int, unsigned int, at::cuda::detail::TensorInfo<c10::BFloat16, unsigned int>, unsigned int, at::cuda::detail::TensorInfo<long, unsigned int>, unsigned int, c10::BFloat16*)",15897843486.858322,20812979212.14938
h200,NVIDIA H200,16384,64,8,fp32,1048576,0.06855455875396728,0.05237929999999997,"void at::native::sbtopk::gatherTopK<float, unsigned int, 2, false>(at::cuda::detail::TensorInfo<float const, unsigned int>, unsigned int, unsigned int, bool, unsigned int, unsigned int, at::cuda::detail::TensorInfo<float, unsigned int>, unsigned int, at::cuda::detail::TensorInfo<long, unsigned int>, unsigned int, float*)",15295496303.363173,20018900596.227913
h200,NVIDIA H200,16384,64,8,bf16,1048576,0.06722144126892089,0.05157001000000001,"void at::native::sbtopk::gatherTopK<c10::BFloat16, unsigned int, 2, false>(at::cuda::detail::TensorInfo<c10::BFloat16 const, unsigned int>, unsigned int, unsigned int, bool, unsigned int, unsigned int, at::cuda::detail::TensorInfo<c10::BFloat16, unsigned int>, unsigned int, at::cuda::detail::TensorInfo<long, unsigned int>, unsigned int, c10::BFloat16*)",15598832458.90471,20333057914.861755
h200,NVIDIA H200,16384,128,1,fp32,2097152,0.08331040382385253,0.08317537,"void at::native::sbtopk::gatherTopK<float, unsigned int, 2, false>(at::cuda::detail::TensorInfo<float const, unsigned int>, unsigned int, unsigned int, bool, unsigned int, unsigned int, at::cuda::detail::TensorInfo<float, unsigned int>, unsigned int, at::cuda::detail::TensorInfo<long, unsigned int>, unsigned int, float*)",25172750385.823555,25213617925.59504
h200,NVIDIA H200,16384,128,1,bf16,2097152,0.0843887996673584,0.08431902000000008,"void at::native::sbtopk::gatherTopK<c10::BFloat16, unsigned int, 2, false>(at::cuda::detail::TensorInfo<c10::BFloat16 const, unsigned int>, unsigned int, unsigned int, bool, unsigned int, unsigned int, at::cuda::detail::TensorInfo<c10::BFloat16, unsigned int>, unsigned int, at::cuda::detail::TensorInfo<long, unsigned int>, unsigned int, c10::BFloat16*)",24851070382.165638,24871636316.45622
h200,NVIDIA H200,16384,128,2,fp32,2097152,0.11195551872253418,0.09635739999999995,"void at::native::sbtopk::gatherTopK<float, unsigned int, 2, false>(at::cuda::detail::TensorInfo<float const, unsigned int>, unsigned int, unsigned int, bool, unsigned int, unsigned int, at::cuda::detail::TensorInfo<float, unsigned int>, unsigned int, at::cuda::detail::TensorInfo<long, unsigned int>, unsigned int, float*)",18732010926.56712,21764306633.429306
h200,NVIDIA H200,16384,128,2,bf16,2097152,0.1118556785583496,0.09678494000000006,"void at::native::sbtopk::gatherTopK<c10::BFloat16, unsigned int, 2, false>(at::cuda::detail::TensorInfo<c10::BFloat16 const, unsigned int>, unsigned int, unsigned int, bool, unsigned int, unsigned int, at::cuda::detail::TensorInfo<c10::BFloat16, unsigned int>, unsigned int, at::cuda::detail::TensorInfo<long, unsigned int>, unsigned int, c10::BFloat16*)",18748730748.667526,21668164489.22734
h200,NVIDIA H200,16384,128,3,fp32,2097152,0.1132038402557373,0.09748408999999994,"void at::native::sbtopk::gatherTopK<float, unsigned int, 2, false>(at::cuda::detail::TensorInfo<float const, unsigned int>, unsigned int, unsigned int, bool, unsigned int, unsigned int, at::cuda::detail::TensorInfo<float, unsigned int>, unsigned int, at::cuda::detail::TensorInfo<long, unsigned int>, unsigned int, float*)",18525449271.529583,21512761723.477146
h200,NVIDIA H200,16384,128,3,bf16,2097152,0.11290431976318359,0.09776508000000007,"void at::native::sbtopk::gatherTopK<c10::BFloat16, unsigned int, 2, false>(at::cuda::detail::TensorInfo<c10::BFloat16 const, unsigned int>, unsigned int, unsigned int, bool, unsigned int, unsigned int, at::cuda::detail::TensorInfo<c10::BFloat16, unsigned int>, unsigned int, at::cuda::detail::TensorInfo<long, unsigned int>, unsigned int, c10::BFloat16*)",18574594881.743843,21450931150.468025
h200,NVIDIA H200,16384,128,4,fp32,2097152,0.11330816268920899,0.09766972,"void at::native::sbtopk::gatherTopK<float, unsigned int, 2, false>(at::cuda::detail::TensorInfo<float const, unsigned int>, unsigned int, unsigned int, bool, unsigned int, unsigned int, at::cuda::detail::TensorInfo<float, unsigned int>, unsigned int, at::cuda::detail::TensorInfo<long, unsigned int>, unsigned int, float*)",18508392954.462093,21471874804.187008
h200,NVIDIA H200,16384,128,4,bf16,2097152,0.11256383895874024,0.09745887000000004,"void at::native::sbtopk::gatherTopK<c10::BFloat16, unsigned int, 2, false>(at::cuda::detail::TensorInfo<c10::BFloat16 const, unsigned int>, unsigned int, unsigned int, bool, unsigned int, unsigned int, at::cuda::detail::TensorInfo<c10::BFloat16, unsigned int>, unsigned int, at::cuda::detail::TensorInfo<long, unsigned int>, unsigned int, c10::BFloat16*)",18630778937.529854,21518328706.2532
h200,NVIDIA H200,16384,128,8,fp32,2097152,0.11418368339538575,0.09848639000000009,"void at::native::sbtopk::gatherTopK<float, unsigned int, 2, false>(at::cuda::detail::TensorInfo<float const, unsigned int>, unsigned int, unsigned int, bool, unsigned int, unsigned int, at::cuda::detail::TensorInfo<float, unsigned int>, unsigned int, at::cuda::detail::TensorInfo<long, unsigned int>, unsigned int, float*)",18366477045.044666,21293825471.72252
h200,NVIDIA H200,16384,128,8,bf16,2097152,0.11343263626098633,0.09815066999999998,"void at::native::sbtopk::gatherTopK<c10::BFloat16, unsigned int, 2, false>(at::cuda::detail::TensorInfo<c10::BFloat16 const, unsigned int>, unsigned int, unsigned int, bool, unsigned int, unsigned int, at::cuda::detail::TensorInfo<c10::BFloat16, unsigned int>, unsigned int, at::cuda::detail::TensorInfo<long, unsigned int>, unsigned int, c10::BFloat16*)",18488083051.99628,21366660054.38374
h200,NVIDIA H200,16384,256,1,fp32,4194304,0.17414464950561523,0.17536860999999995,"void at::native::sbtopk::gatherTopK<float, unsigned int, 2, false>(at::cuda::detail::TensorInfo<float const, unsigned int>, unsigned int, unsigned int, bool, unsigned int, unsigned int, at::cuda::detail::TensorInfo<float, unsigned int>, unsigned int, at::cuda::detail::TensorInfo<long, unsigned int>, unsigned int, float*)",24085172940.468414,23917073870.859795
h200,NVIDIA H200,16384,256,1,bf16,4194304,0.1761689567565918,0.17731651000000004,"void at::native::sbtopk::gatherTopK<c10::BFloat16, unsigned int, 2, false>(at::cuda::detail::TensorInfo<c10::BFloat16 const, unsigned int>, unsigned int, unsigned int, bool, unsigned int, unsigned int, at::cuda::detail::TensorInfo<c10::BFloat16, unsigned int>, unsigned int, at::cuda::detail::TensorInfo<long, unsigned int>, unsigned int, c10::BFloat16*)",23808417085.62289,23654334274.907616
h200,NVIDIA H200,16384,256,2,fp32,4194304,0.20747360229492187,0.19306969999999998,"void at::native::sbtopk::gatherTopK<float, unsigned int, 2, false>(at::cuda::detail::TensorInfo<float const, unsigned int>, unsigned int, unsigned int, bool, unsigned int, unsigned int, at::cuda::detail::TensorInfo<float, unsigned int>, unsigned int, at::cuda::detail::TensorInfo<long, unsigned int>, unsigned int, float*)",20216085100.011105,21724299566.426014
h200,NVIDIA H200,16384,256,2,bf16,4194304,0.20793855667114258,0.19397362999999992,"void at::native::sbtopk::gatherTopK<c10::BFloat16, unsigned int, 2, false>(at::cuda::detail::TensorInfo<c10::BFloat16 const, unsigned int>, unsigned int, unsigned int, bool, unsigned int, unsigned int, at::cuda::detail::TensorInfo<c10::BFloat16, unsigned int>, unsigned int, at::cuda::detail::TensorInfo<long, unsigned int>, unsigned int, c10::BFloat16*)",20170881567.834213,21623062887.46569
h200,NVIDIA H200,16384,256,3,fp32,4194304,0.2134684753417969,0.19899417000000003,"void at::native::sbtopk::gatherTopK<float, unsigned int, 2, false>(at::cuda::detail::TensorInfo<float const, unsigned int>, unsigned int, unsigned int, bool, unsigned int, unsigned int, at::cuda::detail::TensorInfo<float, unsigned int>, unsigned int, at::cuda::detail::TensorInfo<long, unsigned int>, unsigned int, float*)",19648353197.27774,21077522019.866207
h200,NVIDIA H200,16384,256,3,bf16,4194304,0.21287551879882813,0.1989542100000003,"void at::native::sbtopk::gatherTopK<c10::BFloat16, unsigned int, 2, false>(at::cuda::detail::TensorInfo<c10::BFloat16 const, unsigned int>, unsigned int, unsigned int, bool, unsigned int, unsigned int, at::cuda::detail::TensorInfo<c10::BFloat16, unsigned int>, unsigned int, at::cuda::detail::TensorInfo<long, unsigned int>, unsigned int, c10::BFloat16*)",19703082926.8992,21081755445.134808
h200,NVIDIA H200,16384,256,4,fp32,4194304,0.21642751693725587,0.20196018999999993,"void at::native::sbtopk::gatherTopK<float, unsigned int, 2, false>(at::cuda::detail::TensorInfo<float const, unsigned int>, unsigned int, unsigned int, bool, unsigned int, unsigned int, at::cuda::detail::TensorInfo<float, unsigned int>, unsigned int, at::cuda::detail::TensorInfo<long, unsigned int>, unsigned int, float*)",19379716864.81975,20767974124.0093
h200,NVIDIA H200,16384,256,4,bf16,4194304,0.21485855102539062,0.20091346999999993,"void at::native::sbtopk::gatherTopK<c10::BFloat16, unsigned int, 2, false>(at::cuda::detail::TensorInfo<c10::BFloat16 const, unsigned int>, unsigned int, unsigned int, bool, unsigned int, unsigned int, at::cuda::detail::TensorInfo<c10::BFloat16, unsigned int>, unsigned int, at::cuda::detail::TensorInfo<long, unsigned int>, unsigned int, c10::BFloat16*)",19521233760.458267,20876171219.38117
h200,NVIDIA H200,16384,256,8,fp32,4194304,0.21310144424438476,0.19858651000000005,"void at::native::sbtopk::gatherTopK<float, unsigned int, 2, false>(at::cuda::detail::TensorInfo<float const, unsigned int>, unsigned int, unsigned int, bool, unsigned int, unsigned int, at::cuda::detail::TensorInfo<float, unsigned int>, unsigned int, at::cuda::detail::TensorInfo<long, unsigned int>, unsigned int, float*)",19682194153.45666,21120790128.191483
h200,NVIDIA H200,16384,256,8,bf16,4194304,0.21088640213012697,0.19690298,"void at::native::sbtopk::gatherTopK<c10::BFloat16, unsigned int, 2, false>(at::cuda::detail::TensorInfo<c10::BFloat16 const, unsigned int>, unsigned int, unsigned int, bool, unsigned int, unsigned int, at::cuda::detail::TensorInfo<c10::BFloat16, unsigned int>, unsigned int, at::cuda::detail::TensorInfo<long, unsigned int>, unsigned int, c10::BFloat16*)",19888925780.107502,21301373905.0572
h200,NVIDIA H200,32768,32,1,fp32,1048576,0.04076608180999756,0.04029941000000001,"void at::native::sbtopk::gatherTopK<float, unsigned int, 2, false>(at::cuda::detail::TensorInfo<float const, unsigned int>, unsigned int, unsigned int, bool, unsigned int, unsigned int, at::cuda::detail::TensorInfo<float, unsigned int>, unsigned int, at::cuda::detail::TensorInfo<long, unsigned int>, unsigned int, float*)",25721775393.75013,26019636515.770325
h200,NVIDIA H200,32768,32,1,bf16,1048576,0.04113088130950928,0.04071956000000002,"void at::native::sbtopk::gatherTopK<c10::BFloat16, unsigned int, 2, false>(at::cuda::detail::TensorInfo<c10::BFloat16 const, unsigned int>, unsigned int, unsigned int, bool, unsigned int, unsigned int, at::cuda::detail::TensorInfo<c10::BFloat16, unsigned int>, unsigned int, at::cuda::detail::TensorInfo<long, unsigned int>, unsigned int, c10::BFloat16*)",25493642893.51062,25751162340.653965
h200,NVIDIA H200,32768,32,2,fp32,1048576,0.07442304134368896,0.04913870000000001,"void at::native::sbtopk::gatherTopK<float, unsigned int, 2, false>(at::cuda::detail::TensorInfo<float const, unsigned int>, unsigned int, unsigned int, bool, unsigned int, unsigned int, at::cuda::detail::TensorInfo<float, unsigned int>, unsigned int, at::cuda::detail::TensorInfo<long, unsigned int>, unsigned int, float*)",14089400017.363289,21339107465.195454
h200,NVIDIA H200,32768,32,2,bf16,1048576,0.07674047946929932,0.04944334000000001,"void at::native::sbtopk::gatherTopK<c10::BFloat16, unsigned int, 2, false>(at::cuda::detail::TensorInfo<c10::BFloat16 const, unsigned int>, unsigned int, unsigned int, bool, unsigned int, unsigned int, at::cuda::detail::TensorInfo<c10::BFloat16, unsigned int>, unsigned int, at::cuda::detail::TensorInfo<long, unsigned int>, unsigned int, c10::BFloat16*)",13663922968.05354,21207628772.65168
h200,NVIDIA H200,32768,32,3,fp32,1048576,0.07579552173614502,0.05043625000000008,"void at::native::sbtopk::gatherTopK<float, unsigned int, 2, false>(at::cuda::detail::TensorInfo<float const, unsigned int>, unsigned int, unsigned int, bool, unsigned int, unsigned int, at::cuda::detail::TensorInfo<float, unsigned int>, unsigned int, at::cuda::detail::TensorInfo<long, unsigned int>, unsigned int, float*)",13834273793.249184,20790126149.346916
h200,NVIDIA H200,32768,32,3,bf16,1048576,0.07738207817077637,0.05004784000000001,"void at::native::sbtopk::gatherTopK<c10::BFloat16, unsigned int, 2, false>(at::cuda::detail::TensorInfo<c10::BFloat16 const, unsigned int>, unsigned int, unsigned int, bool, unsigned int, unsigned int, at::cuda::detail::TensorInfo<c10::BFloat16, unsigned int>, unsigned int, at::cuda::detail::TensorInfo<long, unsigned int>, unsigned int, c10::BFloat16*)",13550631164.051609,20951473630.030785
h200,NVIDIA H200,32768,32,4,fp32,1048576,0.07631743907928466,0.05088265999999998,"void at::native::sbtopk::gatherTopK<float, unsigned int, 2, false>(at::cuda::detail::TensorInfo<float const, unsigned int>, unsigned int, unsigned int, bool, unsigned int, unsigned int, at::cuda::detail::TensorInfo<float, unsigned int>, unsigned int, at::cuda::detail::TensorInfo<long, unsigned int>, unsigned int, float*)",13739664389.297123,20607727662.036545
h200,NVIDIA H200,32768,32,4,bf16,1048576,0.07787199974060059,0.05047725999999998,"void at::native::sbtopk::gatherTopK<c10::BFloat16, unsigned int, 2, false>(at::cuda::detail::TensorInfo<c10::BFloat16 const, unsigned int>, unsigned int, unsigned int, bool, unsigned int, unsigned int, at::cuda::detail::TensorInfo<c10::BFloat16, unsigned int>, unsigned int, at::cuda::detail::TensorInfo<long, unsigned int>, unsigned int, c10::BFloat16*)",13465379128.478931,20773235314.27816
h200,NVIDIA H200,32768,32,8,fp32,1048576,0.07593855857849122,0.05047793000000002,"void at::native::sbtopk::gatherTopK<float, unsigned int, 2, false>(at::cuda::detail::TensorInfo<float const, unsigned int>, unsigned int, unsigned int, bool, unsigned int, unsigned int, at::cuda::detail::TensorInfo<float, unsigned int>, unsigned int, at::cuda::detail::TensorInfo<long, unsigned int>, unsigned int, float*)",13808215742.15392,20772959588.477573
h200,NVIDIA H200,32768,32,8,bf16,1048576,0.0778326416015625,0.05035435000000001,"void at::native::sbtopk::gatherTopK<c10::BFloat16, unsigned int, 2, false>(at::cuda::detail::TensorInfo<c10::BFloat16 const, unsigned int>, unsigned int, unsigned int, bool, unsigned int, unsigned int, at::cuda::detail::TensorInfo<c10::BFloat16, unsigned int>, unsigned int, at::cuda::detail::TensorInfo<long, unsigned int>, unsigned int, c10::BFloat16*)",13472188254.483576,20823940732.032085
h200,NVIDIA H200,32768,64,1,fp32,2097152,0.07585440158843994,0.07575077,"void at::native::sbtopk::gatherTopK<float, unsigned int, 2, false>(at::cuda::detail::TensorInfo<float const, unsigned int>, unsigned int, unsigned int, bool, unsigned int, unsigned int, at::cuda::detail::TensorInfo<float, unsigned int>, unsigned int, at::cuda::detail::TensorInfo<long, unsigned int>, unsigned int, float*)",27647070652.253384,27684893500.092476
h200,NVIDIA H200,32768,64,1,bf16,2097152,0.07651711940765381,0.07650308999999998,"void at::native::sbtopk::gatherTopK<c10::BFloat16, unsigned int, 2, false>(at::cuda::detail::TensorInfo<c10::BFloat16 const, unsigned int>, unsigned int, unsigned int, bool, unsigned int, unsigned int, at::cuda::detail::TensorInfo<c10::BFloat16, unsigned int>, unsigned int, at::cuda::detail::TensorInfo<long, unsigned int>, unsigned int, c10::BFloat16*)",27407618272.025898,27412644378.155186
h200,NVIDIA H200,32768,64,2,fp32,2097152,0.11931167602539063,0.09437979999999992,"void at::native::sbtopk::gatherTopK<float, unsigned int, 2, false>(at::cuda::detail::TensorInfo<float const, unsigned int>, unsigned int, unsigned int, bool, unsigned int, unsigned int, at::cuda::detail::TensorInfo<float, unsigned int>, unsigned int, at::cuda::detail::TensorInfo<long, unsigned int>, unsigned int, float*)",17577089433.84306,22220347998.19455
h200,NVIDIA H200,32768,64,2,bf16,2097152,0.12167136192321777,0.09462688,"void at::native::sbtopk::gatherTopK<c10::BFloat16, unsigned int, 2, false>(at::cuda::detail::TensorInfo<c10::BFloat16 const, unsigned int>, unsigned int, unsigned int, bool, unsigned int, unsigned int, at::cuda::detail::TensorInfo<c10::BFloat16, unsigned int>, unsigned int, at::cuda::detail::TensorInfo<long, unsigned int>, unsigned int, c10::BFloat16*)",17236200588.626877,22162328505.388744
h200,NVIDIA H200,32768,64,3,fp32,2097152,0.12020832061767578,0.09512373000000003,"void at::native::sbtopk::gatherTopK<float, unsigned int, 2, false>(at::cuda::detail::TensorInfo<float const, unsigned int>, unsigned int, unsigned int, bool, unsigned int, unsigned int, at::cuda::detail::TensorInfo<float, unsigned int>, unsigned int, at::cuda::detail::TensorInfo<long, unsigned int>, unsigned int, float*)",17445980354.970776,22046570293.238075
h200,NVIDIA H200,32768,64,3,bf16,2097152,0.12231040000915527,0.09530138,"void at::native::sbtopk::gatherTopK<c10::BFloat16, unsigned int, 2, false>(at::cuda::detail::TensorInfo<c10::BFloat16 const, unsigned int>, unsigned int, unsigned int, bool, unsigned int, unsigned int, at::cuda::detail::TensorInfo<c10::BFloat16, unsigned int>, unsigned int, at::cuda::detail::TensorInfo<long, unsigned int>, unsigned int, c10::BFloat16*)",17146146197.240974,22005473582.858925
h200,NVIDIA H200,32768,64,4,fp32,2097152,0.1207481575012207,0.09570137000000005,"void at::native::sbtopk::gatherTopK<float, unsigned int, 2, false>(at::cuda::detail::TensorInfo<float const, unsigned int>, unsigned int, unsigned int, bool, unsigned int, unsigned int, at::cuda::detail::TensorInfo<float, unsigned int>, unsigned int, at::cuda::detail::TensorInfo<long, unsigned int>, unsigned int, float*)",17367983440.8968,21913500297.853615
h200,NVIDIA H200,32768,64,4,bf16,2097152,0.12311200141906738,0.09607197999999999,"void at::native::sbtopk::gatherTopK<c10::BFloat16, unsigned int, 2, false>(at::cuda::detail::TensorInfo<c10::BFloat16 const, unsigned int>, unsigned int, unsigned int, bool, unsigned int, unsigned int, at::cuda::detail::TensorInfo<c10::BFloat16, unsigned int>, unsigned int, at::cuda::detail::TensorInfo<long, unsigned int>, unsigned int, c10::BFloat16*)",17034504969.677122,21828966156.417305
h200,NVIDIA H200,32768,64,8,fp32,2097152,0.12386303901672363,0.09874943000000001,"void at::native::sbtopk::gatherTopK<float, unsigned int, 2, false>(at::cuda::detail::TensorInfo<float const, unsigned int>, unsigned int, unsigned int, bool, unsigned int, unsigned int, at::cuda::detail::TensorInfo<float, unsigned int>, unsigned int, at::cuda::detail::TensorInfo<long, unsigned int>, unsigned int, float*)",16931217065.623981,21237104862.276165
h200,NVIDIA H200,32768,64,8,bf16,2097152,0.1257910442352295,0.09855512999999999,"void at::native::sbtopk::gatherTopK<c10::BFloat16, unsigned int, 2, false>(at::cuda::detail::TensorInfo<c10::BFloat16 const, unsigned int>, unsigned int, unsigned int, bool, unsigned int, unsigned int, at::cuda::detail::TensorInfo<c10::BFloat16, unsigned int>, unsigned int, at::cuda::detail::TensorInfo<long, unsigned int>, unsigned int, c10::BFloat16*)",16671711509.750423,21278973504.4741
h200,NVIDIA H200,32768,128,1,fp32,4194304,0.1601148796081543,0.16104749000000002,"void at::native::sbtopk::gatherTopK<float, unsigned int, 2, false>(at::cuda::detail::TensorInfo<float const, unsigned int>, unsigned int, unsigned int, bool, unsigned int, unsigned int, at::cuda::detail::TensorInfo<float, unsigned int>, unsigned int, at::cuda::detail::TensorInfo<long, unsigned int>, unsigned int, float*)",26195591629.364056,26043895499.39586
h200,NVIDIA H200,32768,128,1,bf16,4194304,0.1630316734313965,0.16393182999999997,"void at::native::sbtopk::gatherTopK<c10::BFloat16, unsigned int, 2, false>(at::cuda::detail::TensorInfo<c10::BFloat16 const, unsigned int>, unsigned int, unsigned int, bool, unsigned int, unsigned int, at::cuda::detail::TensorInfo<c10::BFloat16, unsigned int>, unsigned int, at::cuda::detail::TensorInfo<long, unsigned int>, unsigned int, c10::BFloat16*)",25726927238.865383,25585659600.09109
h200,NVIDIA H200,32768,128,2,fp32,4194304,0.2116214370727539,0.1876310100000002,"void at::native::sbtopk::gatherTopK<float, unsigned int, 2, false>(at::cuda::detail::TensorInfo<float const, unsigned int>, unsigned int, unsigned int, bool, unsigned int, unsigned int, at::cuda::detail::TensorInfo<float, unsigned int>, unsigned int, at::cuda::detail::TensorInfo<long, unsigned int>, unsigned int, float*)",19819844615.07096,22354002144.954586
h200,NVIDIA H200,32768,128,2,bf16,4194304,0.21473119735717774,0.1887231,"void at::native::sbtopk::gatherTopK<c10::BFloat16, unsigned int, 2, false>(at::cuda::detail::TensorInfo<c10::BFloat16 const, unsigned int>, unsigned int, unsigned int, bool, unsigned int, unsigned int, at::cuda::detail::TensorInfo<c10::BFloat16, unsigned int>, unsigned int, at::cuda::detail::TensorInfo<long, unsigned int>, unsigned int, c10::BFloat16*)",19532811494.6582,22224645525.640476
h200,NVIDIA H200,32768,128,3,fp32,4194304,0.213939208984375,0.18977242,"void at::native::sbtopk::gatherTopK<float, unsigned int, 2, false>(at::cuda::detail::TensorInfo<float const, unsigned int>, unsigned int, unsigned int, bool, unsigned int, unsigned int, at::cuda::detail::TensorInfo<float, unsigned int>, unsigned int, at::cuda::detail::TensorInfo<long, unsigned int>, unsigned int, float*)",19605120631.750725,22101757462.965378
h200,NVIDIA H200,32768,128,3,bf16,4194304,0.21676448822021485,0.19059703999999983,"void at::native::sbtopk::gatherTopK<c10::BFloat16, unsigned int, 2, false>(at::cuda::detail::TensorInfo<c10::BFloat16 const, unsigned int>, unsigned int, unsigned int, bool, unsigned int, unsigned int, at::cuda::detail::TensorInfo<c10::BFloat16, unsigned int>, unsigned int, at::cuda::detail::TensorInfo<long, unsigned int>, unsigned int, c10::BFloat16*)",19349590121.694347,22006133988.229847
h200,NVIDIA H200,32768,128,4,fp32,4194304,0.21332735061645508,0.18922586000000005,"void at::native::sbtopk::gatherTopK<float, unsigned int, 2, false>(at::cuda::detail::TensorInfo<float const, unsigned int>, unsigned int, unsigned int, bool, unsigned int, unsigned int, at::cuda::detail::TensorInfo<float, unsigned int>, unsigned int, at::cuda::detail::TensorInfo<long, unsigned int>, unsigned int, float*)",19661351382.650467,22165596182.255424
h200,NVIDIA H200,32768,128,4,bf16,4194304,0.21626720428466797,0.19011932000000006,"void at::native::sbtopk::gatherTopK<c10::BFloat16, unsigned int, 2, false>(at::cuda::detail::TensorInfo<c10::BFloat16 const, unsigned int>, unsigned int, unsigned int, bool, unsigned int, unsigned int, at::cuda::detail::TensorInfo<c10::BFloat16, unsigned int>, unsigned int, at::cuda::detail::TensorInfo<long, unsigned int>, unsigned int, c10::BFloat16*)",19394082491.024048,22061429632.71696
h200,NVIDIA H200,32768,128,8,fp32,4194304,0.21647167205810547,0.19229181000000012,"void at::native::sbtopk::gatherTopK<float, unsigned int, 2, false>(at::cuda::detail::TensorInfo<float const, unsigned int>, unsigned int, unsigned int, bool, unsigned int, unsigned int, at::cuda::detail::TensorInfo<float, unsigned int>, unsigned int, at::cuda::detail::TensorInfo<long, unsigned int>, unsigned int, float*)",19375763859.181362,21812182224.505543
h200,NVIDIA H200,32768,128,8,bf16,4194304,0.21810304641723632,0.19175193999999984,"void at::native::sbtopk::gatherTopK<c10::BFloat16, unsigned int, 2, false>(at::cuda::detail::TensorInfo<c10::BFloat16 const, unsigned int>, unsigned int, unsigned int, bool, unsigned int, unsigned int, at::cuda::detail::TensorInfo<c10::BFloat16, unsigned int>, unsigned int, at::cuda::detail::TensorInfo<long, unsigned int>, unsigned int, c10::BFloat16*)",19230836381.69912,21873593560.513668
h200,NVIDIA H200,32768,256,1,fp32,8388608,0.34249153137207033,0.3452204100000001,"void at::native::sbtopk::gatherTopK<float, unsigned int, 2, false>(at::cuda::detail::TensorInfo<float const, unsigned int>, unsigned int, unsigned int, bool, unsigned int, unsigned int, at::cuda::detail::TensorInfo<float, unsigned int>, unsigned int, at::cuda::detail::TensorInfo<long, unsigned int>, unsigned int, float*)",24492891740.69219,24299281725.550346
h200,NVIDIA H200,32768,256,1,bf16,8388608,0.3458572769165039,0.3491628499999999,"void at::native::sbtopk::gatherTopK<c10::BFloat16, unsigned int, 2, false>(at::cuda::detail::TensorInfo<c10::BFloat16 const, unsigned int>, unsigned int, unsigned int, bool, unsigned int, unsigned int, at::cuda::detail::TensorInfo<c10::BFloat16, unsigned int>, unsigned int, at::cuda::detail::TensorInfo<long, unsigned int>, unsigned int, c10::BFloat16*)",24254536653.930687,24024915594.542778
h200,NVIDIA H200,32768,256,2,fp32,8388608,0.40334846496582033,0.3804677299999997,"void at::native::sbtopk::gatherTopK<float, unsigned int, 2, false>(at::cuda::detail::TensorInfo<float const, unsigned int>, unsigned int, unsigned int, bool, unsigned int, unsigned int, at::cuda::detail::TensorInfo<float, unsigned int>, unsigned int, at::cuda::detail::TensorInfo<long, unsigned int>, unsigned int, float*)",20797421407.59318,22048145844.06411
h200,NVIDIA H200,32768,256,2,bf16,8388608,0.40627006530761717,0.3826632899999997,"void at::native::sbtopk::gatherTopK<c10::BFloat16, unsigned int, 2, false>(at::cuda::detail::TensorInfo<c10::BFloat16 const, unsigned int>, unsigned int, unsigned int, bool, unsigned int, unsigned int, at::cuda::detail::TensorInfo<c10::BFloat16, unsigned int>, unsigned int, at::cuda::detail::TensorInfo<long, unsigned int>, unsigned int, c10::BFloat16*)",20647861401.37685,21921642914.8456
h200,NVIDIA H200,32768,256,3,fp32,8388608,0.41551616668701175,0.39244727,"void at::native::sbtopk::gatherTopK<float, unsigned int, 2, false>(at::cuda::detail::TensorInfo<float const, unsigned int>, unsigned int, unsigned int, bool, unsigned int, unsigned int, at::cuda::detail::TensorInfo<float, unsigned int>, unsigned int, at::cuda::detail::TensorInfo<long, unsigned int>, unsigned int, float*)",20188403418.533493,21375121299.735374
h200,NVIDIA H200,32768,256,3,bf16,8388608,0.41659137725830075,0.3928071600000004,"void at::native::sbtopk::gatherTopK<c10::BFloat16, unsigned int, 2, false>(at::cuda::detail::TensorInfo<c10::BFloat16 const, unsigned int>, unsigned int, unsigned int, bool, unsigned int, unsigned int, at::cuda::detail::TensorInfo<c10::BFloat16, unsigned int>, unsigned int, at::cuda::detail::TensorInfo<long, unsigned int>, unsigned int, c10::BFloat16*)",20136297719.860817,21355537409.246796
h200,NVIDIA H200,32768,256,4,fp32,8388608,0.42155582427978516,0.39846960000000003,"void at::native::sbtopk::gatherTopK<float, unsigned int, 2, false>(at::cuda::detail::TensorInfo<float const, unsigned int>, unsigned int, unsigned int, bool, unsigned int, unsigned int, at::cuda::detail::TensorInfo<float, unsigned int>, unsigned int, at::cuda::detail::TensorInfo<long, unsigned int>, unsigned int, float*)",19899162855.433613,21052065201.46079
h200,NVIDIA H200,32768,256,4,bf16,8388608,0.42064800262451174,0.39683828000000027,"void at::native::sbtopk::gatherTopK<c10::BFloat16, unsigned int, 2, false>(at::cuda::detail::TensorInfo<c10::BFloat16 const, unsigned int>, unsigned int, unsigned int, bool, unsigned int, unsigned int, at::cuda::detail::TensorInfo<c10::BFloat16, unsigned int>, unsigned int, at::cuda::detail::TensorInfo<long, unsigned int>, unsigned int, c10::BFloat16*)",19942108241.716835,21138605882.476845
h200,NVIDIA H200,32768,256,8,fp32,8388608,0.41453086853027343,0.39153748999999993,"void at::native::sbtopk::gatherTopK<float, unsigned int, 2, false>(at::cuda::detail::TensorInfo<float const, unsigned int>, unsigned int, unsigned int, bool, unsigned int, unsigned int, at::cuda::detail::TensorInfo<float, unsigned int>, unsigned int, at::cuda::detail::TensorInfo<long, unsigned int>, unsigned int, float*)",20236389221.72903,21424788722.019955
h200,NVIDIA H200,32768,256,8,bf16,8388608,0.4124867248535156,0.38870516000000027,"void at::native::sbtopk::gatherTopK<c10::BFloat16, unsigned int, 2, false>(at::cuda::detail::TensorInfo<c10::BFloat16 const, unsigned int>, unsigned int, unsigned int, bool, unsigned int, unsigned int, at::cuda::detail::TensorInfo<c10::BFloat16, unsigned int>, unsigned int, at::cuda::detail::TensorInfo<long, unsigned int>, unsigned int, c10::BFloat16*)",20336673872.302204,21580902090.41731
